1420658
1421064
1421389
1422538
1423106
1424320
1424930
1426130
1426782
1428317
1428788
1429313
1429795
1430361
1430972
1432178
1432741
1433307
1433375
1433544
1433853
1434285
1435295
1435557
1435988
1436348
1436763
1437004
1437062
1437177
1437250
1437253
1437255
1437257
1437275
1437301
1437439
1437521
1437583
1437584
1437587
1437589
1437629
1437641
1437645
1437652
1437669
1437675
1437696
1437698
1437761
1437763
1437817
1437821
1437829
1437830
1437839
1437919
1437920
1437935
1439986
1440151
1440190
1440207
1441265
1441267
1441272
1441273
1441275
1441276
1442376
1442378
1442380
1442382
1442384
1442386
1442428
1442430
1442432
1442472
1442585
1442596
1442675
1442788
1443295
1443551
1444069
1444071
1444316
1445007
1446023
1446844
1447011
1447226
1447279
1447281
1447291
1447293
1447295
1447301
1447318
1447319
1447325
1447327
1447399
1447548
1447699
1447842
1447958
1447959
1447976
1447978
1448016
1448024
1448026
1448034
1448047
1448334
1448671
1448889
1448894
1448922
1448964
1448969
1448974
1448978
1448987
1448989
1449013
1449015
1449030
1449031
1449124
1449126
1449128
1449221
1449222
1449226
1449237
1449433
1449567
1449636
1449764
1450019
1450128
1450344
1450470
1450616
1450728
1450757
1451179
1451279
1451288
1451666
1451689
1452404
1453065
1454124
1454200
1454816
1455037
1455207
1455370
1455458
1455542
1455590
1455654
1455668
1455715
1455762
1455885
1455997
1455998
1456000
1456002
1456004
1456006
1456008
1456010
1456015
1456016
1456018
1456020
1456022
1456024
1456026
1456027
1456030
1456034
1456036
1456038
1456040
1456042
1456043
1456055
1456057
1456059
1456061
1456063
1456064
1456083
1456096
1456100
1456101
1456103
1456105
1456109
1456111
1456113
1456122
1456164
1456306
1456318
1456319
1456321
1456323
1456325
1456327
1456329
1456331
1456339
1456341
1456348
1456368
1456375
1456387
1456400
1456407
1456449
1456503
1456670
1456841
1456913
1456996
1457002
1457128
1457132
1457328
1457360
1457369
1457398
1457501
1457580
1457588
1458363
1458818
1459212
1461251
1462413
1463484
1464620
1465779
1466938
1468057
1469150
1470226
1471224
1472212
1473170
1474045
1474984
1475570
1476065
1476549
1477330
1477706
1479038
1479413
1480296
1481210
1481683
1482172
1482740
1483260
1484149
1485244
1485969
1486203
1486237
1486245
1486252
1486287
1486291
1486293
1486296
1486298
1486343
1486657
1487503
1487790
1488053
1488746
1489824
1489892
1490415
1491954
1492725
1493066
1494003
1495555
1495785
1496250
1497029
1497528
1498040
1498686
1499252
1499740
1500175
1500483
1500484
1500495
1500497
1500503
1500553
1500555
1500557
1500691
1500737
1501174
1501226
1501749
1502079
1502512
1502732
1503290
1503848
1504203
1504382
1504839
1506094
1506258
1506899
1507216
1507802
1509171
1511641
1511915
1512693
1513422
1514004
1514687
1515260
1515794
1516442
1517068
1517722
1518334
1518976
1519448
1520056
1520500
1521308
1523413
1524416
1525012
1525215
1525535
1525744
1526204
1526412
1526647
1527113
1527631
1528154
1528292
1528436
1529664
1530045
1530590
1531109
1531459
1532437
1532917
1533453
1533873
1534159
1534684
1536717
1537406
1537879
1539324
1539888
1540367
1540573
1541082
1541621
1542278
1542846
1543235
1543620
1543651
1543666
1543674
1543696
1543711
1543746
1543748
1543760
1543761
1543762
1543842
1543989
1543991
1544005
1544006
1544201
1544423
1544850
1545223
1545639
1546648
1547269
1547442
1547471
1547479
1547488
1547496
1547521
1547670
1547684
1547694
1547695
1547707
1547708
1547709
1547721
1547739
1547744
1547746
1547748
1547750
1547825
1548168
1548683
1549077
1549170
1549189
1549212
1549217
1549227
1549272
1549282
1549290
1549291
1549327
1549329
1549331
1549332
1549334
1549341
1549342
1549396
1549682
1549962
1550108
1551586
1553783
1554563
1554582
1554622
1554640
1554650
1554652
1554653
1554655
1554662
1554664
1554669
1554670
1554691
1554756
1554757
1554773
1554775
1554796
1555321
1555722
1555738
1555760
1555796
1556110
1556112
1556114
1556125
1556126
1556127
1556140
1556141
1556159
1556161
1556180
1556340
1557217
1557237
1557271
1557272
1557422
1557743
1557745
1557747
1557774
1557775
1557776
1557777
1557786
1557792
1557794
1557805
1558521
1559632
1560716
1561871
1561879
1561886
1561887
1561895
1561920
1561922
1561924
1561925
1561927
1561928
1561930
1561932
1561934
1562246
1564386
1565429
1566553
1566639
1566702
1566740
1566741
1566754
1566825
1566827
1566892
1566893
1566894
1566895
1566921
1566923
1567121
1567682
1568829
1569983
1570064
1570065
1570092
1570116
1570118
1570186
1570188
1570230
1570971
1573177
1573258
1573275
1573369
1573371
1573400
1573401
1573402
1573403
1573405
1573427
1573429
1573458
1574153
1575125
1575550
1575586
1575595
1575773
1575774
1575915
1575916
1575920
1575921
1576057
1576234
1576235
1576236
1576257
1577215
1577216
1577306
1577307
1577308
1577309
1577798
1578170
1578193
1578194
1578691
1578701
1578702
1578703
1578704
1578705
1579607
1580204
1580205
1580452
1580453
1580454
1580455
1580479
1580549
1581540
1583747
1583758
1584005
1584068
1584412
1584756
1585016
1585045
1585569
1585617
1585636
1585637
1585693
1585694
1585718
1585719
1585731
1585732
1585850
1585851
1586044
1586398
1586399
1586427
1586428
1586576
1586577
1586840
1586841
1586843
1586905
1586940
1586941
1586983
1587102
1587103
1587207
1588023
1589835
1591499
1592261
1592535
1592536
1592554
1592556
1592590
1592591
1592592
1592605
1592607
1592609
1592632
1592633
1592634
1592635
1592651
1592710
1592938
1592940
1592961
1592977
1592978
1592987
1593037
1593039
1593058
1593059
1593060
1593069
1593144
1593146
1593148
1593180
1593324
1593326
1593328
1593330
1593332
1593334
1593336
1593338
1593339
1593340
1593341
1593342
1593349
1593350
1593351
1593356
1593358
1593360
1593362
1593364
1593366
1593368
1593370
1593372
1593373
1593374
1593375
1593377
1593379
1593381
1593383
1593390
1593393
1593846
1593991
1594012
1594014
1594016
1594018
1594020
1594022
1594024
1594026
1594031
1594032
1594033
1594034
1594035
1594036
1594037
1594038
1594039
1594040
1594041
1594042
1594043
1594053
1594054
1594055
1595684
1596566
1597267
1597290
1597356
1597430
1597529
1598098
1599163
1599219
1599301
1599315
1599395
1599441
1599559
1600986
1601623
1602283
1603052
1605316
1606127
1606988
1607956
1610082
1610972
1612581
1613369
1615579
1617324
1618089
1618408
1618735
1618879
1618916
1619064
1619230
1619365
1619510
1619926
1620878
1622031
1622899
1623685
1624057
1624075
1624088
1624089
1624216
1624218
1624220
1624243
1624244
1624322
1624329
1624331
1625079
1626861
1627579
1627633
1627635
1627653
1627654
1627666
1628294
1628831
1629445
1629917
1630084
1630140
1630201
1632013
1638622
1638700
1638800
1639928
1642195
1643336
1644269
1644761
1645900
1648258
1650892
1651751
1653051
1656622
1658875
1661349
1665198
1665235
1666236
1666383
1668860
1669063
1669504
1670172
1670325
1671412
1672731
1675241
1676520
1677823
1678038
1679223
1680624
1682802
1682805
1682808
1683385
1684718
1685124
1685126
1685143
1685154
1685876
1686019
1687096
1688349
1689568
1690456
1690836
1690972
1692122
1693309
1694368
1695254
1695763
1696649
1697576
1698386
1698937
1699546
1699696
1699709
1699738
1699834
1700264
1700802
1703148
1703458
1703467
1703481
1703513
1703529
1703559
1703579
1703580
1703605
1703606
1703607
1703608
1703621
1703623
1703625
1703654
1703655
1703656
1703692
1703696
1703709
1703710
1703711
1703731
1703736
1703738
1703757
1703867
1703869
1703871
1704363
1704364
1704488
1704490
1704492
1704494
1704496
1704498
1704499
1704500
1704512
1704513
1704514
1704515
1704693
1704695
1704697
1704699
1704701
1704703
1704705
1704707
1704708
1704740
1704741
1704742
1704865
1705214
1705216
1705218
1705220
1705222
1705224
1705226
1705233
1705255
1705256
1705257
1705258
1705334
1705335
1705336
1705337
1705338
1705339
1705340
1705341
1705357
1705359
1705361
1705363
1705381
1705382
1705383
1705404
1705455
1705500
1705501
1705502
1705503
1705504
1705527
1705529
1705543
1705544
1705693
1705695
1705697
1705698
1705700
1705704
1705706
1705730
1705734
1705739
1705741
1705745
1705747
1705749
1705751
1705753
1705755
1705757
1705759
1705761
1705763
1705765
1705767
1705770
1705772
1705774
1705776
1705778
1705780
1705782
1705784
1705786
1705787
1705788
1705789
1705790
1705791
1705792
1705793
1705794
1706096
1706097
1706098
1706099
1706110
1706111
1706112
1706113
1706114
1706115
1706116
1706117
1706118
1706119
1706120
1706121
1706122
1706145
1706147
1706149
1706215
1706217
1706218
1706222
1706224
1706226
1706228
1706234
1706236
1706238
1706240
1706241
1706258
1706259
1706658
1707181
1707197
1707198
1707200
1707202
1707214
1707216
1707218
1707220
1707463
1707777
1708053
1708604
1709620
1710752
1711895
1713107
1714419
1715643
1716936
1717292
1717293
1717307
1717309
1717461
1718123
1719292
1720160
1720203
1720276
1720356
1720502
1721546
1722789
1723969
1725037
1726330
1727525
1728848
1729663
1729664
1729675
1729692
1729705
1729707
1729727
1729729
1729953
1729969
1729998
1729999
1730023
1730077
1730079
1730108
1730109
1730171
1730172
1730174
1730337
1730363
1730529
1730531
1730533
1730534
1730535
1730536
1730537
1730538
1730539
1730541
1730542
1730543
1730544
1730545
1731405
1731406
1731417
1731519
1731590
1731592
1731594
1731596
1731607
1731611
1731622
1731640
1731644
1731673
1731702
1731704
1731708
1731709
1731721
1731722
1731742
1731746
1731747
1731769
1731786
1731788
1731797
1731798
1731813
1731824
1731825
1731876
1731902
1731970
1731972
1732748
1733121
1733122
1733142
1733144
1733146
1733148
1733169
1733170
1733184
1733185
1733221
1733222
1733244
1733246
1733331
1733333
1733335
1733337
1733369
1733370
1733379
1733380
1733560
1733561
1733583
1733587
1733597
1733598
1733607
1733609
1733628
1733630
1734070
1736555
1737828
1740401
1741583
1741967
1741968
1741985
1741987
1742848
1742852
1742856
1742859
1742862
1742879
1743035
1743037
1744167
1745357
1746801
1746843
1747197
1747200
1747203
1747222
1747357
1747360
1747363
1747380
1747410
1747425
1747426
1747429
1747430
1747462
1747517
1747519
1747624
1747625
1747628
1747629
1747632
1747633
1747639
1747640
1747643
1747644
1747647
1747648
1747679
1747698
1747701
1747704
1747707
1748010
1749354
1750628
1751926
1753242
1754258
1754275
1754327
1754328
1754350
1754415
1754417
1754438
1754439
1754567
1754725
1754727
1754743
1754745
1754756
1755376
1756181
1757006
1757849
1758492
1758496
1758503
1758556
1758558
1758896
1759172
1759390
1759406
1759416
1759428
1759447
1759477
1759479
1759483
1759487
1759493
1759497
1759499
1759503
1759523
1759536
1759546
1759548
1759552
1759571
1759573
1759577
1759579
1759583
1759587
1759589
1759593
1759609
1759615
1759620
1759628
1759633
1759656
1759658
1759675
1759676
1759695
1759696
1759706
1759714
1759785
1759860
1759877
1759879
1759898
1759910
1759912
1759913
1759927
1759953
1759955
1759957
1759959
1759961
1759962
1759964
1759965
1759966
1759968
1759970
1759972
1759974
1759976
1759978
1759980
1759982
1759984
1759986
1759987
1759988
1759989
1759990
1759994
1759997
1759999
1760001
1760003
1760005
1760007
1760009
1760011
1760133
1760135
1760137
1760139
1760141
1760143
1760145
1760147
1760149
1760151
1760153
1760155
1760157
1760158
1760159
1760160
1760167
1760169
1760171
1760173
1760175
1760177
1760179
1760181
1760183
1760185
1760187
1760189
1760190
1760191
1760192
1760193
1760194
1760203
1760204
1760208
1760210
1760212
1760214
1760216
1760218
1760220
1760222
1760224
1760226
1760228
1760229
1760230
1760233
1760234
1760236
1760238
1760240
1760241
1760242
1760243
1760245
1760251
1760253
1760255
1760257
1760259
1760261
1760263
1760265
1760267
1760269
1760271
1760273
1760275
1760277
1760280
1760281
1760282
1760283
1760284
1760285
1760287
1760288
1760289
1760290
1760292
1760293
1760294
1760295
1760296
1760298
1760300
1760302
1760304
1760306
1760308
1760310
1760312
1760314
1760316
1760318
1760320
1760322
1760324
1760325
1760326
1760327
1760328
1760330
1760332
1760334
1760336
1760338
1760340
1760342
1760344
1760345
1760346
1760347
1760348
1760350
1760351
1760352
1760353
1760354
1760357
1760358
1760359
1760360
1760362
1760363
1760364
1760365
1760366
1760368
1760369
1760370
1760371
1760372
1760374
1760375
1760376
1760377
1760378
1760380
1760381
1760382
1760383
1760384
1760386
1760387
1760388
1760389
1760390
1760392
1760393
1760394
1760395
1760396
1760398
1760400
1760401
1760402
1760403
1760404
1760405
1760406
1760407
1760408
1760409
1760410
1760411
1760412
1760413
1760414
1760415
1760416
1760417
1760418
1760419
1760420
1760421
1760422
1760428
1760429
1760431
1760432
1760433
1760434
1760435
1760437
1760438
1760439
1760440
1760441
1760443
1760444
1760445
1760446
1760447
1760449
1760450
1760451
1760452
1760453
1760460
1760469
1760470
1760471
1760472
1760473
1760474
1760475
1760476
1760477
1760478
1760555
1760556
1760557
1760558
1760559
1760561
1760562
1760563
1760564
1760565
1760567
1760568
1760569
1760570
1760571
1760573
1760574
1760575
1760576
1760578
1760579
1760580
1760581
1760582
1760584
1760585
1760586
1760587
1760588
1760590
1760591
1760592
1760593
1760594
1760596
1760597
1760598
1760599
1760600
1760602
1760603
1760604
1760605
1760606
1760608
1760609
1760610
1760612
1760613
1760615
1760616
1760617
1760618
1760619
1760623
1760624
1760625
1760626
1760627
1760629
1760630
1760631
1760632
1760634
1760635
1760646
1760647
1760648
1760649
1760650
1760651
1760652
1760653
1760654
1760655
1760656
1760657
1760658
1760659
1760660
1760661
1760662
1760663
1760664
1760665
1760724
1760725
1760726
1760727
1760728
1760730
1760731
1760732
1760733
1760734
1760736
1760737
1760738
1760739
1760740
1760742
1760743
1760744
1760745
1760746
1760748
1760749
1760750
1760751
1760752
1760753
1760754
1760775
1760778
1760779
1760780
1760781
1760782
1760784
1760785
1760786
1760787
1760788
1760790
1760791
1760792
1760793
1760814
1760815
1760816
1760817
1760818
1760819
1760820
1760821
1760822
1760824
1760826
1760827
1760828
1760829
1760830
1760832
1760833
1760834
1760835
1760836
1760838
1760839
1760840
1760841
1760842
1760844
1760845
1760846
1760847
1760848
1760850
1760851
1760852
1760853
1760854
1760864
1760865
1760866
1760867
1760874
1760875
1760876
1760877
1760879
1760880
1760881
1760882
1760883
1760885
1760886
1760887
1760888
1760889
1760891
1760892
1760893
1760894
1760895
1760897
1760898
1760899
1760900
1760901
1760910
1760911
1760912
1760913
1760914
1760916
1760917
1760918
1760919
1760920
1760922
1760923
1760924
1760925
1760926
1760928
1760929
1760930
1760931
1760940
1760941
1760942
1760943
1760944
1760945
1760946
1760947
1760948
1760949
1760950
1760951
1760952
1760953
1760954
1760955
1760956
1760957
1760976
1760977
1760978
1760979
1760980
1760982
1760983
1760984
1760985
1760986
1760988
1760989
1760990
1760991
1760992
1760994
1760995
1760996
1760997
1760998
1761037
1761038
1761039
1761040
1761041
1761043
1761044
1761045
1761046
1761047
1761049
1761050
1761051
1761052
1761053
1761055
1761056
1761057
1761058
1761059
1761063
1761064
1761065
1761066
1761067
1761068
1761069
1761070
1761071
1761072
1761073
1761074
1761075
1761076
1761077
1761078
1761079
1761080
1761081
1761091
1761092
1761093
1761094
1761095
1761097
1761098
1761099
1761100
1761101
1761103
1761104
1761105
1761106
1761107
1761109
1761110
1761111
1761112
1761113
1761117
1761118
1761119
1761120
1761122
1761123
1761124
1761125
1761126
1761128
1761129
1761130
1761131
1761132
1761134
1761135
1761136
1761137
1761138
1761140
1761141
1761142
1761143
1761144
1761153
1761154
1761155
1761156
1761157
1761159
1761160
1761161
1761162
1761163
1761165
1761166
1761168
1761180
1761181
1761182
1761183
1761184
1761185
1761186
1761187
1761188
1761189
1761190
1761202
1761203
1761204
1761205
1761224
1761225
1761226
1761227
1761371
1761372
1761373
1761374
1761375
1761377
1761378
1761379
1761380
1761381
1761383
1761384
1761385
1761386
1761387
1761389
1761390
1761391
1761392
1761393
1761414
1761415
1761416
1761417
1761418
1761419
1761420
1761422
1761423
1761424
1761425
1761426
1761428
1761429
1761430
1761431
1761432
1761434
1761435
1761436
1761437
1761438
1761440
1761441
1761442
1761443
1761444
1761446
1761447
1761448
1761449
1761450
1761452
1761453
1761454
1761455
1761456
1761458
1761459
1761460
1761461
1761462
1761464
1761465
1761466
1761467
1761468
1761470
1761471
1761472
1761473
1761474
1761476
1761477
1761478
1761479
1761480
1761493
1761495
1761496
1761497
1761498
1761499
1761501
1761502
1761503
1761504
1761505
1761507
1761508
1761509
1761510
1761511
1761513
1761514
1761515
1761516
1761517
1761519
1761520
1761521
1761522
1761523
1761524
1761525
1761527
1761528
1761529
1761530
1761531
1761532
1761541
1761542
1761543
1761544
1761545
1761547
1761548
1761549
1761550
1761551
1761553
1761554
1761555
1761556
1761557
1761559
1761560
1761561
1761562
1761563
1761576
1761577
1761578
1761579
1761580
1761582
1761583
1761584
1761585
1761586
1761588
1761589
1761590
1761591
1761592
1761594
1761595
1761596
1761606
1761608
1761609
1761610
1761611
1761612
1761613
1761614
1761615
1761616
1761617
1761618
1761619
1761620
1761621
1761634
1761635
1761636
1761637
1761638
1761640
1761641
1761642
1761643
1761644
1761646
1761647
1761648
1761649
1761650
1761652
1761653
1761654
1761655
1761656
1761658
1761659
1761660
1761661
1761662
1761663
1761665
1761669
1761670
1761671
1761672
1761673
1761675
1761676
1761677
1761678
1761679
1761681
1761682
1761683
1761684
1761685
1761687
1761688
1761689
1761690
1761691
1761693
1761694
1761695
1761696
1761697
1761699
1761700
1761701
1761702
1761703
1761705
1761706
1761707
1761708
1761709
1761711
1761712
1761714
1761727
1761728
1761729
1761730
1761731
1761732
1761733
1761734
1761735
1761736
1761805
1761806
1761807
1761808
1761810
1761811
1761812
1761813
1761814
1761816
1761817
1761818
1761819
1761820
1761822
1761823
1761824
1761825
1761826
1761828
1761829
1761830
1761831
1761833
1761834
1761835
1761836
1761837
1761839
1761840
1761841
1761842
1761843
1761845
1761846
1761847
1761848
1761849
1761851
1761852
1761853
1761854
1761855
1761860
1761861
1761862
1761864
1761865
1761866
1761873
1761874
1761875
1761876
1761878
1761879
1761880
1761881
1761882
1761884
1761885
1761886
1761887
1761888
1761890
1761891
1761892
1761893
1761900
1761901
1761902
1761903
1761904
1761906
1761907
1761908
1761909
1761910
1761912
1761913
1761915
1761916
1761917
1761918
1761919
1761920
1761921
1761922
1761935
1761936
1761937
1761938
1761939
1761941
1761942
1761943
1761944
1761945
1761947
1761948
1761949
1761950
1761951
1761953
1761954
1761955
1761956
1761957
1761977
1761978
1761979
1761980
1761981
1761982
1761983
1761993
1761994
1761995
1761996
1761997
1761999
1762000
1762001
1762002
1762003
1762005
1762006
1762007
1762008
1762010
1762011
1762012
1762013
1762014
1762017
1762018
1762019
1762020
1762021
1762023
1762024
1762025
1762026
1762027
1762029
1762030
1762031
1762032
1762033
1762062
1762063
1762064
1762065
1762066
1762068
1762070
1762071
1762072
1762073
1762074
1762075
1762076
1762077
1762078
1762079
1762080
1762081
1762087
1762089
1762180
1762181
1762182
1762183
1762184
1762186
1762187
1762188
1762189
1762190
1762192
1762193
1762194
1762195
1762196
1762198
1762199
1762200
1762201
1762202
1762204
1762205
1762206
1762207
1762208
1762210
1762211
1762212
1762213
1762214
1762216
1762217
1762218
1762219
1762220
1762222
1762223
1762224
1762225
1762226
1762233
1762234
1762235
1762236
1762237
1762239
1762240
1762241
1762242
1762243
1762245
1762246
1762247
1762248
1762257
1762258
1762259
1762260
1762261
1762263
1762264
1762265
1762266
1762267
1762269
1762270
1762271
1762272
1762273
1762275
1762276
1762277
1762278
1762279
1762285
1762286
1762287
1762288
1762289
1762291
1762292
1762293
1762294
1762295
1762297
1762298
1762299
1762300
1762301
1762303
1762304
1762305
1762306
1762307
1762308
1762309
1762310
1762311
1762335
1762336
1762337
1762338
1762339
1762341
1762342
1762343
1762344
1762345
1762347
1762348
1762349
1762350
1762351
1762353
1762354
1762355
1762356
1762357
1762368
1762369
1762370
1762371
1762372
1762373
1762374
1762375
1762376
1762377
1762379
1762380
1762381
1762382
1762383
1762385
1762386
1762387
1762388
1762389
1762391
1762392
1762393
1762394
1762395
1762397
1762398
1762399
1762400
1762401
1762403
1762404
1762405
1762406
1762407
1762409
1762410
1762411
1762412
1762413
1762415
1762416
1762417
1762418
1762419
1762421
1762422
1762423
1762424
1762425
1762427
1762428
1762429
1762430
1762450
1762451
1762452
1762453
1762454
1762455
1762456
1762457
1762458
1762460
1762461
1762462
1762463
1762464
1762466
1762467
1762468
1762469
1762470
1762472
1762473
1762474
1762475
1762476
1762484
1762485
1762486
1762487
1762488
1762489
1762490
1762491
1762492
1762493
1762495
1762505
1762506
1762507
1762508
1762509
1762511
1762512
1762513
1762514
1762515
1762517
1762518
1762519
1762520
1762521
1762523
1762524
1762525
1762526
1762528
1762529
1762530
1762531
1762532
1762534
1762535
1762536
1762537
1762538
1762540
1762541
1762542
1762544
1762545
1762546
1762547
1762548
1762550
1762561
1762562
1762563
1762564
1762565
1762567
1762568
1762569
1762570
1762571
1762573
1762574
1762575
1762576
1762577
1762579
1762580
1762581
1762582
1762583
1762585
1762586
1762587
1762588
1762590
1762591
1762592
1762593
1762594
1762596
1762597
1762598
1762599
1762600
1762602
1762603
1762604
1762605
1762606
1762609
1762610
1762611
1762612
1762613
1762614
1762615
1762616
1762743
1762744
1762745
1762746
1762747
1762748
1762749
1762750
1762751
1762752
1762857
1762959
1762960
1762961
1762962
1762963
1762965
1762966
1762967
1762968
1762969
1762971
1762972
1762973
1762976
1762977
1762978
1762979
1762980
1762981
1762982
1762983
1762984
1762985
1762986
1762987
1762988
1763270
1763271
1763272
1763273
1763274
1763275
1763276
1763277
1763278
1763279
1763280
1763281
1763282
1763283
1763284
1763286
1763287
1763288
1763289
1763290
1763291
1763292
1763293
1763294
1763295
1763296
1763297
1763298
1763306
1763307
1763308
1763309
1763310
1763311
1763312
1763313
1763314
1763315
1763316
1763328
1763329
1763330
1763331
1763332
1763334
1763335
1763336
1763337
1763338
1763340
1763341
1763342
1763343
1763344
1763346
1763347
1763348
1763349
1763350
1763369
1763370
1763371
1763372
1763373
1763374
1763375
1763377
1763378
1763379
1763380
1763381
1763383
1763384
1763385
1763386
1763387
1763389
1763390
1763391
1763392
1763393
1763395
1763396
1763397
1763398
1763399
1763404
1763405
1763406
1763407
1763408
1763411
1763412
1763413
1763414
1763415
1763417
1763418
1763419
1763420
1763421
1763423
1763424
1763425
1763426
1763428
1763429
1763430
1763431
1763432
1763475
1763476
1763477
1763478
1763479
1763481
1763482
1763483
1763484
1763485
1763487
1763488
1763489
1763490
1763491
1763493
1763494
1763495
1763496
1763497
1763499
1763500
1763501
1763502
1763503
1763505
1763506
1763507
1763508
1763509
1763511
1763512
1763513
1763514
1763515
1763522
1763523
1763524
1763525
1763526
1763527
1763528
1763529
1763530
1763531
1763532
1763533
1763534
1763535
1763536
1763538
1763539
1763540
1763541
1763542
1763544
1763545
1763546
1763547
1763548
1763550
1763551
1763552
1763553
1763554
1763556
1763557
1763558
1763559
1763560
1763562
1763563
1763564
1763565
1763580
1763581
1763582
1763583
1763584
1763586
1763587
1763588
1763589
1763590
1763592
1763593
1763594
1763595
1763596
1763598
1763599
1763600
1763601
1763602
1763607
1763608
1763609
1763610
1763611
1763613
1763614
1763615
1763616
1763617
1763619
1763620
1763621
1763622
1763623
1763625
1763626
1763627
1763628
1763629
1763631
1763633
1763672
1763673
1763674
1763675
1763676
1763677
1763678
1763679
1763697
1763725
1763726
1763727
1763728
1763729
1763731
1763732
1763733
1763734
1763735
1763737
1763738
1763739
1763740
1763741
1763751
1763752
1763753
1763754
1763757
1763758
1763759
1763760
1763761
1763763
1763764
1763765
1763766
1763767
1763769
1763770
1763771
1763772
1763773
1763775
1763776
1763777
1763778
1763782
1763783
1763784
1763785
1763786
1763787
1763788
1763789
1763793
1763794
1763795
1763796
1763797
1763799
1763800
1763801
1763802
1763803
1763805
1763806
1763807
1763808
1763809
1763811
1763812
1763813
1763814
1763815
1763817
1763818
1763819
1763820
1763821
1763822
1763824
1763826
1763827
1763828
1763829
1763830
1763838
1763839
1763840
1763841
1763842
1763844
1763845
1763846
1763847
1763848
1763849
1763851
1763852
1763853
1763854
1763855
1763857
1763858
1763859
1763860
1763861
1763863
1763864
1763865
1763866
1763867
1763869
1763870
1763871
1763872
1763873
1763875
1763876
1763877
1763878
1763879
1763880
1763881
1763882
1763883
1763884
1763885
1763886
1763890
1763891
1763892
1763893
1763894
1763895
1763896
1763897
1763898
1763899
1763900
1763901
1763903
1763904
1763905
1763906
1763907
1763909
1763910
1763911
1763912
1763913
1763915
1763916
1763917
1763918
1763919
1763921
1763922
1763923
1763924
1763927
1763928
1763929
1763930
1763931
1763933
1763934
1763935
1763936
1763937
1763939
1763940
1763941
1763942
1763943
1763945
1763946
1763947
1763948
1763949
1763951
1763952
1763953
1763954
1763955
1763956
1763957
1763958
1763959
1763960
1763961
1763962
1763969
1763970
1763971
1763972
1763973
1763975
1763976
1763977
1763978
1763979
1763981
1763982
1763983
1763984
1763985
1763987
1763988
1763989
1763990
1763991
1763993
1763994
1763995
1763996
1764034
1764035
1764037
1764038
1764039
1764040
1764041
1764043
1764044
1764045
1764046
1764047
1764049
1764050
1764051
1764052
1764053
1764055
1764056
1764057
1764058
1764059
1764062
1764063
1764064
1764065
1764066
1764068
1764069
1764070
1764071
1764072
1764074
1764075
1764076
1764077
1764078
1764080
1764081
1764082
1764083
1764084
1764091
1764092
1764093
1764094
1764095
1764096
1764097
1764098
1764099
1764119
1764120
1764121
1764122
1764123
1764125
1764126
1764127
1764128
1764129
1764131
1764132
1764133
1764134
1764135
1764137
1764138
1764139
1764140
1764141
1764143
1764144
1764145
1764146
1764147
1764149
1764150
1764151
1764152
1764153
1764155
1764156
1764157
1764158
1764159
1764161
1764162
1764163
1764164
1764165
1764175
1764176
1764177
1764178
1764179
1764180
1764181
1764182
1764183
1764184
1764186
1764187
1764188
1764189
1764190
1764192
1764193
1764194
1764195
1764196
1764198
1764199
1764200
1764201
1764202
1764204
1764205
1764206
1764207
1764208
1764225
1764226
1764227
1764228
1764230
1764231
1764232
1764233
1764234
1764236
1764237
1764238
1764239
1764240
1764242
1764243
1764244
1764245
1764246
1764248
1764249
1764250
1764251
1764252
1764260
1764261
1764262
1764263
1764264
1764266
1764267
1764268
1764269
1764270
1764272
1764273
1764274
1764275
1764276
1764278
1764279
1764280
1764281
1764282
1764284
1764285
1764286
1764287
1764311
1764312
1764313
1764314
1764315
1764317
1764318
1764319
1764320
1764321
1764323
1764324
1764325
1764326
1764327
1764329
1764330
1764331
1764332
1764333
1764342
1764343
1764344
1764345
1764346
1764347
1764362
1764363
1764364
1764365
1764366
1764368
1764369
1764370
1764371
1764372
1764374
1764375
1764376
1764377
1764378
1764380
1764381
1764382
1764383
1764384
1764386
1764387
1764388
1764389
1764390
1764392
1764393
1764394
1764395
1764396
1764398
1764399
1764400
1764401
1764402
1764404
1764405
1764406
1764407
1764408
1764411
1764414
1764415
1764416
1764417
1764418
1764419
1764420
1764421
1764422
1764423
1764515
1764516
1764517
1764518
1764519
1764521
1764522
1764523
1764524
1764525
1764527
1764528
1764529
1764530
1764531
1764533
1764534
1764535
1764536
1764537
1764557
1764558
1764559
1764560
1764561
1764563
1764564
1764565
1764566
1764567
1764569
1764570
1764571
1764572
1764573
1764575
1764576
1764577
1764578
1764580
1764581
1764582
1764590
1764591
1764592
1764593
1764594
1764596
1764597
1764598
1764599
1764600
1764602
1764603
1764604
1764605
1764606
1764608
1764609
1764610
1764611
1764612
1764615
1764616
1764617
1764618
1764619
1764620
1764621
1764627
1764635
1764636
1764637
1764638
1764639
1764641
1764642
1764643
1764644
1764645
1764647
1764648
1764649
1764650
1764651
1764653
1764654
1764655
1764656
1764657
1764665
1764666
1764667
1764668
1764678
1764679
1764680
1764681
1764682
1764684
1764685
1764686
1764687
1764688
1764690
1764691
1764692
1764693
1764694
1764696
1764697
1764698
1764699
1764700
1764725
1764726
1764727
1764728
1764729
1764731
1764732
1764733
1764734
1764735
1764737
1764738
1764739
1764740
1764741
1764766
1764767
1764768
1764769
1764770
1764771
1764772
1764773
1764774
1764776
1764777
1764778
1764779
1764780
1764782
1764783
1764784
1764785
1764786
1764788
1764789
1764790
1764791
1764792
1764794
1764795
1764796
1764797
1764798
1764800
1764801
1764802
1764803
1764804
1764806
1764807
1764808
1764809
1764810
1764812
1764813
1764828
1764829
1764830
1764831
1764832
1764833
1764834
1764835
1764836
1764837
1764838
1764839
1764841
1764852
1764853
1764854
1764855
1764856
1764858
1764859
1764860
1764861
1764862
1764864
1764865
1764866
1764867
1764868
1764870
1764871
1764872
1764873
1764874
1764876
1764877
1764878
1764879
1764881
1764882
1764883
1764884
1764885
1764887
1764888
1764889
1764890
1764891
1764896
1764897
1764898
1764899
1764900
1764901
1764903
1764904
1764905
1764906
1764907
1764909
1764910
1764911
1764912
1764913
1764915
1764916
1764917
1764918
1764919
1764921
1764922
1764923
1764924
1764925
1764929
1764930
1764931
1764932
1764933
1764935
1764936
1764937
1764938
1764939
1764941
1764942
1764943
1764944
1764945
1764947
1764948
1764949
1764950
1764951
1764953
1764954
1764955
1764956
1764957
1764959
1764960
1764961
1764962
1764964
1764966
1764967
1764968
1764976
1764977
1764978
1764979
1764981
1764982
1764983
1764985
1764986
1764987
1764988
1764989
1764991
1764992
1764993
1764994
1764995
1764997
1764998
1764999
1765000
1765001
1765003
1765004
1765005
1765006
1765007
1765043
1765044
1765045
1765046
1765047
1765048
1765049
1765050
1765051
1765053
1765054
1765055
1765056
1765057
1765059
1765060
1765061
1765062
1765063
1765065
1765066
1765067
1765068
1765069
1765082
1765083
1765084
1765086
1765087
1765088
1765089
1765090
1765092
1765093
1765094
1765095
1765096
1765098
1765100
1765101
1765102
1765103
1765104
1765105
1765106
1765107
1765108
1765109
1765110
1765111
1765113
1765114
1765115
1765116
1765117
1765118
1765119
1765135
1765136
1765137
1765138
1765140
1765141
1765143
1765144
1765145
1765146
1765147
1765149
1765150
1765151
1765152
1765153
1765155
1765156
1765157
1765158
1765159
1765161
1765162
1765163
1765164
1765165
1765171
1765172
1765173
1765174
1765175
1765177
1765178
1765179
1765180
1765181
1765183
1765184
1765185
1765186
1765187
1765189
1765190
1765191
1765192
1765193
1765196
1765197
1765198
1765199
1765201
1765204
1765205
1765206
1765207
1765208
1765209
1765210
1765211
1765212
1765213
1765214
1765215
1765216
1765218
1765219
1765220
1765221
1765222
1765223
1765224
1765225
1765226
1765227
1765228
1765229
1765232
1765233
1765234
1765235
1765236
1765237
1765238
1765239
1765240
1765253
1765254
1765255
1765256
1765257
1765258
1765259
1765260
1765261
1765345
1765346
1765347
1765348
1765349
1765351
1765352
1765353
1765354
1765355
1765358
1765381
1765382
1765383
1765384
1765385
1765408
1765494
1765495
1765496
1765767
1765768
1765770
1765771
1765772
1765779
1765780
1765813
1765814
1765815
1765816
1765817
1765827
1765828
1765829
1765837
1765838
1765839
1765840
1765841
1765866
1765867
1765868
1765931
1765932
1765933
1765944
1765945
1765946
1765973
1765974
1765976
1765977
1765978
1765980
1765994
1766082
1766083
1766084
1766087
1766088
1766090
1766091
1766092
1766093
1766094
1766097
1766098
1766099
1766100
1766101
1766129
1766130
1766131
1766176
1766177
1766179
1766180
1766181
1766182
1766183
1766185
1766186
1766196
1766197
1766198
1766199
1766200
1766232
1766233
1766234
1766235
1766236
1766243
1766244
1766245
1766246
1766247
1766254
1766255
1766263
1766264
1766265
1766266
1766267
1766476
1766477
1766479
1766480
1766482
1766483
1766484
1766511
1766512
1766513
1766521
1766522
1766523
1766524
1766525
1766568
1766569
1766570
1766571
1766572
1766589
1766590
1766591
1766620
1766621
1766623
1766624
1766625
1766628
1766629
1766630
1766636
1766637
1766639
1766640
1766641
1766642
1766643
1766644
1766645
1766646
1766648
1766649
1766650
1766651
1766652
1766666
1766667
1766668
1766711
1766852
1766853
1766855
1766856
1766857
1766858
1766859
1766861
1766862
1766863
1766875
1766898
1766899
1766901
1766902
1766903
1766904
1766905
1766906
1766907
1766908
1766909
1766910
1766911
1766912
1766913
1766914
1766915
1766921
1766971
1766972
1766973
1767213
1767214
1767216
1767217
1767218
1767222
1767223
1767224
1767225
1767228
1767229
1767231
1767232
1767233
1767234
1767235
1767262
1767322
1767323
1767324
1767325
1767326
1767396
1767397
1767398
1767399
1767400
1767628
1767629
1767630
1767650
1767651
1767653
1767654
1767656
1767657
1767658
1767672
1767674
1767675
1767676
1767677
1767678
1767695
1767696
1767697
1767698
1767699
1767720
1767721
1767722
1767723
1767724
1767828
1767829
1767830
1767831
1767832
1767834
1767835
1767836
1767837
1767840
1767841
1767843
1767844
1767845
1767846
1767847
1767849
1767850
1767851
1767852
1767853
1767855
1767856
1767857
1767858
1767859
1767861
1767862
1767863
1767864
1767866
1767867
1767868
1767869
1767870
1767872
1767873
1767874
1767875
1767876
1767878
1767879
1767880
1767881
1767882
1767884
1767885
1767886
1767887
1767889
1767890
1767891
1767892
1767893
1767895
1767896
1767897
1767898
1767899
1767901
1767902
1767903
1767904
1767905
1767907
1767908
1767909
1767910
1767917
1767918
1767919
1767920
1767921
1767922
1767923
1767924
1767925
1767926
1767927
1767928
1767929
1767930
1767931
1767932
1767933
1767934
1767935
1767945
1767946
1767947
1767948
1767949
1767951
1767952
1767953
1767954
1767955
1767957
1767958
1767959
1767960
1767961
1767963
1767964
1767965
1767966
1767967
1767971
1767972
1767973
1767974
1767975
1767977
1767978
1767979
1767980
1767981
1767983
1767984
1767985
1767986
1767987
1767989
1767990
1767991
1767992
1767993
1767998
1767999
1768000
1768001
1768002
1768004
1768005
1768006
1768007
1768008
1768010
1768011
1768012
1768020
1768021
1768022
1768023
1768024
1768025
1768026
1768027
1768028
1768029
1768030
1768031
1768032
1768033
1768034
1768035
1768036
1768037
1768038
1768039
1768040
1768041
1768042
1768043
1768044
1768074
1768075
1768076
1768077
1768078
1768080
1768081
1768082
1768083
1768084
1768086
1768087
1768088
1768089
1768090
1768092
1768093
1768094
1768095
1768096
1768102
1768103
1768104
1768105
1768106
1768108
1768109
1768110
1768111
1768112
1768114
1768115
1768116
1768117
1768118
1768120
1768121
1768122
1768123
1768124
1768130
1768131
1768132
1768133
1768134
1768136
1768137
1768138
1768139
1768140
1768142
1768143
1768144
1768145
1768146
1768148
1768149
1768150
1768151
1768152
1768163
1768164
1768165
1768166
1768167
1768168
1768169
1768170
1768171
1768172
1768173
1768174
1768175
1768176
1768177
1768178
1768179
1768180
1768181
1768182
1768189
1768192
1768193
1768194
1768195
1768196
1768198
1768199
1768200
1768201
1768202
1768204
1768205
1768206
1768207
1768208
1768210
1768211
1768212
1768213
1768214
1768219
1768220
1768221
1768222
1768226
1768227
1768228
1768229
1768230
1768232
1768233
1768234
1768235
1768236
1768238
1768239
1768240
1768241
1768242
1768244
1768245
1768246
1768247
1768248
1768251
1768252
1768253
1768254
1768256
1768257
1768258
1768259
1768260
1768262
1768264
1768267
1768275
1768276
1768277
1768278
1768281
1768282
1768283
1768413
1768414
1768415
1768416
1768417
1768419
1768420
1768421
1768422
1768423
1768425
1768426
1768427
1768428
1768429
1768431
1768432
1768433
1768434
1768435
1768437
1768438
1768439
1768440
1768443
1768444
1768445
1768446
1768447
1768449
1768450
1768451
1768452
1768453
1768455
1768456
1768457
1768458
1768459
1768461
1768462
1768463
1768464
1768465
1768468
1768469
1768470
1768471
1768472
1768473
1768475
1768476
1768477
1768478
1768479
1768481
1768482
1768483
1768484
1768485
1768487
1768488
1768489
1768490
1768491
1768505
1768506
1768507
1768508
1768509
1768510
1768511
1768512
1768513
1768514
1768515
1768551
1768552
1768553
1768554
1768555
1768557
1768558
1768559
1768560
1768561
1768563
1768564
1768565
1768566
1768567
1768571
1768572
1768573
1768574
1768575
1768577
1768578
1768579
1768580
1768581
1768583
1768584
1768585
1768586
1768587
1768589
1768590
1768604
1768605
1768606
1768607
1768608
1768609
1768610
1768611
1768612
1768613
1768614
1768615
1768616
1768617
1768618
1768619
1768620
1768621
1768622
1768623
1768624
1768625
1768626
1768664
1768665
1768666
1768667
1768668
1768691
1768692
1768693
1768694
1768695
1768697
1768698
1768699
1768700
1768701
1768703
1768704
1768705
1768706
1768707
1768709
1768710
1768711
1768712
1768713
1768719
1768720
1768721
1768722
1768723
1768725
1768726
1768727
1768728
1768729
1768731
1768732
1768733
1768734
1768735
1768737
1768738
1768739
1768740
1768741
1768780
1768781
1768782
1768783
1768784
1768786
1768787
1768788
1768789
1768790
1768792
1768793
1768794
1768795
1768796
1768801
1768802
1768803
1768805
1768809
1768810
1768811
1768812
1768813
1768814
1768815
1768816
1768817
1768818
1768819
1768820
1768821
1768822
1768823
1768824
1768825
1768833
1768834
1768835
1768836
1768837
1768839
1768840
1768841
1768842
1768843
1768845
1768846
1768847
1768848
1768849
1768851
1768852
1768853
1768854
1768855
1768857
1768858
1768859
1768860
1768861
1768863
1768864
1768865
1768866
1768867
1768869
1768870
1768871
1768872
1768873
1768875
1768876
1768877
1768878
1768879
1768884
1768885
1768886
1768887
1768888
1768889
1768890
1768891
1768892
1768893
1768894
1768895
1768896
1768897
1768899
1768900
1768901
1768902
1768903
1768905
1768906
1768907
1768908
1768909
1768911
1768912
1768913
1768914
1768915
1768917
1768918
1768919
1768920
1768921
1768928
1768929
1768930
1768931
1768932
1768933
1768934
1768935
1768937
1768939
1768940
1768941
1768942
1768943
1768945
1768946
1768947
1768948
1768949
1768951
1768952
1768953
1768954
1768955
1768957
1768958
1768959
1768960
1768961
1768962
1768963
1768964
1768966
1768967
1768968
1768969
1768970
1768972
1768973
1768974
1768975
1768976
1768978
1768979
1768980
1768981
1768982
1768984
1768985
1768986
1768987
1768988
1768990
1768991
1768992
1768993
1768994
1768996
1768997
1768998
1768999
1769000
1769002
1769003
1769004
1769005
1769006
1769008
1769009
1769010
1769011
1769012
1769014
1769015
1769016
1769017
1769018
1769019
1769020
1769021
1769024
1769025
1769026
1769027
1769028
1769030
1769031
1769032
1769033
1769035
1769046
1769047
1769048
1769129
1769130
1769131
1769132
1769133
1769135
1769136
1769137
1769138
1769139
1769141
1769142
1769143
1769144
1769145
1769147
1769148
1769149
1769150
1769151
1769153
1769154
1769159
1769160
1769161
1769162
1769163
1769165
1769166
1769167
1769168
1769169
1769171
1769172
1769173
1769174
1769175
1769177
1769178
1769179
1769180
1769181
1769183
1769184
1769185
1769186
1769187
1769189
1769190
1769191
1769192
1769193
1769195
1769196
1769197
1769198
1769199
1769201
1769202
1769203
1769204
1769205
1769213
1769214
1769215
1769216
1769217
1769219
1769220
1769221
1769222
1769223
1769225
1769226
1769227
1769228
1769229
1769231
1769232
1769233
1769235
1769236
1769237
1769238
1769240
1769241
1769242
1769243
1769246
1769247
1769248
1769249
1769250
1769251
1769252
1769253
1769254
1769255
1769257
1769258
1769259
1769260
1769261
1769263
1769264
1769265
1769266
1769267
1769269
1769270
1769271
1769272
1769273
1769275
1769276
1769277
1769278
1769290
1769291
1769292
1769293
1769294
1769296
1769297
1769298
1769299
1769300
1769302
1769303
1769304
1769305
1769306
1769308
1769309
1769310
1769311
1769312
1769314
1769315
1769316
1769317
1769318
1769319
1769320
1769323
1769324
1769325
1769326
1769327
1769329
1769330
1769331
1769332
1769333
1769335
1769336
1769337
1769338
1769339
1769341
1769342
1769343
1769344
1769345
1769352
1769353
1769354
1769355
1769356
1769358
1769359
1769360
1769361
1769362
1769364
1769365
1769366
1769367
1769368
1769370
1769371
1769372
1769373
1769375
1769376
1769377
1769378
1769379
1769383
1769384
1769398
1769399
1769400
1769401
1769402
1769404
1769405
1769406
1769407
1769409
1769410
1769411
1769412
1769413
1769415
1769416
1769417
1769418
1769419
1769433
1769434
1769435
1769436
1769437
1769439
1769440
1769441
1769442
1769443
1769445
1769446
1769447
1769448
1769449
1769451
1769452
1769453
1769454
1769455
1769456
1769457
1769459
1769460
1769461
1769462
1769463
1769465
1769466
1769467
1769468
1769469
1769471
1769472
1769473
1769474
1769475
1769477
1769478
1769479
1769480
1769481
1769484
1769493
1769494
1769495
1769496
1769498
1769499
1769500
1769501
1769502
1769504
1769505
1769506
1769507
1769508
1769510
1769511
1769512
1769513
1769514
1769516
1769517
1769518
1769519
1769520
1769522
1769523
1769524
1769525
1769526
1769528
1769529
1769530
1769531
1769532
1769534
1769535
1769536
1769537
1769538
1769542
1769543
1769544
1769545
1769546
1769548
1769549
1769550
1769551
1769553
1769554
1769555
1769556
1769557
1769559
1769560
1769561
1769562
1769563
1769565
1769566
1769567
1769568
1769569
1769580
1769581
1769583
1769584
1769585
1769586
1769587
1769589
1769590
1769591
1769592
1769593
1769595
1769596
1769597
1769598
1769599
1769601
1769602
1769603
1769604
1769605
1769610
1769611
1769612
1769622
1769623
1769624
1769625
1769626
1769678
1769680
1769681
1769682
1769683
1769684
1769686
1769687
1769688
1769689
1769690
1769692
1769693
1769694
1769695
1769696
1769698
1769699
1769700
1769701
1769702
1769718
1769719
1769720
1769721
1769722
1769724
1769725
1769726
1769727
1769728
1769730
1769731
1769732
1769733
1769734
1769736
1769737
1769738
1769739
1769740
1769751
1769774
1769775
1769776
1769777
1769778
1769779
1769780
1769781
1769782
1769783
1769784
1769785
1769786
1769787
1769788
1769789
1769790
1769924
1769925
1769926
1769927
1769928
1769931
1769932
1769933
1769934
1769935
1769936
1770000
1770140
1770141
1770142
1770411
1770499
1770500
1770502
1770503
1770504
1770505
1770507
1770508
1770509
1770510
1770511
1770517
1770518
1770519
1770520
1770521
1770522
1770523
1770524
1770525
1770526
1770532
1770533
1770595
1770838
1771115
1771116
1771118
1771119
1771120
1771121
1771123
1771124
1771125
1771126
1771127
1771128
1771129
1771130
1771131
1771132
1771133
1771134
1771155
1771156
1771172
1771173
1771174
1771175
1771176
1771268
1771269
1771270
1771271
1771272
1771439
1771551
1771559
1771711
1771712
1771714
1771715
1771717
1771718
1771719
1771720
1771721
1771732
1771733
1771734
1771735
1771736
1771737
1771738
1771739
1771781
1771782
1771783
1771784
1771785
1771786
1771787
1771788
1771789
1771790
1771801
1771802
1771803
1771943
1771944
1771946
1771947
1771948
1771949
1771950
1771952
1771953
1771954
1771959
1771960
1771991
1771992
1771994
1771996
1771997
1771998
1771999
1772000
1772001
1772002
1772003
1772004
1772005
1772006
1772029
1772049
1772050
1772051
1772054
1772130
1772131
1772132
1772135
1772136
1772137
1772138
1772139
1772145
1772146
1772147
1772148
1772149
1772150
1772151
1772152
1772153
1772154
1772155
1772157
1772158
1772159
1772160
1772161
1772187
1772188
1772189
1772428
1772429
1772431
1772432
1772433
1772436
1772437
1772438
1772445
1772447
1772448
1772450
1772451
1772452
1772453
1772454
1772456
1772459
1772461
1772462
1772463
1772467
1772619
1772620
1772621
1772622
1772623
1772671
1772672
1772673
1772722
1772723
1772725
1772726
1772727
1772730
1772731
1772732
1772746
1772747
1772749
1772750
1772751
1772752
1772753
1772757
1772758
1772759
1772796
1772797
1772798
1772822
1772823
1772825
1772826
1772827
1772828
1772829
1772831
1772832
1772833
1772856
1772857
1772870
1772871
1772872
1772873
1772875
1772876
1772877
1772879
1772880
1772881
1772882
1772883
1772884
1772885
1772886
1772887
1772888
1772900
1772901
1772903
1772904
1772906
1772907
1772908
1772909
1772910
1772939
1772946
1772966
1772967
1772968
1772969
1772970
1772993
1772994
1772995
1773234
1773357
1773358
1773359
1773360
1773361
1773362
1773363
1773364
1773365
1773368
1773374
1773385
1773417
1773419
1773421
1773422
1773423
1773439
1773440
1773442
1773443
1773444
1773445
1773446
1773465
1773466
1773467
1773468
1773469
1773470
1773471
1773472
1773473
1773474
1773484
1773485
1773486
1773488
1773489
1773491
1773492
1773494
1773495
1773497
1773498
1773499
1773500
1773502
1773503
1773504
1773505
1773509
1773510
1773511
1773512
1773514
1773515
1773516
1773518
1773519
1773520
1773522
1773523
1773524
1773526
1773527
1773528
1773531
1773532
1773533
1773535
1773536
1773537
1773539
1773540
1773541
1773543
1773544
1773545
1773546
1773549
1773550
1773552
1773553
1773554
1773556
1773557
1773559
1773560
1773562
1773563
1773565
1773566
1773568
1773569
1773571
1773572
1773574
1773575
1773577
1773578
1773589
1773590
1773591
1773592
1773598
1773599
1773601
1773602
1773604
1773605
1773607
1773608
1773610
1773611
1773622
1773623
1773625
1773626
1773628
1773629
1773631
1773632
1773634
1773635
1773636
1773637
1773638
1773639
1773640
1773641
1773642
1773643
1773644
1773645
1773646
1773647
1773648
1773649
1773650
1773651
1773652
1773653
1773654
1773655
1773656
1773657
1773658
1773659
1773660
1773661
1773662
1773663
1773664
1773669
1773670
1773672
1773674
1773677
1773678
1773689
1773739
1773740
1773742
1773743
1773745
1773746
1773748
1773749
1773750
1773759
1773760
1773762
1773763
1773765
1773766
1773768
1773769
1773771
1773772
1773777
1773778
1773779
1773780
1773781
1773782
1773783
1773784
1773785
1773786
1773787
1773806
1773808
1773809
1773811
1773812
1773814
1773815
1773817
1773818
1773820
1773821
1773830
1773831
1773832
1773834
1773836
1773837
1773839
1773840
1773842
1773843
1773845
1773846
1773848
1773849
1773851
1773852
1773854
1773855
1773857
1773858
1773860
1773861
1773863
1773864
1773865
1773866
1773872
1773873
1773875
1773876
1773878
1773879
1773881
1773882
1773884
1773885
1773896
1773897
1773899
1773900
1773902
1773903
1773905
1773906
1773908
1773909
1773911
1773912
1773913
1773914
1773915
1773916
1773917
1773918
1773919
1773920
1773921
1773922
1773923
1773924
1773925
1773929
1773930
1773932
1773940
1773941
1773943
1773944
1773946
1773947
1773948
1773952
1773953
1773955
1773956
1773958
1773959
1773961
1773962
1773964
1773965
1773966
1773971
1773972
1773974
1773975
1773977
1773978
1773980
1773981
1773984
1773985
1773987
1773988
1773990
1773991
1773993
1773994
1773996
1773997
1773999
1774000
1774001
1774002
1774003
1774004
1774005
1774006
1774007
1774008
1774009
1774010
1774011
1774012
1774013
1774014
1774016
1774017
1774019
1774020
1774022
1774023
1774025
1774026
1774028
1774029
1774042
1774043
1774045
1774046
1774048
1774049
1774051
1774052
1774054
1774055
1774057
1774058
1774059
1774060
1774061
1774062
1774063
1774064
1774065
1774067
1774068
1774070
1774071
1774073
1774074
1774076
1774077
1774079
1774080
1774085
1774086
1774088
1774089
1774091
1774092
1774094
1774095
1774097
1774098
1774109
1774110
1774111
1774112
1774113
1774114
1774115
1774116
1774117
1774118
1774119
1774120
1774139
1774140
1774141
1774142
1774144
1774145
1774147
1774148
1774150
1774151
1774153
1774154
1774168
1774169
1774171
1774172
1774174
1774175
1774177
1774178
1774180
1774181
1774191
1774192
1774194
1774195
1774197
1774198
1774200
1774201
1774203
1774204
1774206
1774207
1774209
1774210
1774212
1774213
1774215
1774216
1774218
1774219
1774225
1774226
1774228
1774229
1774231
1774232
1774233
1774235
1774236
1774237
1774238
1774239
1774240
1774241
1774242
1774243
1774244
1774245
1774246
1774247
1774248
1774249
1774250
1774251
1774252
1774253
1774254
1774255
1774256
1774257
1774258
1774259
1774260
1774261
1774262
1774263
1774264
1774265
1774266
1774277
1774278
1774280
1774281
1774283
1774285
1774290
1774291
1774293
1774294
1774298
1774299
1774300
1774301
1774302
1774303
1774394
1774395
1774397
1774398
1774400
1774401
1774403
1774404
1774434
1774435
1774437
1774438
1774440
1774441
1774442
1774443
1774444
1774445
1774446
1774447
1774448
1774449
1774450
1774451
1774452
1774453
1774454
1774455
1774456
1774457
1774458
1774460
1774461
1774463
1774464
1774466
1774467
1774469
1774470
1774472
1774473
1774478
1774479
1774480
1774481
1774482
1774484
1774485
1774487
1774488
1774489
1774490
1774492
1774493
1774495
1774496
1774498
1774499
1774500
1774502
1774503
1774505
1774506
1774508
1774509
1774511
1774512
1774514
1774515
1774516
1774517
1774519
1774520
1774522
1774523
1774525
1774526
1774528
1774529
1774535
1774536
1774538
1774539
1774541
1774542
1774543
1774544
1774545
1774547
1774548
1774549
1774551
1774552
1774553
1774555
1774556
1774557
1774559
1774560
1774561
1774565
1774566
1774567
1774568
1774569
1774570
1774571
1774572
1774573
1774574
1774575
1774576
1774577
1774578
1774579
1774580
1774581
1774582
1774583
1774584
1774585
1774586
1774587
1774588
1774589
1774590
1774591
1774595
1774596
1774597
1774599
1774600
1774601
1774603
1774604
1774605
1774612
1774613
1774614
1774615
1774616
1774617
1774619
1774620
1774621
1774623
1774624
1774625
1774627
1774628
1774629
1774631
1774632
1774635
1774636
1774637
1774638
1774641
1774642
1774643
1774645
1774646
1774647
1774649
1774650
1774651
1774653
1774654
1774655
1774657
1774658
1774660
1774661
1774662
1774664
1774665
1774671
1774672
1774673
1774675
1774676
1774677
1774736
1774737
1774738
1774739
1774740
1774741
1774742
1774743
1774744
1774745
1774746
1774747
1774748
1774749
1774750
1774794
1774795
1774796
1774798
1774799
1774800
1774802
1774803
1774804
1774806
1774807
1774808
1774810
1774811
1774812
1774814
1774815
1774819
1774820
1774821
1774822
1774823
1774824
1774825
1774826
1774827
1774828
1774830
1774836
1774837
1774838
1774840
1774841
1774842
1774844
1774845
1774846
1774864
1774868
1774869
1774870
1774871
1774872
1774873
1774874
1774968
1775039
1775040
1775041
1775043
1775044
1775046
1775047
1775048
1775050
1775051
1775052
1775054
1775055
1775056
1775058
1775059
1775060
1775061
1775063
1775064
1775065
1775067
1775068
1775069
1775071
1775072
1775073
1775075
1775077
1775078
1775079
1775081
1775082
1775083
1775084
1775085
1775087
1775088
1775089
1775091
1775092
1775093
1775095
1775096
1775097
1775099
1775100
1775101
1775137
1775138
1775140
1775143
1775144
1775145
1775147
1775148
1775149
1775151
1775152
1775153
1775155
1775156
1775157
1775161
1775162
1775164
1775165
1775166
1775168
1775169
1775170
1775172
1775173
1775174
1775176
1775177
1775178
1775180
1775182
1775183
1775184
1775186
1775187
1775188
1775190
1775191
1775192
1775194
1775195
1775196
1775199
1775200
1775201
1775202
1775203
1775204
1775205
1775206
1775207
1775208
1775209
1775210
1775211
1775212
1775213
1775214
1775215
1775216
1775217
1775218
1775219
1775220
1775221
1775222
1775223
1775225
1775226
1775227
1775229
1775230
1775231
1775233
1775234
1775235
1775237
1775238
1775240
1775241
1775242
1775245
1775246
1775247
1775249
1775250
1775251
1775253
1775254
1775255
1775257
1775258
1775259
1775261
1775262
1775263
1775269
1775270
1775271
1775273
1775274
1775275
1775277
1775278
1775279
1775281
1775282
1775283
1775285
1775286
1775287
1775288
1775289
1775290
1775291
1775292
1775293
1775294
1775295
1775296
1775327
1775328
1775329
1775331
1775332
1775333
1775335
1775336
1775337
1775339
1775340
1775341
1775343
1775344
1775345
1775347
1775348
1775349
1775351
1775352
1775353
1775355
1775356
1775357
1775360
1775361
1775362
1775364
1775365
1775367
1775368
1775369
1775371
1775372
1775373
1775375
1775376
1775377
1775394
1775395
1775396
1775397
1775398
1775399
1775400
1775401
1775402
1775404
1775405
1775406
1775408
1775409
1775410
1775412
1775413
1775414
1775416
1775417
1775418
1775428
1775429
1775430
1775431
1775432
1775433
1775435
1775436
1775437
1775439
1775440
1775441
1775443
1775444
1775445
1775447
1775448
1775449
1775524
1775668
1775669
1775670
1775672
1775673
1775674
1775678
1775679
1775680
1775682
1775683
1775684
1775686
1775687
1775688
1775690
1775691
1775692
1775696
1775697
1775698
1775699
1775700
1775701
1775702
1775703
1775704
1775705
1775707
1775708
1775709
1775711
1775712
1775713
1775714
1775717
1775718
1775719
1775720
1775722
1775723
1775724
1775726
1775727
1775728
1775730
1775731
1775732
1775734
1775735
1775736
1775752
1775753
1775754
1775755
1775758
1775759
1775760
1775762
1775763
1775764
1775766
1775767
1775768
1775800
1775801
1775802
1775803
1775804
1775805
1775838
1775840
1775841
1775842
1775844
1775845
1775846
1775848
1775849
1775850
1775854
1775855
1775858
1775859
1775862
1775863
1775872
1775873
1775874
1775876
1775877
1775878
1775880
1775881
1775882
1775884
1775885
1775886
1775888
1775889
1775890
1775892
1775893
1775894
1775895
1775896
1775897
1775898
1775899
1775900
1775901
1775902
1775934
1775935
1775936
1775939
1775940
1775941
1775943
1775944
1775974
1775975
1775976
1775978
1775979
1775980
1775982
1775983
1775984
1775986
1775987
1775988
1775997
1775998
1775999
1776000
1776002
1776003
1776004
1776006
1776007
1776008
1776010
1776012
1776013
1776014
1776016
1776017
1776018
1776020
1776021
1776022
1776023
1776024
1776025
1776027
1776031
1776034
1776037
1776039
1776040
1776042
1776043
1776044
1776046
1776047
1776048
1776050
1776051
1776052
1776054
1776055
1776056
1776062
1776063
1776065
1776066
1776067
1776069
1776070
1776071
1776073
1776074
1776075
1776077
1776078
1776079
1776081
1776082
1776083
1776085
1776086
1776087
1776089
1776090
1776091
1776093
1776094
1776095
1776097
1776098
1776099
1776100
1776101
1776103
1776104
1776105
1776107
1776108
1776109
1776111
1776112
1776113
1776139
1776142
1776143
1776144
1776145
1776146
1776147
1776148
1776149
1776150
1776151
1776152
1776153
1776154
1776155
1776156
1776158
1776221
1776222
1776240
1776247
1776248
1776249
1776251
1776252
1776253
1776255
1776256
1776257
1776259
1776260
1776261
1776263
1776264
1776265
1776267
1776268
1776269
1776271
1776272
1776273
1776275
1776276
1776281
1776282
1776283
1776284
1776286
1776287
1776288
1776290
1776291
1776292
1776294
1776295
1776296
1776298
1776299
1776300
1776310
1776311
1776312
1776313
1776314
1776315
1776316
1776318
1776319
1776320
1776322
1776323
1776324
1776326
1776327
1776328
1776330
1776331
1776332
1776334
1776335
1776336
1776337
1776338
1776343
1776344
1776345
1776347
1776348
1776349
1776351
1776352
1776353
1776355
1776356
1776357
1776367
1776368
1776369
1776371
1776372
1776373
1776375
1776376
1776377
1776378
1776380
1776381
1776382
1776395
1776396
1776397
1776398
1776399
1776401
1776402
1776403
1776405
1776406
1776407
1776409
1776410
1776411
1776413
1776414
1776415
1776417
1776418
1776419
1776420
1776421
1776422
1776426
1776427
1776428
1776432
1776433
1776434
1776436
1776437
1776438
1776440
1776459
1776460
1776461
1776463
1776464
1776465
1776467
1776468
1776469
1776473
1776474
1776475
1776477
1776478
1776479
1776481
1776482
1776483
1776485
1776486
1776487
1776489
1776490
1776491
1776492
1776493
1776494
1776495
1776496
1776497
1776498
1776499
1776500
1776501
1776502
1776503
1776504
1776505
1776506
1776507
1776509
1776510
1776511
1776513
1776514
1776515
1776517
1776518
1776519
1776521
1776522
1776523
1776525
1776526
1776527
1776528
1776532
1776533
1776534
1776536
1776537
1776538
1776540
1776541
1776542
1776544
1776545
1776546
1776548
1776549
1776550
1776551
1776553
1776554
1776555
1776557
1776558
1776559
1776561
1776562
1776563
1776565
1776566
1776567
1776573
1776574
1776575
1776577
1776578
1776579
1776581
1776582
1776583
1776585
1776586
1776587
1776598
1776599
1776600
1776602
1776603
1776604
1776606
1776607
1776608
1776612
1776614
1776615
1776616
1776618
1776619
1776620
1776622
1776623
1776624
1776626
1776627
1776628
1776661
1776662
1776663
1776665
1776666
1776667
1776669
1776670
1776671
1776673
1776674
1776675
1776678
1776679
1776680
1776681
1776682
1776683
1776684
1776685
1776686
1776709
1776710
1776761
1776762
1776764
1776765
1776766
1776768
1776769
1776770
1776772
1776773
1776774
1776776
1776777
1776778
1776789
1776790
1776791
1776792
1776793
1776794
1776803
1776804
1776805
1776807
1776808
1776809
1776811
1776812
1776813
1776815
1776816
1776817
1776829
1776830
1776831
1776832
1776833
1776835
1776836
1776837
1776839
1776840
1776841
1776843
1776844
1776845
1776847
1776848
1776849
1776874
1776875
1776876
1776877
1776951
1776952
1776953
1776955
1776956
1776957
1776959
1776960
1776961
1776963
1776964
1776965
1776967
1776968
1776969
1776970
1776971
1776972
1776974
1776975
1776976
1776978
1776979
1776980
1776982
1776983
1776984
1776986
1776987
1776988
1776990
1776991
1776992
1776994
1776995
1776996
1776998
1776999
1777000
1777010
1777011
1777012
1777014
1777015
1777016
1777018
1777019
1777020
1777022
1777023
1777024
1777026
1777027
1777028
1777030
1777031
1777032
1777034
1777035
1777036
1777038
1777039
1777040
1777043
1777044
1777045
1777046
1777047
1777048
1777049
1777050
1777051
1777052
1777053
1777054
1777055
1777056
1777057
1777058
1777059
1777060
1777063
1777064
1777065
1777067
1777068
1777069
1777071
1777072
1777073
1777076
1777077
1777078
1777079
1777080
1777081
1777091
1777092
1777093
1777095
1777096
1777097
1777099
1777100
1777101
1777114
1777115
1777116
1777117
1777118
1777119
1777120
1777121
1777123
1777124
1777125
1777127
1777128
1777129
1777131
1777132
1777133
1777135
1777136
1777137
1777139
1777140
1777141
1777143
1777144
1777145
1777147
1777148
1777149
1777151
1777152
1777153
1777155
1777156
1777157
1777159
1777160
1777161
1777163
1777164
1777165
1777167
1777168
1777169
1777171
1777172
1777173
1777175
1777176
1777177
1777179
1777180
1777181
1777197
1777198
1777199
1777201
1777202
1777203
1777205
1777206
1777207
1777209
1777210
1777211
1777213
1777214
1777215
1777217
1777218
1777219
1777221
1777222
1777223
1777225
1777226
1777227
1777278
1777279
1777280
1777281
1777282
1777283
1777284
1777285
1777286
1777287
1777288
1777289
1777290
1777291
1777292
1777293
1777294
1777295
1777296
1777297
1777298
1777299
1777300
1777301
1777302
1777303
1777304
1777305
1777306
1777307
1777309
1777310
1777311
1777329
1777330
1777331
1777333
1777334
1777335
1777337
1777338
1777339
1777341
1777342
1777343
1777347
1777348
1777349
1777351
1777365
1777366
1777367
1777369
1777370
1777371
1777373
1777374
1777375
1777377
1777378
1777379
1777381
1777382
1777385
1777386
1777387
1777389
1777390
1777391
1777393
1777394
1777395
1777397
1777398
1777399
1777410
1777411
1777412
1777414
1777415
1777416
1777418
1777419
1777420
1777422
1777423
1777424
1777428
1777429
1777430
1777432
1777433
1777434
1777436
1777437
1777438
1777440
1777441
1777442
1777444
1777445
1777446
1777447
1777448
1777449
1777451
1777452
1777453
1777455
1777456
1777457
1777459
1777460
1777461
1777463
1777464
1777465
1777471
1777472
1777473
1777475
1777476
1777477
1777479
1777480
1777481
1777483
1777484
1777485
1777487
1777488
1777489
1777490
1777491
1777492
1777494
1777495
1777496
1777498
1777499
1777500
1777502
1777503
1777504
1777506
1777507
1777510
1777511
1777513
1777514
1777541
1777542
1777585
1777586
1777587
1777589
1777590
1777591
1777593
1777594
1777595
1777597
1777598
1777599
1777605
1777606
1777607
1777609
1777610
1777611
1777613
1777614
1777615
1777617
1777618
1777619
1777627
1777628
1777629
1777630
1777632
1777633
1777634
1777636
1777637
1777638
1777640
1777641
1777642
1777644
1777645
1777648
1777649
1777650
1777652
1777653
1777654
1777656
1777657
1777658
1777660
1777661
1777662
1777664
1777665
1777666
1777668
1777669
1777670
1777672
1777673
1777674
1777676
1777677
1777678
1777680
1777681
1777682
1777683
1777687
1777688
1777689
1777691
1777692
1777693
1777695
1777696
1777697
1777699
1777700
1777701
1777706
1777707
1777708
1777709
1777710
1777711
1777712
1777713
1777714
1777715
1777716
1777717
1777719
1777748
1777750
1777751
1777752
1777754
1777755
1777756
1777758
1777759
1777760
1777762
1777763
1777764
1777776
1777777
1777778
1777787
1777788
1777789
1777791
1777792
1777793
1777795
1777796
1777797
1777799
1777800
1777801
1777806
1777807
1777808
1777809
1777810
1777812
1777813
1777814
1777816
1777817
1777818
1777820
1777821
1777822
1777824
1777825
1777826
1777828
1777829
1777834
1777835
1777836
1777838
1777839
1777840
1777842
1777843
1777844
1777846
1777847
1777848
1777855
1777856
1777857
1777859
1777860
1777861
1777863
1777864
1777865
1777867
1777868
1777869
1777871
1777872
1777873
1777875
1777876
1777877
1777879
1777880
1777881
1777895
1777896
1777897
1777898
1777899
1777900
1777901
1777902
1777903
1777904
1777905
1777906
1777907
1777908
1777909
1777910
1777911
1777912
1777913
1777914
1777915
1777916
1777918
1777921
1777922
1777923
1777925
1777926
1777927
1777929
1777930
1777931
1777933
1777934
1777935
1777973
1777974
1777975
1777977
1777978
1777979
1777981
1777982
1777983
1777985
1777986
1777987
1777989
1777990
1777991
1777993
1777994
1777995
1777997
1777998
1777999
1778006
1778007
1778008
1778010
1778011
1778012
1778014
1778015
1778016
1778023
1778024
1778025
1778027
1778028
1778029
1778031
1778032
1778033
1778035
1778036
1778037
1778045
1778046
1778047
1778049
1778050
1778051
1778053
1778054
1778055
1778057
1778058
1778059
1778064
1778065
1778066
1778067
1778075
1778076
1778077
1778078
1778079
1778080
1778081
1778082
1778083
1778084
1778085
1778086
1778087
1778088
1778089
1778090
1778091
1778092
1778093
1778094
1778095
1778096
1778097
1778098
1778099
1778100
1778101
1778102
1778103
1778104
1778106
1778107
1778108
1778110
1778111
1778112
1778114
1778115
1778116
1778118
1778119
1778120
1778130
1778131
1778132
1778134
1778135
1778136
1778138
1778140
1778141
1778142
1778143
1778144
1778145
1778146
1778215
1778216
1778217
1778219
1778220
1778221
1778223
1778224
1778225
1778227
1778228
1778229
1778239
1778240
1778241
1778243
1778244
1778245
1778247
1778248
1778249
1778251
1778252
1778253
1778259
1778261
1778262
1778263
1778265
1778266
1778267
1778269
1778270
1778271
1778273
1778274
1778275
1778277
1778278
1778279
1778280
1778281
1778282
1778283
1778284
1778285
1778286
1778287
1778289
1778290
1778291
1778293
1778294
1778295
1778297
1778298
1778299
1778305
1778306
1778307
1778308
1778309
1778310
1778311
1778322
1778323
1778324
1778326
1778327
1778328
1778330
1778331
1778332
1778334
1778335
1778336
1778338
1778339
1778340
1778342
1778343
1778344
1778346
1778347
1778348
1778350
1778351
1778352
1778354
1778355
1778356
1778361
1778362
1778363
1778365
1778366
1778367
1778369
1778370
1778371
1778373
1778374
1778375
1778377
1778378
1778379
1778390
1778391
1778392
1778394
1778395
1778396
1778398
1778399
1778400
1778402
1778403
1778404
1778406
1778407
1778408
1778554
1778555
1778556
1778557
1778558
1778559
1778560
1778561
1778562
1778563
1778564
1778565
1778566
1778567
1778568
1778569
1778570
1778571
1778572
1778573
1778574
1778575
1778576
1778577
1778578
1778579
1778580
1778581
1778582
1778596
1778597
1778598
1778600
1778601
1778602
1778604
1778605
1778606
1778608
1778609
1778610
1778612
1778613
1778614
1778624
1778625
1778626
1778628
1778629
1778630
1778632
1778633
1778634
1778636
1778637
1778638
1778640
1778641
1778642
1778655
1778656
1778657
1778659
1778660
1778661
1778663
1778664
1778665
1778667
1778668
1778669
1778671
1778672
1778673
1778675
1778676
1778677
1778679
1778680
1778681
1778683
1778684
1778685
1778687
1778688
1778689
1778691
1778692
1778693
1778695
1778696
1778697
1778698
1778699
1778700
1778701
1778702
1778703
1778704
1778705
1778706
1778707
1778709
1778710
1778711
1778713
1778714
1778715
1778717
1778718
1778719
1778721
1778722
1778723
1778725
1778726
1778727
1778729
1778730
1778731
1778733
1778734
1778735
1778737
1778738
1778739
1778749
1778750
1778751
1778752
1778753
1778754
1778755
1778756
1778757
1778758
1778759
1778760
1778761
1778762
1778763
1778764
1778778
1778779
1778780
1778782
1778783
1778784
1778786
1778787
1778788
1778790
1778791
1778792
1778795
1778798
1778799
1778800
1778801
1778802
1778940
1778941
1778942
1778944
1778945
1778946
1778948
1778949
1778950
1778952
1778953
1778954
1778956
1778957
1778958
1778960
1778961
1778962
1778964
1778965
1778966
1778968
1778969
1778970
1778972
1778973
1778974
1778976
1778977
1778978
1778992
1778993
1778994
1778996
1778997
1778998
1779000
1779001
1779002
1779007
1779008
1779009
1779011
1779012
1779013
1779015
1779016
1779017
1779019
1779020
1779021
1779023
1779024
1779025
1779027
1779028
1779029
1779031
1779032
1779033
1779035
1779036
1779037
1779039
1779040
1779041
1779043
1779044
1779045
1779047
1779048
1779049
1779051
1779052
1779053
1779055
1779056
1779057
1779059
1779060
1779061
1779063
1779064
1779065
1779067
1779068
1779069
1779071
1779072
1779073
1779075
1779076
1779077
1779079
1779080
1779081
1779083
1779084
1779085
1779086
1779087
1779088
1779089
1779090
1779091
1779092
1779093
1779094
1779095
1779096
1779097
1779099
1779100
1779103
1779104
1779105
1779107
1779108
1779109
1779111
1779112
1779113
1779115
1779116
1779117
1779119
1779120
1779121
1779131
1779132
1779133
1779135
1779136
1779137
1779139
1779140
1779141
1779143
1779144
1779145
1779148
1779149
1779150
1779151
1779152
1779153
1779182
1779183
1779184
1779186
1779187
1779188
1779190
1779191
1779192
1779194
1779195
1779196
1779199
1779200
1779204
1779205
1779206
1779208
1779209
1779210
1779212
1779213
1779214
1779216
1779217
1779218
1779220
1779221
1779233
1779234
1779235
1779237
1779238
1779239
1779241
1779242
1779243
1779245
1779246
1779247
1779249
1779250
1779251
1779253
1779254
1779255
1779257
1779258
1779259
1779261
1779262
1779263
1779265
1779266
1779267
1779269
1779270
1779271
1779274
1779275
1779276
1779278
1779279
1779280
1779282
1779283
1779284
1779286
1779287
1779288
1779290
1779291
1779292
1779294
1779295
1779296
1779298
1779299
1779300
1779302
1779303
1779304
1779306
1779307
1779308
1779315
1779316
1779317
1779318
1779319
1779320
1779321
1779322
1779323
1779324
1779325
1779326
1779327
1779328
1779329
1779330
1779331
1779332
1779333
1779334
1779335
1779336
1779337
1779338
1779340
1779341
1779342
1779345
1779346
1779347
1779349
1779350
1779351
1779353
1779354
1779355
1779357
1779358
1779359
1779361
1779362
1779363
1779376
1779377
1779378
1779380
1779381
1779382
1779384
1779385
1779386
1779388
1779389
1779390
1779392
1779393
1779394
1779396
1779397
1779398
1779400
1779401
1779402
1779404
1779405
1779406
1779408
1779409
1779410
1779417
1779418
1779419
1779420
1779421
1779422
1779423
1779424
1779425
1779426
1779427
1779428
1779432
1779433
1779434
1779436
1779437
1779438
1779440
1779441
1779442
1779444
1779445
1779446
1779450
1779451
1779452
1779454
1779455
1779456
1779458
1779459
1779460
1779462
1779463
1779464
1779465
1779466
1779467
1779468
1779477
1779478
1779479
1779481
1779482
1779483
1779485
1779486
1779487
1779489
1779490
1779491
1779494
1779495
1779496
1779497
1779498
1779605
1779606
1779607
1779609
1779610
1779611
1779613
1779614
1779615
1779617
1779618
1779619
1779621
1779622
1779623
1779626
1779628
1779629
1779630
1779632
1779633
1779634
1779636
1779637
1779638
1779640
1779641
1779642
1779644
1779645
1779646
1779648
1779649
1779650
1779652
1779653
1779654
1779656
1779657
1779658
1779660
1779661
1779662
1779664
1779665
1779666
1779674
1779675
1779676
1779677
1779680
1779683
1779686
1779688
1779689
1779690
1779692
1779693
1779694
1779696
1779697
1779698
1779700
1779701
1779702
1779708
1779709
1779710
1779712
1779713
1779714
1779716
1779718
1779719
1779720
1779722
1779723
1779724
1779726
1779727
1779728
1779729
1779730
1779731
1779732
1779733
1779734
1779735
1779736
1779738
1779739
1779740
1779741
1779742
1779743
1779753
1779756
1779759
1779762
1779763
1779764
1779765
1779766
1779767
1779768
1779769
1779770
1779771
1779772
1779773
1779774
1779776
1779777
1779778
1779780
1779781
1779782
1779784
1779785
1779786
1779788
1779789
1779790
1779792
1779794
1779795
1779796
1779798
1779799
1779800
1779802
1779803
1779804
1779806
1779807
1779808
1779810
1779811
1779812
1779814
1779815
1779816
1779818
1779819
1779820
1779821
1779824
1779825
1779826
1779828
1779829
1779830
1779832
1779833
1779834
1779836
1779837
1779838
1779840
1779841
1779842
1779846
1779847
1779848
1779849
1779850
1779851
1779852
1779853
1779858
1779859
1779860
1779862
1779863
1779864
1779866
1779867
1779868
1779870
1779871
1779872
1779874
1779875
1779876
1779878
1779879
1779880
1779882
1779883
1779884
1779886
1779887
1779888
1779890
1779891
1779892
1779894
1779895
1779896
1779898
1779899
1779900
1779902
1779903
1779904
1779905
1779906
1779907
1779908
1779909
1779911
1779912
1779913
1779915
1779916
1779917
1779919
1779920
1779921
1779923
1779924
1779925
1779927
1779928
1779929
1779931
1779932
1779933
1779935
1779936
1779937
1779939
1779940
1779941
1779943
1779944
1779945
1779947
1779948
1779949
1779951
1779952
1779953
1779954
1779955
1779956
1779957
1779958
1779959
1779960
1779961
1779962
1779963
1779965
1779966
1779967
1779969
1779970
1779971
1779973
1779974
1779975
1779977
1779978
1779979
1779981
1779982
1779983
1779985
1779986
1779987
1779988
1779989
1779990
1779992
1779993
1779994
1780002
1780003
1780004
1780006
1780007
1780010
1780011
1780012
1780014
1780015
1780016
1780018
1780019
1780020
1780022
1780023
1780024
1780033
1780034
1780035
1780037
1780038
1780039
1780041
1780042
1780043
1780045
1780046
1780047
1780050
1780051
1780052
1780054
1780055
1780056
1780058
1780059
1780060
1780062
1780063
1780064
1780067
1780068
1780069
1780071
1780072
1780073
1780075
1780076
1780077
1780079
1780080
1780081
1780083
1780084
1780085
1780086
1780087
1780088
1780089
1780090
1780091
1780092
1780093
1780094
1780095
1780096
1780097
1780108
1780110
1780111
1780112
1780114
1780115
1780116
1780118
1780119
1780120
1780122
1780123
1780124
1780126
1780127
1780128
1780130
1780131
1780132
1780134
1780135
1780136
1780138
1780139
1780140
1780142
1780143
1780144
1780146
1780147
1780148
1780150
1780151
1780152
1780159
1780160
1780161
1780162
1780163
1780164
1780167
1780169
1780178
1780277
1780278
1780279
1780281
1780282
1780283
1780285
1780286
1780287
1780289
1780290
1780291
1780293
1780294
1780295
1780297
1780298
1780299
1780301
1780302
1780303
1780305
1780306
1780307
1780309
1780310
1780311
1780313
1780314
1780315
1780345
1780346
1780347
1780349
1780350
1780351
1780353
1780354
1780355
1780357
1780358
1780359
1780361
1780362
1780363
1780365
1780366
1780367
1780368
1780369
1780370
1780371
1780372
1780373
1780374
1780379
1780380
1780381
1780383
1780384
1780385
1780387
1780388
1780389
1780391
1780392
1780393
1780395
1780396
1780397
1780404
1780405
1780406
1780407
1780409
1780410
1780411
1780413
1780414
1780415
1780417
1780418
1780419
1780421
1780422
1780423
1780425
1780426
1780427
1780438
1780439
1780440
1780442
1780443
1780444
1780446
1780447
1780448
1780450
1780451
1780452
1780454
1780455
1780456
1780458
1780459
1780460
1780465
1780466
1780467
1780469
1780470
1780471
1780473
1780474
1780475
1780477
1780478
1780479
1780481
1780482
1780483
1780485
1780486
1780487
1780491
1780492
1780495
1780496
1780498
1780499
1780500
1780502
1780503
1780504
1780506
1780507
1780508
1780510
1780511
1780512
1780514
1780515
1780516
1780518
1780519
1780520
1780521
1780522
1780523
1780524
1780525
1780526
1780527
1780528
1780546
1780548
1780549
1780550
1780552
1780553
1780554
1780556
1780557
1780558
1780560
1780561
1780562
1780566
1780567
1780572
1780573
1780574
1780575
1780577
1780583
1780584
1780585
1780586
1780587
1780588
1780590
1780591
1780592
1780594
1780595
1780596
1780598
1780599
1780600
1780602
1780603
1780604
1780606
1780607
1780608
1780610
1780611
1780612
1780614
1780615
1780616
1780618
1780619
1780620
1780622
1780623
1780624
1780626
1780627
1780628
1780629
1780630
1780632
1780633
1780634
1780641
1780642
1780643
1780645
1780646
1780647
1780649
1780650
1780651
1780653
1780654
1780655
1780657
1780658
1780659
1780660
1780661
1780662
1780663
1780664
1780665
1780666
1780667
1780668
1780696
1780697
1780698
1780700
1780701
1780702
1780704
1780705
1780706
1780708
1780709
1780710
1780715
1780716
1780720
1780721
1780722
1780724
1780725
1780727
1780728
1780729
1780731
1780732
1780733
1780735
1780736
1780737
1780740
1780742
1780743
1780744
1780746
1780747
1780748
1780750
1780751
1780752
1780754
1780755
1780757
1780758
1780759
1780761
1780762
1780763
1780765
1780766
1780767
1780769
1780770
1780771
1780773
1780774
1780775
1780777
1780778
1780779
1780781
1780782
1780783
1780785
1780786
1780787
1780789
1780790
1780791
1780793
1780794
1780795
1780797
1780798
1780799
1780801
1780802
1780803
1780805
1780806
1780807
1780809
1780810
1780812
1780813
1780814
1780816
1780817
1780818
1780820
1780821
1780822
1780824
1780825
1780826
1780829
1780844
1780845
1780846
1780847
1780848
1780849
1780851
1780852
1780853
1780855
1780856
1780857
1780859
1780860
1780861
1780863
1780865
1780871
1780872
1780873
1780958
1780959
1780960
1780962
1780963
1780964
1780965
1780966
1780967
1780969
1780970
1780971
1780978
1780979
1780980
1780982
1780983
1780984
1780986
1780987
1780988
1780990
1780991
1780992
1780994
1780995
1780996
1781006
1781007
1781008
1781009
1781010
1781011
1781012
1781019
1781040
1781041
1781042
1781043
1781044
1781045
1781047
1781048
1781049
1781062
1781063
1781064
1781065
1781067
1781068
1781069
1781071
1781072
1781073
1781075
1781076
1781077
1781079
1781080
1781081
1781083
1781084
1781085
1781137
1781138
1781139
1781141
1781142
1781143
1781145
1781146
1781147
1781149
1781150
1781151
1781153
1781154
1781155
1781157
1781158
1781159
1781160
1781161
1781162
1781163
1781164
1781165
1781166
1781167
1781168
1781169
1781171
1781172
1781173
1781175
1781176
1781177
1781179
1781180
1781181
1781183
1781184
1781185
1781187
1781188
1781189
1781191
1781192
1781193
1781195
1781196
1781197
1781199
1781200
1781201
1781203
1781204
1781205
1781207
1781208
1781209
1781215
1781216
1781217
1781218
1781219
1781220
1781221
1781222
1781223
1781224
1781225
1781226
1781232
1781233
1781234
1781236
1781237
1781238
1781240
1781241
1781242
1781244
1781245
1781246
1781248
1781249
1781250
1781254
1781255
1781256
1781258
1781259
1781260
1781262
1781263
1781264
1781266
1781267
1781268
1781270
1781271
1781272
1781275
1781276
1781277
1781278
1781279
1781280
1781281
1781282
1781283
1781284
1781285
1781286
1781287
1781288
1781290
1781291
1781292
1781294
1781295
1781296
1781298
1781299
1781300
1781302
1781303
1781304
1781306
1781307
1781308
1781309
1781310
1781312
1781313
1781314
1781316
1781317
1781318
1781320
1781321
1781322
1781324
1781325
1781326
1781328
1781329
1781330
1781347
1781348
1781349
1781351
1781352
1781353
1781355
1781356
1781357
1781359
1781360
1781361
1781363
1781364
1781365
1781366
1781367
1781368
1781369
1781370
1781371
1781372
1781373
1781374
1781375
1781376
1781380
1781381
1781382
1781384
1781385
1781386
1781388
1781389
1781390
1781392
1781393
1781394
1781397
1781398
1781399
1781400
1781401
1781402
1781403
1781404
1781408
1781409
1781410
1781411
1781412
1781413
1781414
1781415
1781417
1781418
1781419
1781421
1781422
1781423
1781425
1781426
1781427
1781429
1781430
1781431
1781433
1781434
1781435
1781441
1781442
1781443
1781444
1781445
1781446
1781448
1781449
1781450
1781452
1781453
1781455
1781456
1781457
1781459
1781460
1781461
1781463
1781464
1781465
1781469
1781470
1781472
1781473
1781474
1781476
1781477
1781478
1781480
1781481
1781482
1781484
1781485
1781486
1781488
1781489
1781490
1781491
1781492
1781493
1781495
1781496
1781497
1781498
1781500
1781501
1781502
1781504
1781505
1781506
1781508
1781509
1781510
1781512
1781513
1781514
1781516
1781517
1781518
1781520
1781521
1781522
1781524
1781525
1781527
1781528
1781529
1781531
1781532
1781533
1781536
1781537
1781538
1781540
1781542
1781545
1781546
1781547
1781548
1781550
1781552
1781553
1781554
1781555
1781561
1781562
1781563
1781564
1781565
1781566
1781567
1781568
1781572
1781573
1781574
1781575
1781576
1781577
1781578
1781579
1781581
1781584
1781586
1781590
1781668
1781669
1781670
1781672
1781673
1781674
1781676
1781677
1781678
1781680
1781681
1781682
1781683
1781685
1781686
1781687
1781696
1781697
1781698
1781700
1781701
1781702
1781704
1781705
1781706
1781708
1781709
1781710
1781712
1781713
1781714
1781716
1781717
1781718
1781719
1781720
1781721
1781731
1781732
1781734
1781735
1781736
1781738
1781739
1781740
1781741
1781742
1781744
1781745
1781746
1781748
1781749
1781750
1781752
1781753
1781754
1781767
1781768
1781769
1781771
1781772
1781773
1781775
1781776
1781777
1781779
1781780
1781781
1781783
1781784
1781785
1781793
1781794
1781795
1781796
1781797
1781798
1781799
1781800
1781809
1781811
1781812
1781813
1781815
1781816
1781817
1781819
1781820
1781821
1781823
1781824
1781825
1781827
1781828
1781829
1781835
1781836
1781837
1781838
1781843
1781844
1781845
1781847
1781848
1781849
1781851
1781852
1781853
1781855
1781856
1781857
1781859
1781860
1781861
1781863
1781864
1781865
1781867
1781868
1781869
1781871
1781872
1781873
1781875
1781876
1781877
1781879
1781880
1781881
1781882
1781884
1781885
1781886
1781888
1781889
1781890
1781892
1781893
1781894
1781896
1781897
1781898
1781900
1781901
1781902
1781903
1781905
1781906
1781907
1781909
1781910
1781911
1781913
1781914
1781915
1781917
1781918
1781919
1781921
1781922
1781923
1781925
1781926
1781927
1781929
1781930
1781931
1781933
1781934
1781935
1781937
1781938
1781939
1781941
1781942
1781943
1781945
1781946
1781947
1781948
1781949
1781950
1781951
1781952
1781955
1781956
1781957
1781959
1781960
1781961
1781963
1781964
1781965
1781967
1781968
1781969
1781971
1781972
1781973
1781975
1781976
1781977
1781978
1781980
1781981
1781982
1781984
1781985
1781986
1781988
1781989
1781990
1781992
1781993
1781994
1781996
1781997
1781998
1782000
1782001
1782002
1782004
1782005
1782018
1782019
1782020
1782021
1782023
1782024
1782025
1782026
1782027
1782028
1782029
1782030
1782031
1782037
1782038
1782039
1782041
1782042
1782043
1782045
1782046
1782047
1782049
1782050
1782051
1782053
1782054
1782055
1782057
1782058
1782059
1782061
1782062
1782063
1782064
1782065
1782067
1782068
1782069
1782071
1782072
1782073
1782075
1782076
1782077
1782079
1782080
1782081
1782083
1782084
1782085
1782087
1782088
1782089
1782090
1782091
1782092
1782093
1782094
1782095
1782096
1782100
1782101
1782102
1782104
1782105
1782106
1782108
1782109
1782110
1782112
1782113
1782114
1782118
1782119
1782121
1782123
1782124
1782125
1782127
1782133
1782134
1782135
1782136
1782137
1782138
1782139
1782141
1782143
1782144
1782145
1782147
1782148
1782150
1782151
1782152
1782154
1782155
1782156
1782158
1782159
1782160
1782162
1782163
1782164
1782166
1782167
1782168
1782170
1782171
1782172
1782174
1782175
1782176
1782178
1782179
1782181
1782182
1782183
1782184
1782185
1782186
1782189
1782190
1782191
1782193
1782194
1782195
1782197
1782198
1782199
1782201
1782202
1782203
1782207
1782208
1782212
1782213
1782216
1782217
1782219
1782221
1782222
1782223
1782225
1782226
1782227
1782229
1782230
1782231
1782233
1782234
1782235
1782237
1782238
1782239
1782241
1782242
1782243
1782245
1782246
1782247
1782249
1782250
1782251
1782253
1782254
1782255
1782261
1782262
1782263
1782265
1782266
1782267
1782269
1782270
1782271
1782273
1782276
1782277
1782278
1782284
1782285
1782287
1782290
1782292
1782293
1782294
1782295
1782296
1782297
1782301
1782302
1782303
1782304
1782306
1782307
1782308
1782310
1782311
1782372
1782373
1782374
1782376
1782377
1782378
1782380
1782381
1782382
1782384
1782385
1782386
1782390
1782391
1782409
1782412
1782413
1782414
1782416
1782417
1782418
1782420
1782421
1782422
1782424
1782425
1782426
1782428
1782429
1782430
1782432
1782433
1782434
1782436
1782437
1782438
1782440
1782441
1782442
1782443
1782444
1782445
1782446
1782448
1782449
1782450
1782455
1782456
1782458
1782459
1782460
1782462
1782463
1782464
1782465
1782467
1782468
1782469
1782470
1782472
1782473
1782474
1782475
1782476
1782477
1782478
1782479
1782481
1782484
1782485
1782486
1782487
1782489
1782490
1782491
1782492
1782494
1782495
1782496
1782497
1782499
1782500
1782501
1782511
1782512
1782513
1782514
1782516
1782517
1782518
1782519
1782520
1782521
1782522
1782523
1782525
1782526
1782527
1782528
1782530
1782531
1782532
1782533
1782535
1782536
1782537
1782538
1782540
1782541
1782542
1782543
1782545
1782546
1782547
1782548
1782550
1782551
1782552
1782553
1782573
1782574
1782575
1782576
1782578
1782579
1782580
1782581
1782583
1782584
1782585
1782586
1782588
1782589
1782590
1782591
1782595
1782596
1782597
1782598
1782600
1782601
1782602
1782603
1782604
1782605
1782606
1782607
1782609
1782610
1782611
1782612
1782614
1782615
1782616
1782617
1782619
1782620
1782621
1782622
1782624
1782625
1782626
1782627
1782629
1782630
1782631
1782632
1782634
1782635
1782636
1782637
1782644
1782645
1782646
1782647
1782649
1782650
1782651
1782652
1782654
1782655
1782656
1782657
1782659
1782660
1782661
1782662
1782663
1782664
1782665
1782666
1782769
1782770
1782771
1782772
1782774
1782775
1782776
1782777
1782779
1782780
1782781
1782782
1782784
1782785
1782786
1782787
1782789
1782790
1782791
1782792
1782794
1782795
1782796
1782797
1782799
1782800
1782801
1782802
1782808
1782809
1782810
1782811
1782828
1782829
1782830
1782831
1782833
1782834
1782835
1782836
1782838
1782839
1782840
1782841
1782843
1782844
1782845
1782846
1782850
1782851
1782852
1782853
1782855
1782856
1782857
1782858
1782860
1782861
1782862
1782863
1782866
1782867
1782868
1782869
1782871
1782872
1782873
1782874
1782877
1782878
1782879
1782880
1782882
1782883
1782884
1782885
1782887
1782888
1782889
1782890
1782894
1782895
1782896
1782897
1782899
1782900
1782901
1782902
1782904
1782905
1782906
1782907
1782911
1782912
1782913
1782914
1782915
1782916
1782917
1782918
1782919
1782920
1782921
1782922
1782923
1782924
1782925
1782926
1782927
1782928
1782929
1782930
1782931
1782932
1782933
1782937
1782938
1782939
1782940
1782942
1782943
1782944
1782945
1782947
1782948
1782949
1782950
1782952
1782953
1782954
1782955
1782956
1782962
1782963
1782965
1782966
1782967
1782968
1782970
1782971
1782972
1782973
1782975
1782976
1782977
1782978
1782980
1782981
1782982
1782983
1782989
1782990
1782991
1782993
1782995
1783006
1783075
1783076
1783077
1783078
1783080
1783081
1783082
1783083
1783084
1783086
1783087
1783088
1783089
1783091
1783092
1783093
1783094
1783096
1783097
1783098
1783099
1783101
1783102
1783103
1783104
1783106
1783107
1783108
1783109
1783111
1783112
1783113
1783114
1783116
1783118
1783119
1783120
1783125
1783126
1783127
1783128
1783130
1783131
1783132
1783133
1783135
1783136
1783137
1783138
1783140
1783141
1783142
1783143
1783145
1783146
1783147
1783148
1783150
1783151
1783152
1783153
1783155
1783166
1783167
1783168
1783169
1783207
1783208
1783209
1783210
1783212
1783213
1783214
1783215
1783217
1783218
1783219
1783220
1783222
1783223
1783224
1783225
1783237
1783238
1783239
1783240
1783242
1783243
1783244
1783245
1783246
1783248
1783249
1783250
1783251
1783253
1783254
1783255
1783256
1783258
1783259
1783260
1783261
1783263
1783264
1783265
1783266
1783268
1783269
1783270
1783271
1783273
1783274
1783275
1783276
1783277
1783278
1783279
1783280
1783281
1783282
1783283
1783285
1783286
1783287
1783288
1783290
1783292
1783293
1783294
1783295
1783297
1783298
1783299
1783300
1783302
1783303
1783304
1783305
1783307
1783309
1783317
1783318
1783319
1783320
1783322
1783323
1783324
1783325
1783327
1783329
1783330
1783331
1783332
1783334
1783335
1783336
1783337
1783341
1783342
1783345
1783346
1783349
1783350
1783352
1783353
1783357
1783358
1783361
1783362
1783365
1783366
1783368
1783369
1783370
1783371
1783373
1783374
1783375
1783376
1783377
1783378
1783379
1783380
1783382
1783383
1783384
1783385
1783387
1783388
1783389
1783390
1783392
1783393
1783394
1783395
1783397
1783399
1783400
1783401
1783402
1783404
1783405
1783406
1783407
1783409
1783410
1783411
1783412
1783414
1783415
1783416
1783417
1783419
1783420
1783421
1783422
1783424
1783425
1783426
1783427
1783429
1783430
1783431
1783432
1783433
1783434
1783435
1783436
1783437
1783438
1783439
1783445
1783446
1783449
1783450
1783453
1783454
1783456
1783457
1783458
1783459
1783461
1783463
1783464
1783465
1783466
1783468
1783469
1783470
1783471
1783473
1783474
1783475
1783476
1783478
1783479
1783481
1783482
1783483
1783484
1783486
1783487
1783488
1783489
1783491
1783492
1783493
1783494
1783496
1783497
1783498
1783500
1783501
1783502
1783503
1783505
1783506
1783507
1783508
1783510
1783511
1783512
1783513
1783515
1783516
1783517
1783518
1783520
1783521
1783522
1783523
1783525
1783526
1783527
1783528
1783530
1783531
1783532
1783533
1783535
1783536
1783537
1783538
1783539
1783540
1783541
1783542
1783543
1783553
1783554
1783555
1783556
1783558
1783559
1783560
1783561
1783563
1783564
1783565
1783566
1783568
1783569
1783570
1783571
1783573
1783574
1783575
1783576
1783577
1783578
1783579
1783580
1783581
1783582
1783583
1783584
1783586
1783587
1783588
1783589
1783591
1783592
1783593
1783594
1783596
1783597
1783598
1783599
1783601
1783602
1783603
1783604
1783609
1783610
1783611
1783612
1783614
1783615
1783616
1783617
1783619
1783620
1783621
1783622
1783624
1783625
1783626
1783627
1783652
1783653
1783654
1783655
1783657
1783658
1783659
1783660
1783662
1783663
1783664
1783665
1783667
1783668
1783669
1783670
1783676
1783678
1783832
1783833
1783834
1783835
1783837
1783838
1783839
1783840
1783842
1783843
1783844
1783845
1783847
1783848
1783849
1783850
1783855
1783856
1783869
1783870
1783871
1783872
1783895
1783896
1783897
1783898
1783900
1783901
1783902
1783903
1783905
1783906
1783907
1783908
1783910
1783911
1783912
1783913
1783920
1783921
1783922
1783923
1783925
1783926
1783927
1783928
1783930
1783931
1783932
1783933
1783935
1783936
1783937
1783938
1783940
1783941
1783942
1783943
1783945
1783946
1783947
1783948
1783950
1783951
1783952
1783953
1783955
1783956
1783957
1783958
1783966
1783967
1783968
1783969
1783970
1783971
1783972
1783974
1783980
1783981
1783983
1783984
1783985
1783986
1783988
1783989
1783990
1783991
1783993
1783994
1783995
1783996
1783998
1783999
1784000
1784001
1784003
1784004
1784005
1784006
1784008
1784009
1784010
1784011
1784013
1784014
1784015
1784016
1784018
1784019
1784020
1784021
1784023
1784024
1784025
1784026
1784028
1784029
1784030
1784031
1784033
1784034
1784035
1784036
1784038
1784039
1784040
1784041
1784047
1784048
1784049
1784050
1784052
1784053
1784054
1784055
1784057
1784058
1784059
1784060
1784062
1784063
1784064
1784065
1784085
1784086
1784087
1784088
1784090
1784091
1784092
1784093
1784095
1784096
1784097
1784098
1784100
1784101
1784102
1784103
1784140
1784141
1784142
1784143
1784145
1784146
1784147
1784148
1784150
1784151
1784152
1784153
1784155
1784156
1784157
1784158
1784162
1784163
1784164
1784165
1784167
1784168
1784169
1784170
1784172
1784173
1784174
1784175
1784177
1784178
1784179
1784180
1784187
1784188
1784189
1784190
1784191
1784192
1784193
1784194
1784195
1784196
1784197
1784198
1784208
1784209
1784210
1784211
1784213
1784214
1784215
1784216
1784218
1784219
1784220
1784221
1784223
1784224
1784225
1784226
1784227
1784228
1784233
1784234
1784235
1784236
1784238
1784239
1784240
1784241
1784243
1784244
1784245
1784246
1784248
1784249
1784250
1784251
1784253
1784254
1784255
1784256
1784257
1784258
1784260
1784261
1784262
1784263
1784265
1784266
1784267
1784268
1784270
1784271
1784272
1784273
1784275
1784276
1784277
1784278
1784373
1784378
1784402
1784403
1784404
1784405
1784407
1784408
1784409
1784410
1784412
1784413
1784414
1784415
1784417
1784418
1784419
1784420
1784424
1784425
1784426
1784427
1784429
1784430
1784431
1784432
1784434
1784435
1784436
1784437
1784439
1784440
1784441
1784442
1784456
1784457
1784458
1784459
1784461
1784462
1784463
1784464
1784466
1784467
1784469
1784500
1784501
1784502
1784503
1784504
1784505
1784506
1784507
1784508
1784509
1784510
1784511
1784598
1784599
1784600
1784601
1784602
1784603
1784604
1784605
1784612
1784613
1784614
1784615
1784617
1784618
1784619
1784620
1784622
1784623
1784624
1784625
1784627
1784628
1784629
1784630
1784635
1784636
1784637
1784638
1784640
1784641
1784642
1784643
1784645
1784646
1784647
1784648
1784650
1784651
1784652
1784653
1784655
1784656
1784657
1784658
1784664
1784665
1784666
1784667
1784669
1784670
1784671
1784672
1784674
1784675
1784676
1784677
1784679
1784680
1784681
1784682
1784684
1784685
1784686
1784687
1784689
1784690
1784691
1784692
1784694
1784695
1784696
1784697
1784699
1784700
1784701
1784702
1784706
1784707
1784708
1784709
1784711
1784712
1784713
1784714
1784716
1784717
1784718
1784719
1784728
1784729
1784730
1784731
1784733
1784734
1784735
1784736
1784738
1784739
1784740
1784741
1784743
1784744
1784745
1784746
1784750
1784751
1784752
1784753
1784755
1784756
1784757
1784758
1784760
1784761
1784762
1784763
1784765
1784766
1784767
1784768
1784774
1784775
1784776
1784778
1784779
1784780
1784781
1784782
1784783
1784784
1784785
1784786
1784787
1784788
1784789
1784790
1784791
1784792
1784793
1784794
1784795
1784796
1784797
1784798
1784799
1784800
1784801
1784802
1784803
1784807
1784808
1784811
1784812
1784815
1784816
1784823
1784827
1784828
1784829
1784830
1784832
1784833
1784834
1784835
1784837
1784838
1784839
1784840
1784842
1784843
1784844
1784845
1784849
1784850
1784851
1784852
1784858
1784859
1784860
1784861
1784863
1784864
1784865
1784866
1784868
1784869
1784870
1784871
1784873
1784875
1784876
1784877
1784878
1784896
1784897
1784898
1784899
1784901
1784902
1784903
1784904
1784906
1784907
1784908
1784909
1784911
1784912
1784913
1784914
1784918
1784919
1784920
1784921
1784922
1784923
1784924
1784925
1784926
1784927
1784928
1784929
1784930
1784932
1784933
1784934
1784935
1784936
1784937
1784938
1784939
1784940
1784941
1784942
1784943
1784944
1784946
1784947
1784948
1784949
1784950
1784951
1784952
1784953
1784954
1784955
1784956
1784957
1784960
1784961
1784963
1784964
1784965
1784966
1784968
1784969
1784970
1784971
1784973
1784974
1784975
1784976
1784979
1784980
1784981
1784982
1784984
1784985
1784986
1784987
1784989
1784990
1784991
1784992
1784994
1784995
1784996
1784997
1784999
1785000
1785001
1785002
1785006
1785007
1785009
1785011
1785012
1785013
1785014
1785016
1785017
1785018
1785019
1785021
1785022
1785023
1785024
1785026
1785027
1785028
1785029
1785050
1785051
1785052
1785053
1785055
1785056
1785057
1785058
1785060
1785061
1785062
1785063
1785092
1785093
1785094
1785095
1785096
1785097
1785098
1785099
1785100
1785101
1785102
1785103
1785104
1785105
1785106
1785107
1785108
1785109
1785110
1785111
1785112
1785113
1785114
1785122
1785123
1785124
1785125
1785127
1785128
1785129
1785130
1785132
1785133
1785134
1785135
1785137
1785138
1785139
1785140
1785168
1785169
1785170
1785171
1785173
1785174
1785175
1785176
1785178
1785179
1785180
1785181
1785185
1785186
1785187
1785188
1785190
1785191
1785192
1785193
1785195
1785196
1785197
1785198
1785200
1785201
1785202
1785203
1785205
1785206
1785207
1785208
1785210
1785211
1785212
1785213
1785215
1785216
1785217
1785218
1785220
1785221
1785222
1785223
1785227
1785228
1785229
1785230
1785231
1785232
1785233
1785234
1785235
1785236
1785237
1785238
1785239
1785240
1785243
1785244
1785245
1785246
1785248
1785249
1785250
1785251
1785253
1785254
1785255
1785256
1785259
1785260
1785262
1785318
1785319
1785320
1785400
1785401
1785402
1785403
1785405
1785406
1785407
1785408
1785410
1785411
1785412
1785413
1785422
1785423
1785424
1785425
1785427
1785428
1785429
1785430
1785432
1785433
1785434
1785435
1785437
1785438
1785439
1785440
1785444
1785445
1785446
1785447
1785449
1785450
1785451
1785452
1785454
1785455
1785456
1785457
1785460
1785461
1785462
1785463
1785464
1785465
1785466
1785467
1785468
1785469
1785470
1785471
1785472
1785473
1785477
1785478
1785479
1785480
1785482
1785483
1785484
1785485
1785487
1785488
1785489
1785490
1785492
1785493
1785494
1785495
1785497
1785498
1785499
1785500
1785502
1785503
1785504
1785505
1785507
1785508
1785509
1785510
1785512
1785513
1785514
1785515
1785522
1785523
1785524
1785525
1785527
1785528
1785529
1785530
1785532
1785533
1785534
1785535
1785542
1785543
1785544
1785545
1785546
1785547
1785548
1785549
1785550
1785551
1785553
1785554
1785555
1785556
1785558
1785559
1785560
1785561
1785563
1785564
1785565
1785566
1785568
1785569
1785570
1785571
1785575
1785576
1785577
1785578
1785580
1785581
1785582
1785583
1785585
1785586
1785587
1785588
1785590
1785591
1785592
1785593
1785615
1785616
1785617
1785618
1785620
1785621
1785622
1785623
1785625
1785626
1785627
1785628
1785630
1785631
1785632
1785633
1785635
1785636
1785637
1785638
1785639
1785640
1785641
1785642
1785643
1785644
1785645
1785646
1785647
1785648
1785650
1785651
1785652
1785653
1785655
1785656
1785657
1785658
1785660
1785661
1785662
1785663
1785665
1785666
1785667
1785668
1785688
1785689
1785690
1785691
1785693
1785694
1785695
1785696
1785698
1785699
1785700
1785701
1785705
1785706
1785707
1785708
1785709
1785710
1785711
1785712
1785714
1785715
1785716
1785717
1785719
1785720
1785721
1785722
1785724
1785725
1785726
1785727
1785729
1785730
1785731
1785732
1785734
1785735
1785736
1785737
1785739
1785740
1785741
1785742
1785744
1785745
1785746
1785747
1785749
1785750
1785751
1785752
1785754
1785755
1785756
1785757
1785758
1785759
1785760
1785764
1785765
1785766
1785767
1785768
1785770
1785773
1785774
1785775
1785776
1785778
1785779
1785780
1785781
1785783
1785784
1785785
1785786
1785788
1785789
1785790
1785791
1785801
1785802
1785803
1785804
1785805
1785809
1785814
1785815
1785816
1785817
1785819
1785820
1785821
1785822
1785824
1785825
1785826
1785827
1785829
1785830
1785831
1785832
1785840
1785861
1785862
1785902
1785903
1785904
1785905
1785907
1785908
1785909
1785910
1785912
1785913
1785914
1785915
1785917
1785918
1785919
1785920
1785935
1785936
1785937
1785938
1785940
1785941
1785942
1785943
1785945
1785946
1785947
1785948
1785950
1785951
1785952
1785953
1785955
1785956
1785958
1785959
1785960
1785961
1785970
1785971
1785972
1785973
1785975
1785976
1785977
1785978
1785980
1785981
1785982
1785983
1785985
1785986
1785987
1785988
1785990
1785991
1785992
1785993
1785995
1785996
1785998
1786031
1786032
1786121
1786122
1786123
1786124
1786126
1786127
1786128
1786129
1786131
1786132
1786133
1786134
1786136
1786137
1786138
1786139
1786152
1786153
1786154
1786155
1786157
1786158
1786159
1786160
1786162
1786163
1786164
1786165
1786167
1786168
1786169
1786170
1786172
1786173
1786174
1786175
1786176
1786177
1786178
1786180
1786181
1786182
1786183
1786185
1786186
1786187
1786188
1786190
1786191
1786192
1786193
1786195
1786196
1786197
1786198
1786211
1786212
1786213
1786214
1786216
1786217
1786218
1786219
1786221
1786222
1786223
1786224
1786226
1786227
1786228
1786277
1786278
1786279
1786280
1786281
1786282
1786283
1786284
1786285
1786286
1786287
1786288
1786289
1786290
1786291
1786292
1786293
1786294
1786295
1786296
1786297
1786314
1786315
1786316
1786317
1786319
1786320
1786321
1786322
1786324
1786325
1786326
1786327
1786329
1786330
1786331
1786332
1786334
1786335
1786336
1786337
1786339
1786340
1786341
1786342
1786344
1786345
1786346
1786347
1786349
1786350
1786351
1786352
1786358
1786359
1786360
1786361
1786362
1786363
1786364
1786365
1786366
1786367
1786369
1786370
1786371
1786372
1786374
1786375
1786376
1786377
1786379
1786380
1786381
1786382
1786384
1786385
1786386
1786387
1786398
1786399
1786400
1786401
1786402
1786403
1786404
1786405
1786407
1786408
1786409
1786411
1786412
1786413
1786414
1786416
1786417
1786418
1786419
1786421
1786422
1786423
1786424
1786426
1786427
1786428
1786429
1786431
1786432
1786433
1786434
1786436
1786437
1786438
1786439
1786441
1786442
1786443
1786444
1786451
1786452
1786453
1786454
1786455
1786456
1786457
1786458
1786459
1786460
1786461
1786462
1786463
1786464
1786466
1786467
1786468
1786469
1786471
1786472
1786473
1786474
1786476
1786477
1786478
1786479
1786481
1786482
1786483
1786484
1786488
1786489
1786490
1786492
1786493
1786494
1786495
1786497
1786498
1786499
1786500
1786502
1786503
1786504
1786505
1786507
1786508
1786509
1786510
1786514
1786515
1786516
1786517
1786519
1786520
1786521
1786522
1786524
1786525
1786526
1786527
1786529
1786530
1786531
1786532
1786541
1786542
1786543
1786544
1786546
1786547
1786548
1786549
1786551
1786552
1786553
1786554
1786556
1786557
1786558
1786559
1786561
1786562
1786563
1786564
1786566
1786567
1786568
1786569
1786571
1786572
1786573
1786574
1786580
1786581
1786582
1786583
1786585
1786586
1786587
1786588
1786590
1786591
1786592
1786593
1786595
1786596
1786597
1786598
1786604
1786605
1786606
1786607
1786609
1786610
1786611
1786612
1786614
1786615
1786616
1786617
1786619
1786620
1786621
1786622
1786660
1786661
1786662
1786663
1786665
1786666
1786667
1786668
1786670
1786671
1786672
1786673
1786675
1786676
1786677
1786678
1786680
1786681
1786682
1786683
1786685
1786686
1786687
1786688
1786689
1786691
1786692
1786706
1786707
1787234
1787235
1787238
1787239
1787242
1787243
1787245
1787249
1787252
1787255
1787258
1787277
1787307
1787308
1787336
1787338
1787341
1787344
1787349
1787351
1787364
1787379
1788605
1789543
1790219
1791144
1791831
1793418
1793894
1794347
1794869
1795022
1795042
1795064
1795094
1795105
1795129
1795130
1795143
1795147
1795184
1795192
1795209
1795233
1795419
1795882
1795888
1795892
1795905
1795916
1795927
1795957
1795958
1795962
1795966
1795970
1796040
1796051
1796053
1796057
1796066
1796067
1796463
1796496
1796675
1796680
1796684
1796688
1796695
1796704
1796705
1796709
1796713
1796717
1796721
1796723
1796727
1796762
1797230
1797483
1797519
1797616
1797681
1797682
1797697
1797698
1797715
1797766
1797798
1798193
1798519
1798858
1799273
1799309
1799319
1799344
1799358
1799362
1799378
1799390
1799396
1799397
1799408
1799415
1799471
1799475
1799480
1799484
1799629
1800000
1800002
1800044
1800045
1800046
1800047
1800048
1800050
1800051
1800052
1800053
1800054
1800056
1800057
1800058
1800059
1800065
1800066
1800067
1800068
1800079
1800080
1800081
1800082
1800083
1800084
1800086
1800087
1800088
1800089
1800090
1800092
1800093
1800094
1800096
1800115
1800116
1800117
1800118
1800135
1800136
1800137
1800276
1800601
1800730
1800984
1801283
1802977
1803509
1803666
1803777
1803982
1804240
1804553
1804631
1804633
1804635
1804637
1804643
1804645
1804646
1804657
1804659
1804661
1804668
1804670
1804672
1804682
1804683
1804685
1804686
1804687
1804688
1804690
1804691
1804692
1804693
1804716
1804722
1804724
1804726
1804736
1804737
1805072
1805091
1805123
1805137
1805139
1805143
1805147
1805151
1805176
1805177
1805185
1805186
1805295
1805308
1805310
1805312
1805320
1805322
1805404
1805751
1805987
1805993
1806016
1806038
1806052
1806053
1806073
1806074
1806076
1806083
1806084
1806102
1806103
1806107
1806296
1806307
1806311
1806317
1806327
1806328
1806340
1806343
1806344
1806348
1806356
1806389
1806390
1806391
1806399
1806587
1806695
1806703
1806707
1806716
1806718
1806724
1806725
1806729
1806731
1806740
1806749
1806751
1806753
1806757
1806774
1806901
1807140
1807385
1807468
1807472
1807476
1807480
1807482
1807484
1807485
1807489
1807491
1807495
1807498
1807502
1807504
1807506
1807510
1807516
1807618
1807795
1808072
1808238
1808360
1808372
1808382
1808386
1808388
1808406
1808407
1808411
1808413
1808424
1808428
1808448
1808461
1808939
1809285
1809594
1809619
1809643
1809658
1809672
1809727
1809728
1809792
1809793
1809812
1809825
1809912
1810078
1810159
1810169
1810173
1810177
1810179
1810186
1810187
1810191
1810195
1810199
1810203
1810205
1810207
1810211
1810421
1810988
1811105
1811109
1811113
1811117
1811119
1811137
1811138
1811154
1811155
1811159
1811163
1811165
1811167
1811171
1811173
1811400
1812156
1812174
1812190
1812204
1812214
1812231
1812232
1812244
1812245
1812251
1812255
1812264
1812268
1812506
1812695
1812701
1812714
1812723
1812740
1812766
1812767
1812775
1812777
1812789
1812793
1812795
1812797
1812805
1812859
1813236
1814073
1814219
1814242
1814477
1814517
1814648
1814764
1814921
1814936
1814940
1814942
1814960
1814961
1814971
1814972
1814980
1814982
1814984
1814986
1814990
1815029
1815420
1815632
1815724
1815740
1815741
1815743
1815744
1815745
1815746
1815748
1815749
1815751
1815752
1815754
1815792
1815793
1815794
1815795
1815797
1815798
1815800
1815801
1815803
1815805
1815823
1815824
1815844
1815855
1815857
1815937
1815943
1815945
1815949
1815958
1815968
1815970
1815971
1815975
1815977
1815981
1815990
1815992
1815994
1815996
1816000
1816041
1816119
1816203
1816207
1816215
1816221
1816252
1816254
1816259
1816269
1816328
1816335
1816517
1816809
1817136
1817627
1817640
1817644
1817648
1817654
1817658
1817662
1817664
1817666
1817672
1817673
1817677
1817681
1817687
1817700
1817701
1817705
1817709
1817711
1817890
1818069
1818172
1818273
1818281
1818292
1818324
1818325
1818327
1818328
1818335
1818337
1818341
1818345
1818347
1818351
1818352
1818358
1818360
1818369
1818373
1818375
1818376
1818380
1818405
1818492
1818614
1819597
1819664
1819699
1819739
1819740
1819755
1819804
1819805
1819846
1819847
1819868
1819888
1819911
1819926
1819946
1819986
1820035
1820061
1820097
1820116
1820122
1820138
1820170
1820193
1820234
1820255
1820273
1820294
1820299
1820301
1820302
1820303
1820304
1820305
1820314
1820316
1820318
1820320
1820321
1820322
1820323
1820324
1820325
1820326
1820333
1820334
1820335
1820336
1820338
1820340
1820342
1820344
1820345
1820346
1820347
1820348
1820349
1820350
1820352
1820353
1820354
1820355
1820356
1820357
1820358
1820359
1820360
1820361
1820366
1820367
1820368
1820369
1820371
1820373
1820374
1820376
1820378
1820379
1820380
1820381
1820382
1820383
1820384
1820386
1820387
1820392
1820393
1820395
1820396
1820397
1820398
1820399
1820400
1820402
1820403
1820404
1820405
1820406
1820407
1820408
1820409
1820410
1820411
1820412
1820413
1820414
1820415
1820416
1820417
1820418
1820419
1820420
1820421
1820422
1820423
1820424
1820425
1820426
1820427
1820428
1820429
1820431
1820432
1820433
1820441
1820442
1820451
1820555
1821127
1821601
1821607
1821611
1821615
1821618
1821620
1821621
1821622
1821626
1821630
1821634
1821638
1821640
1821642
1821646
1821648
1821679
1821703
1821717
1821721
1821725
1821727
1821731
1821735
1821737
1821739
1821740
1821744
1821746
1821750
1821754
1821756
1821757
1821761
1821774
1821790
1821792
1821796
1821800
1821802
1821804
1821805
1821811
1821813
1821820
1821825
1821827
1821829
1821831
1821835
1821862
1821874
1821878
1821882
1821891
1821914
1821915
1821926
1821931
1821944
1821954
1821961
1821963
1821970
1822019
1822025
1822029
1822033
1822035
1822058
1822059
1822071
1822075
1822077
1822079
1822081
1822085
1822346
1822543
1822661
1822755
1822794
1822854
1822858
1822862
1822866
1822870
1822872
1822904
1822905
1822909
1822915
1822921
1822925
1822927
1822929
1822933
1822983
1822993
1822995
1823000
1823014
1823015
1823016
1823020
1823024
1823028
1823032
1823034
1823036
1823040
1823044
1823057
1823059
1823063
1823067
1823069
1823076
1823077
1823089
1823093
1823097
1823101
1823103
1823105
1823109
1823132
1823160
1823165
1823167
1823171
1823175
1823177
1823179
1823180
1823184
1823188
1823192
1823196
1823198
1823200
1823204
1823234
1823457
1823555
1823559
1823565
1823569
1823571
1823575
1823577
1823581
1823583
1823587
1823589
1823593
1823595
1823597
1823602
1823605
1823607
1823609
1823611
1823612
1823613
1823614
1823616
1823617
1823621
1823625
1823627
1823629
1823635
1823637
1823667
1823671
1823675
1823677
1823678
1823679
1823680
1823684
1823688
1823690
1823691
1823693
1823697
1823699
1823701
1823705
1823707
1823731
1823840
1823842
1823846
1823850
1823852
1823857
1823858
1823868
1823870
1823917
1823918
1823938
1824167
1824337
1824352
1824361
1824374
1824389
1824430
1824431
1824448
1824461
1824467
1824472
1824474
1824478
1824489
1824498
1825215
1825502
1825519
1825539
1825560
1825578
1825580
1825605
1825621
1825641
1825661
1826044
1826057
1826063
1826067
1826071
1826073
1826075
1826076
1826080
1826082
1826087
1826089
1826090
1826094
1826096
1826101
1826141
1826180
1826182
1826186
1826190
1826198
1826201
1826202
1826206
1826208
1826212
1826216
1826218
1826222
1826231
1826260
1826277
1826279
1826283
1826287
1826289
1826291
1826292
1826296
1826300
1826302
1826304
1826308
1826309
1826311
1826313
1826317
1826323
1826325
1826329
1826333
1826335
1826337
1826338
1826342
1826346
1826349
1826356
1826360
1826362
1826363
1826367
1826431
1827433
1829523
1830585
1831348
1831405
1831455
1831459
1831463
1831467
1831469
1831477
1831478
1831500
1831501
1831514
1831515
1831549
1831550
1831554
1831948
1832386
1832778
1833317
1835828
1836475
1836540
1836541
1836594
1836920
1836924
1836954
1836956
1836976
1836992
1836994
1837007
1837009
1837016
1837043
1837044
1837045
1837046
1837075
1837076
1837078
1837079
1837080
1837107
1837108
1837109
1837129
1837136
1837137
1837162
1837163
1837167
1837168
1837199
1837200
1837227
1837228
1837229
1837230
1837241
1837242
1837243
1837245
1837253
1837256
1837257
1837258
1837260
1837261
1837319
1837320
1837321
1837322
1837323
1837338
1837339
1837340
1837342
1837343
1837344
1837346
1837347
1837348
1837350
1837351
1837352
1837355
1837356
1837357
1837359
1837360
1837361
1837363
1837364
1837366
1837377
1837378
1837379
1837380
1837438
1837439
1837440
1837442
1837443
1837444
1837445
1837464
1837465
1837466
1837468
1837469
1837470
1837472
1837473
1837474
1837476
1837477
1837478
1837484
1837485
1837486
1837487
1837488
1837489
1837521
1837522
1837523
1837525
1837526
1837527
1837529
1837530
1837531
1837533
1837534
1837535
1837536
1837537
1837538
1837540
1837541
1837542
1837544
1837545
1837546
1837548
1837549
1837550
1837552
1837553
1837554
1837556
1837557
1837558
1837560
1837561
1837562
1837564
1837565
1837566
1837568
1837577
1837578
1837579
1837580
1837581
1837582
1837583
1837584
1837585
1837586
1837587
1837589
1837590
1837591
1837592
1837593
1837594
1837595
1837596
1837597
1837644
1837645
1837646
1837648
1837649
1837650
1837652
1837653
1837654
1837656
1837657
1837658
1837660
1837661
1837662
1837664
1837665
1837666
1837668
1837669
1837670
1837672
1837673
1837674
1837701
1837702
1837703
1837705
1837706
1837707
1837709
1837710
1837711
1837713
1837714
1837715
1837718
1837719
1837720
1837721
1837722
1837723
1837724
1837725
1837726
1837727
1837728
1837729
1837730
1837731
1837732
1837733
1837734
1837736
1837737
1837768
1837769
1837771
1837772
1837773
1837775
1837776
1837777
1837779
1837780
1837781
1837783
1837784
1837785
1837787
1837788
1837789
1837791
1837792
1837793
1837795
1837796
1837797
1837799
1837800
1837801
1837803
1837804
1837805
1837806
1837807
1837808
1837809
1837810
1837811
1837812
1837815
1837816
1837817
1837819
1837820
1837821
1837823
1837824
1837825
1837827
1837828
1837829
1837833
1837834
1837835
1837837
1837838
1837839
1837841
1837842
1837843
1837845
1837846
1837847
1837853
1837854
1837855
1837857
1837858
1837859
1837861
1837862
1837863
1837865
1837866
1837867
1837869
1837870
1837871
1837872
1837873
1837874
1837875
1837876
1837877
1837878
1837879
1837937
1837938
1837939
1837941
1837942
1837943
1837945
1837946
1837947
1837949
1837950
1837951
1837952
1837953
1837954
1837955
1837956
1837957
1837958
1837959
1837960
1837961
1837962
1837963
1837964
1837965
1837969
1837971
1837972
1837973
1837975
1837976
1837977
1837979
1837980
1837981
1837983
1837984
1837985
1837987
1837988
1837989
1837991
1837992
1837993
1837995
1837996
1837997
1837999
1838001
1838002
1838003
1838005
1838006
1838007
1838008
1838009
1838010
1838011
1838012
1838013
1838089
1838090
1838091
1838093
1838094
1838095
1838097
1838098
1838099
1838101
1838102
1838103
1838105
1838106
1838107
1838108
1838128
1838131
1838134
1838135
1838158
1838172
1838178
1838179
1838180
1838182
1838183
1838184
1838186
1838187
1838188
1838189
1838191
1838192
1838193
1838197
1838198
1838199
1838201
1838202
1838203
1838205
1838206
1838207
1838209
1838210
1838211
1838213
1838214
1838215
1838220
1838221
1838222
1838223
1838224
1838225
1838226
1838227
1838228
1838229
1838231
1838232
1838233
1838235
1838236
1838237
1838239
1838240
1838241
1838243
1838244
1838245
1838281
1838282
1838284
1838285
1838286
1838287
1838289
1838290
1838291
1838293
1838294
1838295
1838297
1838298
1838299
1838301
1838302
1838303
1838305
1838306
1838307
1838310
1838311
1838312
1838314
1838315
1838316
1838318
1838319
1838320
1838322
1838323
1838324
1838326
1838327
1838328
1838330
1838331
1838332
1838334
1838335
1838340
1838341
1838342
1838344
1838345
1838346
1838348
1838349
1838350
1838352
1838353
1838354
1838355
1838357
1838358
1838359
1838360
1838361
1838365
1838366
1838367
1838369
1838370
1838371
1838373
1838374
1838375
1838377
1838378
1838379
1838396
1838397
1838398
1838399
1838400
1838401
1838403
1838404
1838405
1838407
1838409
1838410
1838411
1838413
1838414
1838415
1838417
1838418
1838419
1838429
1838431
1838432
1838433
1838435
1838436
1838437
1838439
1838440
1838441
1838443
1838444
1838445
1838502
1838503
1838505
1838506
1838507
1838509
1838510
1838512
1838513
1838514
1838516
1838517
1838518
1838520
1838521
1838522
1838524
1838525
1838526
1838528
1838529
1838530
1838532
1838533
1838534
1838536
1838537
1838538
1838540
1838541
1838542
1838544
1838545
1838546
1838548
1838549
1838550
1838552
1838553
1838554
1838555
1838612
1838613
1838614
1838616
1838617
1838618
1838620
1838621
1838623
1838624
1838625
1838626
1838627
1838655
1838656
1838657
1838658
1838659
1838660
1838661
1838662
1838663
1838664
1838665
1838666
1838667
1838668
1838669
1838670
1838671
1838673
1838674
1838675
1838676
1838678
1838679
1838680
1838682
1838683
1838684
1838686
1838687
1838688
1838690
1838691
1838692
1838695
1838696
1838697
1838699
1838700
1838701
1838703
1838704
1838705
1838707
1838708
1838709
1838722
1838723
1838724
1838737
1838738
1838739
1838740
1838741
1838742
1838745
1838746
1838747
1838749
1838750
1838751
1838753
1838754
1838755
1838757
1838758
1838759
1838765
1838766
1838767
1838769
1838770
1838771
1838773
1838774
1838775
1838777
1838778
1838779
1838781
1838782
1838783
1838784
1838785
1838786
1838789
1838790
1838791
1838793
1838794
1838795
1838797
1838798
1838799
1838801
1838802
1838803
1838805
1838806
1838807
1838808
1838810
1838811
1838812
1838814
1838815
1838816
1838818
1838819
1838820
1838821
1838822
1838823
1838824
1838825
1838826
1838827
1838840
1838841
1838842
1838844
1838845
1838846
1838848
1838849
1838850
1838852
1838853
1838854
1838858
1838859
1838860
1838866
1838867
1838868
1838870
1838871
1838872
1838874
1838875
1838876
1838878
1838879
1838880
1838890
1838891
1838892
1838893
1838894
1838896
1838897
1838898
1838900
1838901
1838902
1838904
1838905
1838906
1838908
1838909
1838910
1838916
1838917
1838918
1838920
1838921
1838922
1838924
1838925
1838926
1838928
1838929
1838930
1838932
1838933
1838934
1838936
1838937
1838938
1838940
1838941
1838942
1838944
1838945
1838946
1838948
1838949
1838950
1838952
1838953
1838955
1838956
1838957
1838959
1838960
1838961
1838963
1838964
1838965
1838966
1838967
1838968
1838969
1838970
1838971
1838972
1838973
1838974
1838975
1838984
1838985
1838986
1838988
1838989
1838990
1838992
1838993
1838994
1838996
1838997
1838998
1839009
1839010
1839011
1839012
1839013
1839014
1839015
1839017
1839018
1839019
1839021
1839022
1839023
1839025
1839026
1839027
1839033
1839034
1839035
1839037
1839038
1839039
1839041
1839042
1839043
1839045
1839046
1839047
1839049
1839050
1839051
1839052
1839056
1839057
1839058
1839059
1839060
1839061
1839062
1839063
1839064
1839065
1839066
1839067
1839068
1839069
1839070
1839072
1839073
1839074
1839076
1839077
1839078
1839080
1839081
1839082
1839084
1839085
1839086
1839088
1839089
1839090
1839092
1839093
1839094
1839096
1839097
1839098
1839101
1839102
1839103
1839104
1839105
1839106
1839107
1839108
1839109
1839110
1839111
1839112
1839113
1839114
1839115
1839116
1839117
1839118
1839119
1839120
1839122
1839124
1839125
1839126
1839128
1839129
1839130
1839132
1839133
1839134
1839136
1839137
1839138
1839140
1839141
1839142
1839143
1839145
1839146
1839147
1839149
1839150
1839151
1839153
1839154
1839155
1839157
1839158
1839159
1839161
1839162
1839163
1839165
1839166
1839167
1839169
1839170
1839171
1839173
1839174
1839175
1839177
1839178
1839179
1839180
1839181
1839182
1839183
1839184
1839186
1839187
1839188
1839190
1839191
1839192
1839194
1839195
1839196
1839198
1839199
1839200
1839202
1839203
1839204
1839205
1839207
1839208
1839209
1839211
1839212
1839213
1839215
1839216
1839217
1839219
1839220
1839221
1839226
1839227
1839228
1839230
1839232
1839233
1839234
1839235
1839236
1839237
1839238
1839273
1839274
1839275
1839277
1839278
1839279
1839281
1839282
1839283
1839285
1839286
1839287
1839289
1839290
1839291
1839293
1839294
1839295
1839297
1839298
1839299
1839301
1839302
1839303
1839305
1839306
1839307
1839309
1839310
1839311
1839313
1839314
1839315
1839317
1839318
1839319
1839321
1839322
1839323
1839324
1839325
1839326
1839327
1839329
1839330
1839331
1839333
1839334
1839335
1839337
1839338
1839339
1839341
1839342
1839343
1839347
1839348
1839349
1839351
1839352
1839353
1839355
1839356
1839357
1839359
1839360
1839361
1839363
1839364
1839365
1839367
1839368
1839369
1839371
1839372
1839373
1839375
1839376
1839377
1839380
1839381
1839383
1839384
1839385
1839387
1839388
1839389
1839393
1839394
1839395
1839397
1839398
1839399
1839401
1839402
1839403
1839405
1839406
1839407
1839413
1839414
1839415
1839416
1839417
1839418
1839419
1839420
1839421
1839422
1839423
1839424
1839425
1839426
1839471
1839472
1839473
1839475
1839476
1839477
1839479
1839480
1839481
1839496
1839497
1839498
1839500
1839501
1839502
1839504
1839505
1839506
1839529
1839530
1839531
1839533
1839534
1839535
1839536
1839627
1839628
1839629
1839630
1839652
1839654
1839998
1839999
1840000
1840002
1840003
1840004
1840006
1840007
1840008
1840010
1840011
1840012
1840029
1840030
1840031
1840033
1840034
1840035
1840037
1840038
1840039
1840041
1840042
1840043
1840050
1840051
1840052
1840053
1840054
1840055
1840056
1840057
1840058
1840059
1840140
1840141
1840142
1840144
1840145
1840146
1840148
1840149
1840150
1840173
1840174
1840175
1840176
1840177
1840178
1840192
1840193
1840194
1840196
1840197
1840198
1840200
1840201
1840202
1840204
1840205
1840206
1840208
1840209
1840210
1840212
1840213
1840214
1840216
1840217
1840218
1840220
1840221
1840222
1840227
1840228
1840229
1840230
1840231
1840232
1840234
1840235
1840236
1840238
1840239
1840240
1840242
1840243
1840244
1840257
1840258
1840259
1840261
1840262
1840263
1840265
1840266
1840267
1840269
1840270
1840271
1840278
1840279
1840280
1840282
1840283
1840284
1840286
1840287
1840288
1840290
1840291
1840292
1840294
1840295
1840296
1840298
1840299
1840300
1840302
1840303
1840304
1840306
1840307
1840308
1840310
1840311
1840312
1840356
1840357
1840358
1840359
1840360
1840361
1840363
1840364
1840365
1840367
1840368
1840369
1840371
1840372
1840373
1840375
1840376
1840377
1840430
1840431
1840433
1840434
1840435
1840437
1840438
1840439
1840441
1840442
1840443
1840445
1840446
1840447
1840453
1840454
1840455
1840457
1840458
1840459
1840461
1840462
1840463
1840465
1840466
1840467
1840470
1840471
1840472
1840474
1840475
1840476
1840478
1840479
1840480
1840482
1840483
1840484
1840485
1840487
1840488
1840489
1840491
1840492
1840493
1840495
1840496
1840497
1840499
1840500
1840501
1840503
1840504
1840505
1840506
1840507
1840508
1840509
1840510
1840511
1840512
1840513
1840514
1840516
1840517
1840518
1840520
1840521
1840522
1840524
1840525
1840526
1840528
1840529
1840530
1840533
1840534
1840535
1840536
1840537
1840538
1840539
1840540
1840541
1840542
1840543
1840544
1840545
1840643
1840644
1840645
1840647
1840648
1840649
1840651
1840652
1840653
1840655
1840656
1840657
1840659
1840660
1840661
1840662
1840663
1840664
1840684
1840685
1840686
1840688
1840689
1840690
1840692
1840693
1840694
1840696
1840697
1840699
1840700
1840701
1840703
1840704
1840705
1840707
1840708
1840709
1840711
1840712
1840713
1840718
1840719
1840720
1840721
1840722
1840723
1840725
1840726
1840727
1840729
1840730
1840731
1840733
1840734
1840735
1840765
1840766
1840767
1840769
1840770
1840771
1840773
1840774
1840775
1840777
1840778
1840779
1840783
1840784
1840785
1840787
1840788
1840789
1840791
1840792
1840793
1840795
1840796
1840797
1840799
1840800
1840801
1840803
1840804
1840805
1840807
1840808
1840809
1840811
1840812
1840813
1840817
1840818
1840819
1840820
1840821
1840822
1840823
1840824
1840825
1840826
1840827
1840828
1840829
1840830
1840831
1840832
1840833
1840834
1840835
1840836
1840837
1840838
1840839
1840840
1840841
1840842
1840843
1840844
1840845
1840846
1840847
1840848
1840849
1840850
1840851
1840853
1840854
1840855
1840857
1840858
1840859
1840861
1840862
1840863
1840865
1840866
1840867
1840869
1840870
1840871
1840873
1840874
1840875
1840877
1840878
1840879
1840881
1840882
1840883
1840888
1840889
1840890
1840891
1840892
1840893
1840895
1840896
1840897
1840899
1840900
1840901
1840903
1840904
1840905
1840907
1840908
1840909
1840930
1840931
1840933
1840934
1840935
1840937
1840938
1840939
1840941
1840942
1840943
1840945
1840946
1840947
1840949
1840950
1840951
1840952
1840954
1840955
1840956
1840958
1840959
1840960
1840962
1840963
1840964
1840966
1840967
1840968
1840970
1840971
1840972
1840973
1840975
1840976
1840977
1840979
1840980
1840981
1840983
1840984
1840985
1840987
1840988
1840989
1841029
1841033
1841034
1841035
1841036
1841037
1841038
1841039
1841040
1841041
1841042
1841043
1841044
1841084
1841085
1841086
1841088
1841089
1841090
1841092
1841093
1841094
1841096
1841097
1841098
1841100
1841101
1841102
1841104
1841105
1841106
1841108
1841109
1841110
1841112
1841113
1841114
1841116
1841117
1841118
1841120
1841121
1841122
1841124
1841125
1841126
1841128
1841129
1841130
1841132
1841133
1841134
1841136
1841137
1841138
1841140
1841141
1841142
1841144
1841145
1841146
1841148
1841149
1841150
1841152
1841153
1841154
1841156
1841157
1841158
1841179
1841180
1841181
1841182
1841183
1841184
1841185
1841186
1841187
1841188
1841189
1841190
1841191
1841193
1841194
1841195
1841197
1841198
1841199
1841201
1841202
1841203
1841205
1841206
1841207
1841211
1841212
1841213
1841215
1841216
1841217
1841219
1841220
1841221
1841225
1841226
1841227
1841229
1841230
1841231
1841233
1841234
1841235
1841237
1841238
1841239
1841240
1841242
1841243
1841244
1841246
1841247
1841248
1841250
1841251
1841252
1841254
1841255
1841256
1841263
1841264
1841265
1841266
1841268
1841269
1841270
1841272
1841273
1841274
1841276
1841277
1841278
1841280
1841281
1841282
1841286
1841287
1841288
1841290
1841291
1841292
1841294
1841295
1841296
1841303
1841304
1841305
1841306
1841307
1841308
1841309
1841310
1841311
1841313
1841314
1841315
1841317
1841318
1841319
1841321
1841322
1841323
1841329
1841330
1841331
1841333
1841334
1841335
1841337
1841338
1841339
1841341
1841342
1841343
1841346
1841347
1841348
1841350
1841351
1841352
1841354
1841355
1841356
1841361
1841362
1841363
1841365
1841366
1841367
1841369
1841370
1841371
1841373
1841374
1841375
1841377
1841378
1841379
1841381
1841382
1841383
1841385
1841386
1841387
1841388
1841389
1841390
1841394
1841395
1841396
1841398
1841399
1841400
1841402
1841403
1841404
1841406
1841407
1841408
1841410
1841411
1841412
1841414
1841415
1841416
1841418
1841419
1841420
1841422
1841423
1841424
1841426
1841427
1841428
1841430
1841431
1841432
1841434
1841435
1841436
1841438
1841439
1841440
1841442
1841443
1841444
1841445
1841448
1841449
1841450
1841452
1841453
1841454
1841456
1841457
1841458
1841460
1841461
1841462
1841471
1841472
1841473
1841475
1841476
1841477
1841479
1841480
1841481
1841485
1841486
1841487
1841489
1841490
1841491
1841493
1841494
1841495
1841497
1841498
1841499
1841501
1841502
1841503
1841504
1841515
1841546
1841547
1841548
1841550
1841551
1841552
1841554
1841555
1841556
1841558
1841559
1841561
1841588
1841589
1841590
1841591
1841592
1841593
1841594
1841595
1841596
1841597
1841598
1841599
1841600
1841601
1841602
1841603
1841604
1841605
1841606
1841607
1841608
1841609
1841610
1841611
1841612
1841613
1841614
1841615
1841616
1841617
1841618
1841619
1841625
1841626
1841627
1841629
1841630
1841631
1841633
1841634
1841635
1841637
1841638
1841639
1841643
1841644
1841645
1841647
1841648
1841649
1841651
1841652
1841653
1841655
1841656
1841657
1841688
1841689
1841690
1841692
1841693
1841694
1841696
1841697
1841698
1841700
1841701
1841702
1841729
1841730
1841731
1841732
1841733
1841734
1841735
1841736
1841737
1841753
1841754
1841755
1841757
1841758
1841759
1841761
1841762
1841763
1841765
1841766
1841767
1841777
1841778
1841779
1841781
1841782
1841783
1841785
1841786
1841787
1841789
1841790
1841791
1841793
1841794
1841795
1841796
1841797
1841798
1841799
1841800
1841802
1841803
1841804
1841806
1841807
1841808
1841810
1841811
1841812
1841814
1841815
1841816
1841818
1841819
1841820
1841823
1841824
1841825
1841827
1841828
1841829
1841831
1841832
1841834
1841835
1841836
1841863
1841864
1841865
1841866
1841867
1841869
1841870
1841871
1841873
1841874
1841875
1841877
1841878
1841879
1841881
1841882
1841883
1841885
1841886
1841887
1841889
1841890
1841891
1841893
1841894
1841895
1841897
1841898
1841899
1841955
1841956
1841957
1841959
1841960
1841961
1841963
1841964
1841965
1841967
1841968
1841969
1841995
1841996
1841997
1841999
1842000
1842001
1842003
1842004
1842005
1842007
1842008
1842009
1842025
1842041
1842042
1842043
1842044
1842049
1842050
1842051
1842052
1842053
1842054
1842055
1842056
1842057
1842058
1842059
1842060
1842071
1842072
1842073
1842074
1842075
1842076
1842077
1842078
1842079
1842080
1842081
1842082
1842121
1842122
1842123
1842125
1842126
1842127
1842129
1842130
1842131
1842133
1842134
1842135
1842150
1842151
1842152
1842154
1842155
1842156
1842158
1842159
1842160
1842162
1842163
1842164
1842172
1842173
1842174
1842176
1842177
1842178
1842180
1842181
1842182
1842186
1842187
1842188
1842190
1842191
1842192
1842194
1842195
1842196
1842198
1842199
1842200
1842202
1842203
1842204
1842206
1842207
1842208
1842210
1842211
1842275
1842276
1842277
1842278
1842279
1842280
1842281
1842282
1842283
1842284
1842285
1842286
1842287
1842288
1842289
1842290
1842291
1842292
1842293
1842294
1842295
1842296
1842297
1842298
1842299
1842300
1842301
1842302
1842303
1842304
1842315
1842316
1842317
1842319
1842320
1842321
1842323
1842324
1842325
1842327
1842328
1842329
1842336
1842337
1842338
1842340
1842341
1842342
1842344
1842345
1842346
1842348
1842349
1842350
1842354
1842355
1842356
1842358
1842359
1842360
1842362
1842363
1842364
1842366
1842367
1842368
1842370
1842371
1842372
1842373
1842375
1842376
1842377
1842379
1842380
1842381
1842383
1842384
1842385
1842387
1842388
1842389
1842391
1842392
1842393
1842395
1842396
1842397
1842399
1842400
1842401
1842403
1842404
1842405
1842407
1842408
1842409
1842411
1842412
1842413
1842415
1842416
1842417
1842419
1842420
1842421
1842423
1842424
1842425
1842426
1842427
1842428
1842429
1842430
1842431
1842432
1842433
1842434
1842436
1842437
1842438
1842440
1842441
1842442
1842444
1842445
1842446
1842448
1842449
1842450
1842452
1842453
1842454
1842456
1842457
1842458
1842460
1842461
1842462
1842464
1842465
1842466
1842468
1842469
1842470
1842471
1842472
1842473
1842474
1842475
1842476
1842503
1842505
1842506
1842507
1842509
1842510
1842511
1842513
1842514
1842515
1842517
1842518
1842519
1842528
1842529
1842530
1842532
1842533
1842534
1842536
1842537
1842538
1842540
1842541
1842542
1842544
1842545
1842546
1842547
1842548
1842559
1842560
1842561
1842563
1842564
1842565
1842567
1842568
1842569
1842571
1842572
1842573
1842575
1842576
1842577
1842582
1842583
1842584
1842586
1842587
1842588
1842590
1842591
1842592
1842594
1842595
1842596
1842609
1842610
1842611
1842613
1842614
1842615
1842617
1842618
1842619
1842621
1842622
1842623
1842625
1842626
1842627
1842628
1842629
1842630
1842631
1842632
1842633
1842634
1842651
1842652
1842653
1842655
1842656
1842657
1842659
1842660
1842661
1842663
1842664
1842665
1842668
1842669
1842670
1842672
1842673
1842674
1842680
1842681
1842682
1842683
1842711
1842712
1842713
1842715
1842716
1842717
1842719
1842720
1842721
1842723
1842724
1842725
1842754
1842755
1842756
1842757
1842762
1842763
1842764
1842765
1842766
1842868
1842869
1842870
1842872
1842873
1842874
1842876
1842877
1842878
1842895
1842896
1842897
1842899
1842900
1842901
1842903
1842904
1842905
1842907
1842908
1842909
1842911
1842912
1842913
1842917
1842918
1842919
1842921
1842922
1842923
1842925
1842926
1842927
1842929
1842930
1842931
1842944
1842945
1842946
1842948
1842949
1842950
1842952
1842953
1842954
1842958
1842959
1842960
1842962
1842963
1842964
1842966
1842967
1842968
1842970
1842971
1842972
1842974
1842975
1842976
1842977
1842978
1842979
1842980
1842981
1842982
1842983
1842984
1842985
1842986
1842988
1842989
1842990
1842992
1842993
1842994
1842996
1842997
1842998
1843000
1843001
1843002
1843007
1843008
1843009
1843011
1843012
1843013
1843015
1843016
1843017
1843040
1843041
1843042
1843043
1843047
1843048
1843049
1843051
1843052
1843053
1843055
1843056
1843057
1843059
1843060
1843061
1843075
1843076
1843077
1843079
1843080
1843081
1843083
1843084
1843085
1843087
1843088
1843089
1843117
1843118
1843119
1843120
1843122
1843123
1843124
1843126
1843127
1843128
1843130
1843131
1843132
1843134
1843135
1843136
1843144
1843145
1843146
1843148
1843149
1843150
1843152
1843153
1843154
1843156
1843157
1843158
1843167
1843168
1843169
1843170
1843171
1843172
1843173
1843174
1843175
1843176
1843177
1843178
1843179
1843180
1843181
1843212
1843213
1843214
1843216
1843217
1843218
1843220
1843221
1843222
1843227
1843228
1843229
1843231
1843232
1843233
1843235
1843236
1843237
1843239
1843240
1843241
1843248
1843249
1843250
1843252
1843253
1843254
1843256
1843257
1843258
1843260
1843261
1843262
1843267
1843268
1843269
1843271
1843272
1843273
1843275
1843276
1843277
1843279
1843280
1843281
1843283
1843284
1843285
1843287
1843288
1843289
1843291
1843292
1843293
1843295
1843296
1843297
1843299
1843300
1843301
1843303
1843304
1843305
1843306
1843307
1843308
1843309
1843319
1843321
1843322
1843323
1843325
1843326
1843327
1843329
1843330
1843331
1843333
1843334
1843335
1843344
1843345
1843347
1843348
1843349
1843351
1843352
1843353
1843355
1843356
1843357
1843359
1843360
1843361
1843370
1843371
1843378
1843386
1843387
1843388
1843390
1843391
1843392
1843394
1843395
1843396
1843402
1843403
1843404
1843405
1843406
1843408
1843409
1843410
1843412
1843413
1843414
1843416
1843417
1843418
1843420
1843421
1843422
1843424
1843425
1843426
1843428
1843429
1843430
1843432
1843433
1843434
1843436
1843437
1843438
1843446
1843447
1843448
1843449
1843450
1843451
1843452
1843460
1843472
1843558
1843559
1843560
1843562
1843563
1843564
1843566
1843567
1843568
1843570
1843571
1843572
1843588
1843589
1843590
1843592
1843593
1843594
1843596
1843597
1843598
1843600
1843601
1843602
1843604
1843605
1843606
1843607
1843608
1843609
1843610
1843611
1843613
1843614
1843615
1843617
1843618
1843619
1843621
1843622
1843623
1843625
1843626
1843627
1843631
1843632
1843633
1843635
1843636
1843637
1843639
1843640
1843641
1843643
1843644
1843645
1843653
1843654
1843655
1843657
1843658
1843659
1843661
1843662
1843663
1843665
1843666
1843667
1843668
1843669
1843671
1843672
1843673
1843674
1843675
1843677
1843678
1843679
1843680
1843681
1843683
1843684
1843685
1843686
1843687
1843689
1843690
1843691
1843692
1843693
1843695
1843696
1843697
1843698
1843700
1843701
1843702
1843703
1843704
1843706
1843707
1843708
1843709
1843710
1843712
1843713
1843714
1843715
1843716
1843718
1843719
1843720
1843721
1843722
1843724
1843725
1843726
1843727
1843728
1843730
1843731
1843732
1843733
1843734
1843736
1843737
1843738
1843739
1843740
1843742
1843743
1843744
1843745
1843746
1843748
1843749
1843750
1843751
1843752
1843753
1843754
1843755
1843756
1843757
1843758
1843759
1843761
1843762
1843763
1843764
1843765
1843767
1843768
1843769
1843770
1843771
1843773
1843774
1843775
1843776
1843777
1843779
1843780
1843781
1843782
1843783
1843785
1843786
1843788
1843789
1843790
1843791
1843792
1843794
1843795
1843796
1843797
1843798
1843800
1843801
1843802
1843804
1843805
1843806
1843807
1843808
1843812
1843813
1843814
1843816
1843817
1843818
1843820
1843821
1843822
1843832
1843833
1843834
1843836
1843837
1843838
1843840
1843841
1843842
1843844
1843845
1843846
1843851
1843852
1843853
1843854
1843855
1843856
1843857
1843858
1843859
1843860
1843861
1843862
1843864
1843865
1843866
1843868
1843869
1843870
1843872
1843873
1843874
1843876
1843877
1843878
1843895
1843896
1843897
1843899
1843900
1843901
1843903
1843904
1843905
1843907
1843908
1843909
1843915
1843916
1843917
1843919
1843920
1843921
1843923
1843924
1843925
1843927
1843928
1843929
1843937
1843938
1843939
1843940
1843941
1843942
1843943
1843944
1843946
1843947
1843948
1843950
1843951
1843952
1843954
1843955
1843956
1843958
1843959
1843960
1843970
1843971
1843972
1843973
1843975
1843976
1843977
1843979
1843980
1843981
1843983
1843984
1843985
1843987
1843988
1843989
1843998
1843999
1844000
1844002
1844003
1844004
1844006
1844007
1844008
1844010
1844011
1844012
1844016
1844017
1844018
1844020
1844021
1844022
1844024
1844025
1844026
1844028
1844029
1844030
1844036
1844037
1844038
1844040
1844041
1844042
1844044
1844045
1844046
1844048
1844049
1844050
1844062
1844063
1844064
1844065
1844066
1844067
1844068
1844069
1844070
1844071
1844072
1844073
1844074
1844083
1844084
1844085
1844087
1844088
1844089
1844091
1844092
1844093
1844095
1844096
1844097
1844123
1844124
1844125
1844127
1844128
1844129
1844131
1844132
1844133
1844135
1844136
1844138
1844148
1844149
1844150
1844151
1844152
1844153
1844154
1844254
1844255
1844256
1844258
1844259
1844260
1844262
1844263
1844264
1844266
1844267
1844283
1844284
1844285
1844287
1844288
1844289
1844291
1844292
1844293
1844295
1844296
1844297
1844298
1844299
1844300
1844302
1844303
1844304
1844311
1844312
1844313
1844314
1844315
1844316
1844318
1844320
1844321
1844322
1844324
1844325
1844326
1844328
1844329
1844330
1844332
1844333
1844334
1844336
1844337
1844338
1844340
1844341
1844342
1844344
1844345
1844346
1844348
1844349
1844350
1844352
1844353
1844354
1844355
1844356
1844357
1844358
1844359
1844361
1844363
1844364
1844365
1844367
1844368
1844369
1844371
1844372
1844373
1844375
1844376
1844377
1844380
1844381
1844382
1844384
1844385
1844386
1844388
1844389
1844390
1844392
1844393
1844394
1844396
1844397
1844398
1844400
1844401
1844402
1844404
1844405
1844406
1844408
1844409
1844410
1844419
1844420
1844421
1844423
1844424
1844425
1844427
1844428
1844429
1844431
1844432
1844433
1844442
1844443
1844444
1844446
1844447
1844448
1844450
1844451
1844452
1844454
1844455
1844456
1844458
1844459
1844460
1844462
1844463
1844464
1844466
1844467
1844468
1844470
1844471
1844472
1844474
1844475
1844476
1844477
1844486
1844487
1844488
1844490
1844491
1844492
1844494
1844495
1844496
1844498
1844499
1844500
1844509
1844510
1844511
1844512
1844513
1844514
1844515
1844516
1844517
1844518
1844519
1844520
1844521
1844522
1844523
1844524
1844525
1844526
1844527
1844529
1844530
1844531
1844533
1844534
1844535
1844537
1844538
1844539
1844541
1844542
1844543
1844562
1844563
1844564
1844566
1844567
1844568
1844570
1844571
1844572
1844574
1844575
1844576
1844582
1844583
1844584
1844586
1844587
1844588
1844590
1844591
1844592
1844594
1844595
1844596
1844598
1844599
1844600
1844601
1844602
1844603
1844604
1844605
1844606
1844607
1844608
1844612
1844613
1844614
1844616
1844617
1844618
1844620
1844621
1844622
1844626
1844627
1844628
1844630
1844631
1844632
1844634
1844635
1844636
1844638
1844639
1844640
1844641
1844642
1844643
1844644
1844645
1844655
1844656
1844657
1844659
1844660
1844661
1844663
1844664
1844665
1844667
1844668
1844669
1844671
1844672
1844673
1844675
1844676
1844677
1844679
1844680
1844681
1844683
1844684
1844685
1844687
1844688
1844689
1844690
1844691
1844692
1844693
1844694
1844695
1844709
1844710
1844711
1844713
1844714
1844715
1844717
1844718
1844719
1844721
1844722
1844723
1844734
1844736
1844737
1844738
1844740
1844741
1844742
1844744
1844745
1844746
1844748
1844749
1844750
1844755
1844756
1844757
1844759
1844760
1844761
1844763
1844764
1844765
1844767
1844768
1844769
1844777
1844778
1844779
1844780
1844781
1844782
1844783
1844784
1844786
1844787
1844788
1844790
1844791
1844792
1844794
1844795
1844796
1844798
1844901
1844902
1844904
1844905
1844906
1844908
1844909
1844910
1844912
1844913
1844914
1844922
1844923
1844924
1844926
1844927
1844928
1844930
1844931
1844932
1844934
1844935
1844936
1844954
1844955
1844956
1844957
1844958
1844959
1844961
1844963
1844964
1844965
1844967
1844968
1844969
1844971
1844972
1844973
1844975
1844976
1844977
1844999
1845000
1845001
1845003
1845004
1845005
1845007
1845008
1845009
1845011
1845012
1845013
1845015
1845016
1845017
1845018
1845019
1845020
1845021
1845023
1845024
1845025
1845027
1845028
1845029
1845031
1845032
1845033
1845035
1845036
1845037
1845042
1845046
1845047
1845048
1845050
1845051
1845052
1845054
1845055
1845056
1845058
1845059
1845060
1845063
1845064
1845065
1845067
1845068
1845069
1845071
1845072
1845073
1845076
1845077
1845078
1845080
1845081
1845082
1845084
1845085
1845086
1845090
1845091
1845092
1845094
1845095
1845096
1845098
1845099
1845100
1845104
1845105
1845106
1845108
1845109
1845110
1845112
1845113
1845114
1845116
1845117
1845118
1845119
1845120
1845121
1845122
1845123
1845124
1845125
1845126
1845127
1845128
1845129
1845130
1845131
1845132
1845133
1845134
1845135
1845136
1845137
1845139
1845141
1845142
1845143
1845145
1845146
1845147
1845149
1845150
1845151
1845153
1845154
1845155
1845163
1845164
1845165
1845167
1845168
1845169
1845171
1845172
1845173
1845175
1845176
1845177
1845179
1845180
1845181
1845183
1845184
1845185
1845187
1845188
1845189
1845191
1845192
1845193
1845195
1845196
1845197
1845199
1845200
1845201
1845203
1845204
1845205
1845207
1845208
1845209
1845211
1845212
1845213
1845215
1845216
1845217
1845219
1845220
1845221
1845223
1845224
1845225
1845227
1845228
1845229
1845231
1845232
1845233
1845235
1845236
1845237
1845239
1845240
1845241
1845243
1845244
1845245
1845247
1845248
1845249
1845251
1845252
1845253
1845255
1845256
1845257
1845260
1845261
1845262
1845263
1845264
1845265
1845266
1845267
1845268
1845269
1845270
1845271
1845272
1845273
1845274
1845275
1845276
1845277
1845278
1845279
1845280
1845281
1845282
1845283
1845285
1845286
1845287
1845288
1845289
1845290
1845291
1845292
1845293
1845294
1845295
1845296
1845297
1845298
1845299
1845300
1845302
1845303
1845304
1845306
1845307
1845308
1845310
1845311
1845312
1845314
1845315
1845316
1845318
1845319
1845320
1845332
1845333
1845334
1845335
1845336
1845337
1845338
1845339
1845340
1845341
1845342
1845343
1845344
1845345
1845346
1845347
1845348
1845349
1845350
1845352
1845353
1845354
1845355
1845356
1845357
1845358
1845359
1845360
1845361
1845363
1845364
1845365
1845367
1845368
1845369
1845371
1845372
1845373
1845375
1845376
1845377
1845392
1845393
1845394
1845395
1845396
1845398
1845399
1845400
1845403
1845404
1845405
1845407
1845408
1845409
1845411
1845412
1845413
1845426
1845427
1845428
1845429
1845430
1845432
1845433
1845434
1845436
1845437
1845438
1845440
1845441
1845442
1845444
1845445
1845446
1845448
1845449
1845450
1845454
1845455
1845456
1845457
1845458
1845459
1845461
1845462
1845468
1845469
1845470
1845472
1845473
1845474
1845476
1845477
1845478
1845480
1845481
1845482
1845488
1845518
1845519
1845520
1845521
1845522
1845573
1845574
1845575
1845577
1845578
1845579
1845581
1845582
1845583
1845585
1845586
1845587
1845595
1845596
1845597
1845599
1845600
1845601
1845603
1845604
1845605
1845607
1845608
1845609
1845611
1845612
1845613
1845615
1845616
1845617
1845619
1845620
1845621
1845626
1845627
1845628
1845630
1845631
1845632
1845634
1845635
1845636
1845638
1845639
1845640
1845654
1845655
1845656
1845658
1845659
1845660
1845662
1845663
1845664
1845666
1845667
1845668
1845671
1845672
1845673
1845675
1845676
1845677
1845679
1845680
1845681
1845683
1845684
1845685
1845688
1845689
1845690
1845691
1845692
1845693
1845694
1845695
1845696
1845697
1845699
1845700
1845701
1845703
1845704
1845705
1845707
1845708
1845709
1845711
1845712
1845713
1845741
1845742
1845743
1845745
1845746
1845747
1845749
1845750
1845751
1845753
1845754
1845755
1845757
1845758
1845759
1845761
1845762
1845763
1845765
1845766
1845767
1845774
1845775
1845776
1845778
1845779
1845780
1845782
1845783
1845784
1845786
1845787
1845789
1845790
1845791
1845792
1845793
1845796
1845797
1845798
1845800
1845801
1845802
1845804
1845805
1845806
1845810
1845811
1845812
1845814
1845815
1845816
1845818
1845819
1845820
1845822
1845823
1845824
1845825
1845827
1845828
1845829
1845830
1845832
1845833
1845834
1845836
1845837
1845838
1845840
1845841
1845842
1845844
1845845
1845846
1845848
1845849
1845850
1845852
1845853
1845854
1845856
1845857
1845858
1845861
1845862
1845863
1845865
1845866
1845867
1845869
1845870
1845871
1845889
1845890
1845891
1845893
1845894
1845895
1845897
1845898
1845899
1845901
1845902
1845903
1845905
1845906
1845907
1845908
1845909
1845912
1845913
1845914
1845916
1845917
1845918
1845920
1845921
1845922
1845933
1845934
1845935
1845937
1845938
1845939
1845941
1845942
1845943
1845945
1845946
1845947
1845949
1845950
1845951
1845958
1845959
1845960
1845962
1845963
1845964
1845966
1845967
1845968
1845971
1845972
1845973
1845975
1845976
1845977
1845979
1845980
1845981
1845983
1845984
1845985
1845986
1845987
1845988
1845994
1845995
1845996
1845998
1845999
1846000
1846002
1846003
1846004
1846006
1846007
1846008
1846010
1846011
1846012
1846014
1846015
1846016
1846018
1846019
1846020
1846023
1846024
1846025
1846027
1846028
1846029
1846031
1846032
1846033
1846036
1846058
1846059
1846060
1846061
1846062
1846063
1846064
1846065
1846066
1846067
1846068
1846069
1846070
1846071
1846072
1846073
1846074
1846075
1846076
1846165
1846166
1846167
1846169
1846170
1846171
1846173
1846174
1846175
1846177
1846178
1846179
1846193
1846194
1846195
1846197
1846198
1846199
1846201
1846202
1846203
1846205
1846206
1846207
1846211
1846212
1846213
1846215
1846216
1846217
1846219
1846220
1846221
1846224
1846225
1846226
1846228
1846229
1846230
1846232
1846233
1846234
1846236
1846237
1846238
1846240
1846241
1846242
1846243
1846244
1846245
1846246
1846247
1846250
1846251
1846252
1846254
1846255
1846256
1846258
1846259
1846260
1846262
1846267
1846268
1846269
1846271
1846272
1846273
1846275
1846276
1846277
1846279
1846280
1846281
1846296
1846297
1846298
1846300
1846301
1846302
1846303
1846304
1846306
1846307
1846308
1846310
1846311
1846312
1846314
1846315
1846316
1846318
1846319
1846320
1846322
1846323
1846324
1846326
1846327
1846328
1846330
1846331
1846332
1846334
1846335
1846336
1846350
1846351
1846352
1846354
1846355
1846356
1846358
1846359
1846360
1846362
1846363
1846364
1846366
1846367
1846368
1846370
1846371
1846372
1846374
1846375
1846376
1846378
1846379
1846380
1846384
1846385
1846386
1846387
1846388
1846389
1846390
1846391
1846392
1846393
1846394
1846395
1846396
1846398
1846405
1846406
1846407
1846409
1846410
1846411
1846413
1846414
1846415
1846419
1846420
1846421
1846423
1846424
1846425
1846427
1846428
1846429
1846438
1846439
1846440
1846441
1846442
1846454
1846456
1846457
1846458
1846460
1846461
1846462
1846464
1846465
1846466
1846468
1846469
1846470
1846472
1846473
1846474
1846475
1846476
1846477
1846479
1846480
1846481
1846483
1846484
1846485
1846487
1846488
1846489
1846491
1846492
1846493
1846494
1846495
1846500
1846512
1846513
1846514
1846516
1846517
1846518
1846520
1846521
1846522
1846524
1846525
1846526
1846535
1846536
1846537
1846539
1846540
1846541
1846543
1846544
1846545
1846546
1846552
1846553
1846554
1846556
1846557
1846558
1846560
1846561
1846562
1846564
1846565
1846566
1846584
1846585
1846586
1846588
1846589
1846590
1846592
1846593
1846594
1846598
1846599
1846600
1846602
1846603
1846604
1846606
1846607
1846608
1846610
1846611
1846612
1846615
1846616
1846617
1846619
1846620
1846621
1846623
1846624
1846625
1846628
1846629
1846630
1846631
1846632
1846633
1846634
1846635
1846636
1846637
1846638
1846639
1846640
1846641
1846642
1846643
1846644
1846645
1846653
1846654
1846656
1846674
1846675
1846705
1846706
1846717
1846718
1846764
1846765
1846766
1846768
1846769
1846770
1846772
1846773
1846774
1846776
1846777
1846778
1846780
1846781
1846788
1846789
1846809
1846810
1846816
1846817
1846818
1846820
1846821
1846822
1846824
1846825
1846826
1846828
1846829
1846830
1846832
1846833
1846834
1846836
1846837
1846838
1846840
1846841
1846842
1846844
1846845
1846846
1846848
1846849
1846850
1846852
1846853
1846854
1846856
1846857
1846858
1846860
1846861
1846862
1846876
1846877
1846878
1846880
1846881
1846882
1846884
1846885
1846886
1846888
1846889
1846890
1846892
1846893
1846894
1846896
1846897
1846898
1846900
1846901
1846902
1846904
1846905
1846906
1846908
1846909
1846910
1846912
1846913
1846914
1846916
1846917
1846918
1846923
1846924
1846925
1846927
1846928
1846929
1846931
1846932
1846933
1846935
1846936
1846937
1846939
1846940
1846941
1846943
1846944
1846945
1846947
1846948
1846949
1846951
1846952
1846953
1846955
1846956
1846957
1846959
1846960
1846961
1846975
1846976
1846977
1846979
1846980
1846981
1846983
1846984
1846985
1846987
1846988
1846989
1846992
1846993
1846994
1846996
1846997
1846998
1847000
1847001
1847002
1847004
1847005
1847006
1847008
1847009
1847010
1847012
1847013
1847014
1847016
1847017
1847018
1847020
1847021
1847022
1847027
1847028
1847029
1847031
1847032
1847163
1847164
1847165
1847166
1847167
1847168
1847169
1847170
1847171
1847172
1847173
1847174
1847175
1847176
1847177
1847178
1847179
1847180
1847181
1847182
1847183
1847184
1847185
1847186
1847187
1847188
1847189
1847190
1847191
1847192
1847193
1847194
1847195
1847196
1847341
1847342
1847343
1847344
1847345
1847346
1847347
1847348
1847349
1847350
1847351
1847352
1847353
1847354
1847355
1847356
1847357
1847358
1847359
1847360
1847361
1847362
1847363
1847364
1847365
1847366
1847367
1847368
1847369
1847370
1847371
1847372
1847373
1847374
1847531
1847532
1847533
1848010
1848011
1848012
1848013
1848014
1848015
1848016
1848017
1848018
1848019
1848020
1848021
1848022
1848023
1848024
1848025
1848026
1848027
1848028
1848029
1848030
1848031
1848032
1848033
1848034
1848035
1848036
1848037
1848038
1848039
1848040
1848041
1848042
1848043
1848044
1848046
1848047
1848048
1848049
1848054
1848055
1848057
1848059
1848060
1848061
1848063
1848064
1848065
1848067
1848068
1848069
1848071
1848072
1848073
1848076
1848077
1848078
1848080
1848081
1848082
1848084
1848085
1848086
1848088
1848089
1848090
1848091
1848092
1848093
1848094
1848095
1848097
1848098
1848099
1848101
1848102
1848103
1848105
1848106
1848107
1848109
1848110
1848111
1848113
1848120
1848121
1848122
1848123
1848124
1848125
1848126
1848234
1848235
1848236
1848238
1848239
1848240
1848242
1848243
1848244
1848246
1848247
1848248
1848251
1848252
1848253
1848255
1848256
1848257
1848259
1848260
1848261
1848263
1848264
1848265
1848267
1848268
1848269
1848271
1848272
1848273
1848275
1848276
1848277
1848279
1848280
1848281
1848286
1848287
1848288
1848289
1848290
1848291
1848292
1848293
1848294
1848295
1848298
1848299
1848300
1848302
1848303
1848304
1848306
1848307
1848308
1848320
1848321
1848322
1848323
1848324
1848325
1848326
1848327
1848332
1848333
1848334
1848336
1848337
1848338
1848340
1848341
1848342
1848344
1848345
1848346
1848360
1848361
1848362
1848364
1848365
1848366
1848368
1848369
1848370
1848372
1848373
1848374
1848376
1848377
1848378
1848379
1848380
1848382
1848383
1848384
1848386
1848387
1848388
1848390
1848391
1848392
1848405
1848406
1848407
1848408
1848410
1848411
1848412
1848414
1848415
1848416
1848418
1848419
1848420
1848422
1848423
1848424
1848429
1848430
1848431
1848432
1848434
1848435
1848436
1848438
1848439
1848440
1848442
1848443
1848444
1848446
1848447
1848448
1848452
1848453
1848454
1848456
1848457
1848458
1848460
1848461
1848462
1848502
1848503
1848504
1848506
1848507
1848508
1848510
1848511
1848512
1848514
1848515
1848516
1848518
1848519
1848520
1848521
1848522
1848523
1848524
1848525
1848526
1848527
1848528
1848529
1848540
1848541
1848542
1848544
1848545
1848546
1848548
1848549
1848550
1848552
1848553
1848554
1848556
1848557
1848558
1848559
1848560
1848562
1848563
1848564
1848566
1848567
1848568
1848570
1848571
1848572
1848574
1848575
1848576
1848580
1848581
1848582
1848583
1848604
1848605
1848606
1848608
1848609
1848610
1848612
1848613
1848614
1848635
1848636
1848637
1848639
1848640
1848641
1848643
1848644
1848645
1848647
1848648
1848649
1848661
1848662
1848663
1848665
1848666
1848667
1848669
1848670
1848671
1848673
1848674
1848675
1848707
1848708
1848709
1848711
1848712
1848713
1848715
1848716
1848717
1848721
1848722
1848723
1848725
1848726
1848727
1848729
1848730
1848731
1848733
1848734
1848735
1848737
1848738
1848739
1848741
1848742
1848743
1848745
1848746
1848747
1848749
1848750
1848751
1848753
1848754
1848755
1848756
1848757
1848758
1848759
1848760
1848761
1848762
1848764
1848770
1848771
1848773
1848774
1848775
1848777
1848778
1848779
1848781
1848782
1848783
1848785
1848786
1848787
1848796
1848797
1848798
1848799
1848800
1848816
1848817
1848818
1848819
1848849
1848850
1848851
1848852
1848853
1848885
1848886
1848887
1848889
1848890
1848891
1848893
1848894
1848895
1848897
1848898
1848899
1848901
1848902
1848903
1848905
1848906
1848907
1848909
1848910
1848911
1848913
1848914
1848915
1848917
1848918
1848919
1848920
1848921
1848922
1848923
1848924
1848925
1848926
1848931
1848932
1848933
1848935
1848936
1848937
1848939
1848940
1848941
1848943
1848944
1848945
1848947
1848948
1848951
1848952
1848953
1848955
1848956
1848957
1848959
1848960
1848961
1848974
1848975
1848976
1848978
1848979
1848980
1848982
1848983
1848984
1848986
1848987
1848988
1848990
1848991
1848992
1848993
1848994
1848995
1848996
1848997
1848998
1848999
1849000
1849001
1849002
1849007
1849008
1849009
1849011
1849012
1849013
1849015
1849016
1849017
1849019
1849020
1849021
1849023
1849024
1849025
1849026
1849027
1849045
1849047
1849048
1849049
1849051
1849052
1849053
1849055
1849056
1849057
1849059
1849060
1849061
1849066
1849067
1849072
1849073
1849074
1849076
1849077
1849078
1849080
1849081
1849082
1849100
1849101
1849102
1849104
1849105
1849106
1849108
1849109
1849110
1849112
1849113
1849114
1849119
1849120
1849121
1849122
1849123
1849124
1849132
1849133
1849134
1849136
1849137
1849138
1849140
1849141
1849142
1849144
1849145
1849146
1849151
1849152
1849153
1849155
1849156
1849157
1849159
1849160
1849161
1849163
1849164
1849165
1849167
1849168
1849169
1849176
1849177
1849178
1849180
1849181
1849182
1849184
1849185
1849186
1849188
1849189
1849190
1849199
1849200
1849201
1849202
1849203
1849204
1849205
1849206
1849207
1849208
1849209
1849210
1849212
1849213
1849214
1849216
1849217
1849218
1849220
1849221
1849222
1849224
1849225
1849226
1849242
1849243
1849244
1849246
1849247
1849248
1849250
1849251
1849252
1849254
1849255
1849256
1849257
1849258
1849259
1849260
1849262
1849263
1849264
1849266
1849267
1849268
1849270
1849271
1849272
1849274
1849275
1849276
1849278
1849279
1849280
1849282
1849283
1849284
1849286
1849287
1849288
1849290
1849291
1849292
1849294
1849295
1849296
1849297
1849298
1849299
1849300
1849302
1849303
1849304
1849306
1849307
1849308
1849310
1849311
1849312
1849322
1849323
1849324
1849326
1849327
1849328
1849330
1849331
1849332
1849334
1849335
1849336
1849350
1849351
1849352
1849354
1849355
1849356
1849358
1849359
1849360
1849366
1849367
1849368
1849370
1849371
1849372
1849374
1849375
1849376
1849378
1849379
1849380
1849382
1849383
1849384
1849386
1849387
1849388
1849390
1849391
1849392
1849394
1849395
1849396
1849399
1849400
1849401
1849403
1849404
1849405
1849407
1849408
1849409
1849411
1849412
1849413
1849416
1849418
1849419
1849420
1849421
1849422
1849423
1849424
1849425
1849426
1849427
1849428
1849429
1849430
1849431
1849432
1849433
1849434
1849435
1849436
1849437
1849438
1849439
1849440
1849441
1849442
1849443
1849444
1849445
1849446
1849447
1849448
1849449
1849527
1849528
1849529
1849531
1849532
1849533
1849535
1849536
1849537
1849539
1849540
1849541
1849542
1849550
1849551
1849552
1849554
1849555
1849556
1849558
1849559
1849560
1849562
1849563
1849564
1849565
1849567
1849568
1849569
1849571
1849572
1849573
1849575
1849576
1849577
1849579
1849580
1849581
1849583
1849584
1849585
1849587
1849588
1849589
1849591
1849592
1849593
1849595
1849596
1849597
1849599
1849600
1849601
1849602
1849603
1849604
1849606
1849607
1849608
1849610
1849611
1849612
1849614
1849615
1849616
1849618
1849619
1849620
1849622
1849623
1849624
1849625
1849627
1849628
1849629
1849631
1849632
1849633
1849635
1849636
1849637
1849639
1849640
1849641
1849643
1849644
1849645
1849647
1849648
1849649
1849651
1849652
1849653
1849655
1849656
1849657
1849660
1849661
1849662
1849664
1849665
1849666
1849668
1849669
1849670
1849672
1849673
1849674
1849676
1849677
1849678
1849679
1849680
1849684
1849685
1849686
1849688
1849689
1849690
1849692
1849693
1849694
1849696
1849697
1849698
1849700
1849701
1849702
1849703
1849705
1849706
1849707
1849709
1849710
1849711
1849713
1849714
1849715
1849717
1849718
1849719
1849721
1849722
1849723
1849724
1849729
1849730
1849731
1849733
1849734
1849735
1849737
1849738
1849739
1849741
1849742
1849743
1849755
1849756
1849757
1849759
1849760
1849761
1849763
1849764
1849765
1849767
1849768
1849769
1849774
1849775
1849776
1849777
1849778
1849779
1849780
1849782
1849783
1849784
1849786
1849787
1849788
1849790
1849791
1849792
1849805
1849806
1849807
1849809
1849810
1849811
1849813
1849814
1849815
1849817
1849818
1849819
1849820
1849824
1849825
1849826
1849828
1849829
1849830
1849832
1849833
1849834
1849836
1849837
1849838
1849846
1849847
1849848
1849850
1849851
1849852
1849854
1849855
1849856
1849858
1849859
1849860
1849862
1849863
1849864
1849866
1849867
1849868
1849870
1849871
1849872
1849874
1849875
1849876
1849878
1849879
1849880
1849882
1849883
1849884
1849886
1849887
1849888
1849896
1849897
1849898
1849900
1849901
1849902
1849904
1849905
1849906
1849908
1849909
1849910
1849912
1849913
1849914
1849916
1849917
1849918
1849920
1849921
1849922
1849924
1849925
1849926
1849928
1849929
1849930
1849931
1849932
1849933
1849934
1849935
1849936
1849937
1849938
1849939
1849940
1849941
1849942
1849943
1849944
1849945
1849946
1849947
1849948
1849949
1849950
1849951
1849952
1849953
1849954
1849955
1849956
1849957
1849958
1849959
1849960
1849961
1849962
1849963
1849964
1849971
1849972
1849973
1849975
1849976
1849977
1849979
1849980
1849981
1849983
1849984
1849985
1849991
1849992
1849993
1849995
1849996
1849997
1849999
1850000
1850001
1850003
1850004
1850005
1850007
1850008
1850009
1850010
1850011
1850012
1850013
1850014
1850016
1850017
1850018
1850020
1850021
1850022
1850024
1850025
1850026
1850028
1850029
1850030
1850032
1850033
1850034
1850035
1850037
1850038
1850039
1850041
1850042
1850043
1850045
1850046
1850047
1850049
1850050
1850051
1850053
1850054
1850055
1850056
1850058
1850059
1850060
1850062
1850063
1850064
1850066
1850067
1850068
1850070
1850071
1850072
1850080
1850081
1850082
1850083
1850084
1850085
1850165
1850166
1850167
1850169
1850170
1850171
1850173
1850174
1850175
1850177
1850178
1850179
1850185
1850186
1850187
1850189
1850190
1850191
1850193
1850194
1850195
1850197
1850198
1850199
1850207
1850208
1850209
1850210
1850211
1850212
1850213
1850214
1850216
1850217
1850218
1850220
1850221
1850222
1850224
1850225
1850226
1850228
1850229
1850230
1850242
1850243
1850244
1850265
1850266
1850267
1850269
1850270
1850271
1850273
1850274
1850275
1850277
1850278
1850279
1850281
1850282
1850283
1850285
1850286
1850287
1850289
1850290
1850291
1850293
1850294
1850295
1850297
1850298
1850299
1850301
1850302
1850303
1850305
1850306
1850307
1850309
1850310
1850311
1850314
1850315
1850316
1850318
1850319
1850320
1850322
1850323
1850324
1850326
1850327
1850328
1850330
1850331
1850333
1850334
1850335
1850337
1850338
1850339
1850341
1850342
1850343
1850345
1850346
1850347
1850349
1850350
1850351
1850353
1850354
1850355
1850357
1850358
1850359
1850361
1850362
1850363
1850365
1850366
1850367
1850369
1850370
1850371
1850373
1850374
1850375
1850378
1850379
1850380
1850382
1850383
1850384
1850386
1850387
1850388
1850390
1850391
1850392
1850394
1850395
1850396
1850398
1850399
1850400
1850402
1850403
1850404
1850406
1850407
1850408
1850414
1850415
1850416
1850417
1850418
1850419
1850420
1850421
1850422
1850423
1850424
1850425
1850426
1850427
1850428
1850429
1850430
1850431
1850432
1850433
1850434
1850435
1850436
1850437
1850438
1850439
1850440
1850441
1850442
1850443
1850444
1850445
1850446
1850447
1850448
1850449
1850452
1850453
1850454
1850456
1850457
1850458
1850460
1850461
1850462
1850464
1850465
1850466
1850467
1850481
1850487
1850488
1850489
1850491
1850492
1850493
1850495
1850496
1850497
1850499
1850500
1850501
1850503
1850504
1850505
1850515
1850517
1850518
1850519
1850521
1850522
1850523
1850525
1850526
1850527
1850529
1850530
1850531
1850533
1850534
1850535
1850537
1850538
1850539
1850541
1850542
1850543
1850545
1850546
1850547
1850549
1850550
1850551
1850555
1850556
1850557
1850559
1850560
1850561
1850563
1850564
1850565
1850567
1850568
1850569
1850571
1850572
1850573
1850574
1850576
1850577
1850578
1850580
1850581
1850582
1850584
1850585
1850586
1850588
1850589
1850590
1850595
1850596
1850597
1850598
1850600
1850601
1850602
1850604
1850605
1850606
1850608
1850609
1850610
1850612
1850613
1850614
1850616
1850617
1850618
1850619
1850626
1850627
1850628
1850630
1850631
1850632
1850634
1850635
1850636
1850638
1850639
1850640
1850642
1850643
1850644
1850645
1850648
1850649
1850650
1850652
1850653
1850654
1850656
1850657
1850658
1850660
1850661
1850662
1850666
1850667
1850668
1850670
1850671
1850672
1850674
1850675
1850676
1850678
1850679
1850680
1850682
1850683
1850684
1850685
1850686
1850687
1850688
1850694
1850695
1850696
1850698
1850707
1850708
1850740
1850741
1850781
1850782
1850783
1850785
1850786
1850787
1850789
1850790
1850791
1850793
1850794
1850795
1850801
1850802
1850803
1850805
1850806
1850807
1850809
1850810
1850811
1850813
1850814
1850815
1850817
1850818
1850819
1850820
1850821
1850822
1850823
1850824
1850825
1850826
1850827
1850835
1850836
1850837
1850839
1850840
1850841
1850843
1850844
1850845
1850847
1850848
1850849
1850863
1850864
1850865
1850867
1850868
1850869
1850871
1850872
1850873
1850875
1850876
1850877
1850879
1850880
1850881
1850883
1850884
1850885
1850887
1850888
1850889
1850891
1850892
1850893
1850894
1850895
1850896
1850897
1850898
1850899
1850900
1850902
1850903
1850904
1850906
1850907
1850908
1850910
1850911
1850912
1850914
1850915
1850916
1850922
1850923
1850924
1850925
1850927
1850928
1850929
1850931
1850932
1850933
1850935
1850936
1850937
1850939
1850940
1850941
1850943
1850944
1850945
1850946
1850948
1850949
1850950
1850952
1850953
1850954
1850956
1850957
1850958
1850960
1850961
1850962
1850967
1850968
1850969
1850971
1850972
1850973
1850975
1850976
1850977
1850979
1850980
1850981
1850993
1850994
1850995
1850996
1850997
1850998
1850999
1851000
1851001
1851006
1851007
1851008
1851010
1851011
1851012
1851014
1851015
1851016
1851018
1851019
1851020
1851022
1851023
1851024
1851039
1851041
1851042
1851043
1851045
1851046
1851047
1851049
1851050
1851051
1851053
1851054
1851055
1851061
1851062
1851063
1851067
1851068
1851069
1851071
1851072
1851073
1851075
1851076
1851077
1851079
1851080
1851081
1851083
1851084
1851085
1851087
1851092
1851093
1851094
1851096
1851097
1851098
1851100
1851101
1851102
1851104
1851105
1851106
1851116
1851117
1851118
1851119
1851120
1851121
1851124
1851125
1851126
1851128
1851129
1851130
1851132
1851133
1851134
1851137
1851138
1851139
1851141
1851142
1851143
1851145
1851146
1851147
1851149
1851150
1851151
1851153
1851154
1851155
1851157
1851158
1851159
1851161
1851162
1851163
1851165
1851166
1851167
1851169
1851170
1851171
1851173
1851174
1851175
1851177
1851178
1851179
1851185
1851186
1851187
1851189
1851190
1851191
1851193
1851194
1851195
1851197
1851198
1851199
1851201
1851202
1851203
1851205
1851206
1851207
1851209
1851210
1851211
1851213
1851214
1851215
1851217
1851218
1851219
1851220
1851221
1851242
1851243
1851244
1851246
1851247
1851248
1851250
1851251
1851252
1851254
1851255
1851256
1851257
1851259
1851260
1851261
1851263
1851264
1851265
1851267
1851268
1851269
1851271
1851272
1851273
1851278
1851279
1851280
1851282
1851283
1851284
1851286
1851287
1851289
1851291
1851292
1851293
1851294
1851297
1851298
1851312
1851313
1851315
1851351
1851352
1851353
1851355
1851356
1851357
1851359
1851360
1851361
1851364
1851365
1851366
1851368
1851370
1851371
1851372
1851374
1851375
1851376
1851378
1851379
1851380
1851382
1851383
1851384
1851386
1851387
1851388
1851390
1851391
1851392
1851393
1851395
1851396
1851397
1851399
1851400
1851401
1851403
1851404
1851405
1851418
1851419
1851420
1851422
1851423
1851424
1851426
1851427
1851428
1851430
1851431
1851432
1851434
1851435
1851436
1851437
1851438
1851439
1851440
1851441
1851442
1851489
1851491
1851492
1851493
1851495
1851496
1851497
1851499
1851500
1851501
1851503
1851504
1851505
1851519
1851520
1851521
1851522
1851524
1851525
1851526
1851528
1851529
1851530
1851532
1851533
1851534
1851536
1851537
1851538
1851540
1851541
1851542
1851544
1851545
1851546
1851548
1851549
1851550
1851552
1851553
1851554
1851560
1851561
1851562
1851564
1851565
1851566
1851568
1851569
1851570
1851572
1851573
1851574
1851576
1851577
1851578
1851580
1851581
1851582
1851584
1851585
1851586
1851588
1851589
1851590
1851592
1851593
1851594
1851596
1851597
1851598
1851600
1851601
1851602
1851604
1851605
1851606
1851608
1851609
1851610
1851611
1851612
1851613
1851614
1851615
1851616
1851617
1851618
1851639
1851641
1851642
1851643
1851645
1851646
1851647
1851649
1851650
1851651
1851653
1851654
1851655
1851657
1851658
1851659
1851680
1851683
1851684
1851685
1851687
1851688
1851689
1851691
1851692
1851693
1851695
1851696
1851697
1851699
1851700
1851701
1851703
1851704
1851705
1851707
1851708
1851709
1851711
1851712
1851713
1851714
1851716
1851717
1851718
1851720
1851721
1851722
1851724
1851725
1851726
1851728
1851729
1851730
1851735
1851736
1851737
1851739
1851740
1851741
1851743
1851744
1851745
1851747
1851748
1851749
1851751
1851752
1851753
1851755
1851756
1851757
1851758
1851768
1851778
1851779
1851780
1851782
1851783
1851784
1851786
1851787
1851788
1851790
1851791
1851792
1851794
1851795
1851796
1851797
1851798
1851799
1851800
1851897
1851898
1851899
1851901
1851902
1851903
1851905
1851906
1851907
1851909
1851910
1851911
1851920
1851921
1851922
1851924
1851925
1851926
1851928
1851929
1851930
1851932
1851933
1851934
1851941
1851942
1851943
1851945
1851946
1851947
1851949
1851950
1851951
1851953
1851954
1851955
1851961
1851962
1851963
1851964
1851965
1851966
1851967
1851968
1851979
1851980
1851981
1851983
1851984
1851985
1851987
1851988
1851989
1851991
1851992
1851993
1852015
1852016
1852017
1852020
1852021
1852022
1852023
1852025
1852026
1852027
1852028
1852030
1852031
1852032
1852033
1852037
1852038
1852040
1852041
1852042
1852043
1852045
1852046
1852047
1852048
1852050
1852051
1852052
1852053
1852055
1852056
1852057
1852058
1852060
1852061
1852062
1852063
1852065
1852066
1852067
1852068
1852070
1852071
1852072
1852073
1852075
1852076
1852077
1852078
1852080
1852081
1852082
1852083
1852084
1852087
1852088
1852089
1852090
1852092
1852093
1852094
1852095
1852097
1852098
1852099
1852100
1852102
1852103
1852104
1852105
1852107
1852108
1852109
1852110
1852112
1852113
1852114
1852115
1852117
1852118
1852119
1852120
1852122
1852123
1852124
1852125
1852154
1852155
1852156
1852157
1852159
1852160
1852161
1852162
1852164
1852165
1852166
1852167
1852169
1852170
1852171
1852172
1852193
1852194
1852195
1852196
1852197
1852198
1852199
1852200
1852201
1852207
1852208
1852209
1852210
1852212
1852213
1852214
1852215
1852217
1852218
1852219
1852220
1852222
1852223
1852224
1852225
1852227
1852228
1852229
1852250
1852251
1852252
1852253
1852255
1852256
1852257
1852258
1852260
1852261
1852262
1852263
1852265
1852266
1852267
1852268
1852270
1852271
1852272
1852274
1852275
1852276
1852277
1852279
1852280
1852281
1852282
1852284
1852285
1852286
1852287
1852289
1852290
1852291
1852292
1852294
1852295
1852296
1852297
1852299
1852300
1852301
1852302
1852304
1852305
1852306
1852307
1852309
1852310
1852311
1852312
1852315
1852316
1852317
1852318
1852319
1852320
1852321
1852322
1852323
1852387
1852388
1852389
1852390
1852392
1852393
1852394
1852395
1852397
1852398
1852399
1852400
1852402
1852403
1852404
1852405
1852409
1852410
1852411
1852413
1852414
1852415
1852416
1852418
1852419
1852420
1852421
1852423
1852424
1852425
1852426
1852428
1852429
1852430
1852431
1852435
1852436
1852437
1852438
1852439
1852441
1852442
1852443
1852444
1852446
1852447
1852448
1852449
1852451
1852452
1852453
1852454
1852456
1852457
1852458
1852459
1852465
1852466
1852467
1852468
1852469
1852471
1852472
1852473
1852474
1852476
1852477
1852478
1852479
1852481
1852482
1852483
1852484
1852487
1852489
1852490
1852491
1852492
1852494
1852495
1852496
1852497
1852499
1852500
1852501
1852502
1852505
1852506
1852507
1852508
1852510
1852511
1852512
1852513
1852515
1852516
1852517
1852518
1852520
1852521
1852522
1852523
1852525
1852526
1852527
1852528
1852530
1852531
1852532
1852533
1852535
1852536
1852537
1852538
1852544
1852545
1852546
1852547
1852549
1852550
1852551
1852552
1852554
1852555
1852556
1852557
1852559
1852560
1852561
1852562
1852567
1852568
1852569
1852570
1852572
1852573
1852574
1852575
1852577
1852578
1852579
1852580
1852584
1852585
1852586
1852587
1852588
1852589
1852590
1852591
1852592
1852593
1852594
1852595
1852596
1852597
1852598
1852601
1852602
1852603
1852604
1852606
1852607
1852608
1852609
1852611
1852612
1852613
1852614
1852616
1852617
1852618
1852619
1852621
1852622
1852623
1852624
1852626
1852627
1852628
1852629
1852631
1852632
1852633
1852634
1852636
1852637
1852638
1852639
1852641
1852642
1852643
1852644
1852645
1852646
1852647
1852649
1852650
1852651
1852652
1852654
1852655
1852656
1852657
1852659
1852660
1852661
1852662
1852664
1852665
1852666
1852667
1852669
1852670
1852671
1852672
1852674
1852675
1852676
1852677
1852679
1852680
1852681
1852682
1852684
1852685
1852686
1852687
1852704
1852705
1852706
1852707
1852709
1852710
1852711
1852712
1852714
1852715
1852716
1852717
1852719
1852720
1852721
1852722
1852726
1852727
1852728
1852729
1852730
1852731
1852732
1852734
1852735
1852736
1852737
1852738
1852740
1852741
1852742
1852743
1852745
1852746
1852747
1852748
1852750
1852751
1852752
1852753
1852755
1852756
1852757
1852758
1852760
1852761
1852762
1852763
1852765
1852766
1852767
1852768
1852770
1852771
1852772
1852773
1852775
1852776
1852777
1852778
1852785
1852786
1852787
1852788
1852790
1852791
1852792
1852793
1852795
1852796
1852797
1852798
1852800
1852801
1852802
1852803
1852805
1852806
1852807
1852808
1852809
1852810
1852811
1852812
1852813
1852814
1852815
1852817
1852828
1852829
1852830
1852831
1852833
1852834
1852835
1852836
1852838
1852839
1852840
1852841
1852849
1852850
1852851
1852852
1852854
1852855
1852856
1852857
1852859
1852860
1852861
1852862
1852864
1852865
1852866
1852867
1852869
1852870
1852871
1852872
1852874
1852875
1852876
1852877
1852879
1852880
1852881
1852882
1852884
1852885
1852886
1852887
1852891
1852892
1852893
1852894
1852895
1852896
1852897
1852898
1852899
1852900
1852901
1852902
1852903
1852905
1852953
1852954
1852955
1852956
1852958
1852959
1852960
1852961
1852962
1852963
1852964
1852965
1852968
1852969
1852970
1852980
1852981
1852982
1852983
1852985
1852986
1852987
1852988
1852990
1852991
1852992
1852993
1852995
1852996
1852997
1852998
1853038
1853039
1853040
1853041
1853043
1853044
1853045
1853046
1853048
1853049
1853050
1853051
1853053
1853054
1853055
1853056
1853058
1853059
1853060
1853061
1853065
1853066
1853067
1853068
1853070
1853080
1853081
1853082
1853083
1853085
1853086
1853087
1853088
1853090
1853091
1853092
1853093
1853095
1853096
1853097
1853098
1853104
1853105
1853106
1853107
1853109
1853110
1853111
1853112
1853114
1853115
1853116
1853117
1853119
1853120
1853121
1853122
1853124
1853125
1853126
1853127
1853129
1853130
1853131
1853132
1853134
1853135
1853136
1853137
1853139
1853140
1853141
1853142
1853144
1853145
1853146
1853147
1853149
1853150
1853151
1853152
1853154
1853155
1853156
1853157
1853159
1853160
1853161
1853162
1853168
1853169
1853170
1853171
1853173
1853174
1853175
1853176
1853178
1853179
1853180
1853181
1853183
1853184
1853185
1853186
1853187
1853188
1853189
1853190
1853191
1853192
1853193
1853194
1853195
1853196
1853197
1853198
1853199
1853200
1853227
1853228
1853229
1853230
1853232
1853233
1853234
1853235
1853237
1853238
1853239
1853240
1853242
1853243
1853244
1853245
1853247
1853248
1853249
1853250
1853252
1853253
1853254
1853255
1853257
1853258
1853259
1853260
1853262
1853263
1853264
1853265
1853276
1853277
1853278
1853279
1853281
1853282
1853283
1853284
1853286
1853287
1853288
1853289
1853291
1853292
1853293
1853294
1853296
1853297
1853298
1853299
1853301
1853302
1853303
1853304
1853306
1853307
1853308
1853309
1853311
1853312
1853313
1853314
1853316
1853317
1853318
1853319
1853321
1853322
1853323
1853324
1853326
1853327
1853328
1853329
1853331
1853332
1853333
1853334
1853336
1853337
1853338
1853339
1853341
1853342
1853343
1853344
1853346
1853347
1853348
1853349
1853352
1853353
1853354
1853355
1853357
1853358
1853359
1853360
1853362
1853363
1853364
1853365
1853398
1853399
1853400
1853401
1853403
1853404
1853405
1853406
1853408
1853531
1853578
1853579
1853580
1853581
1853582
1853583
1853584
1853585
1853586
1853587
1853588
1853589
1853590
1853591
1853592
1853593
1853594
1853595
1853596
1853597
1853598
1853599
1853600
1853601
1853602
1853603
1853604
1853605
1853606
1853607
1853608
1853609
1853610
1853611
1853612
1853613
1853614
1853615
1853616
1853617
1853618
1853619
1853620
1853621
1853622
1853623
1853624
1853625
1853626
1853627
1853636
1853637
1853638
1853639
1853641
1853642
1853643
1853644
1853646
1853647
1853648
1853649
1853662
1853663
1853664
1853665
1853666
1853667
1853671
1853672
1853673
1853674
1853676
1853677
1853678
1853679
1853681
1853682
1853683
1853684
1853692
1853693
1853694
1853695
1853697
1853698
1853699
1853700
1853702
1853703
1853704
1853705
1853710
1853711
1853712
1853713
1853714
1853715
1853716
1853717
1853718
1853719
1853721
1853722
1853723
1853724
1853726
1853727
1853728
1853729
1853731
1853732
1853733
1853734
1853736
1853737
1853738
1853739
1853741
1853742
1853744
1853745
1853746
1853747
1853749
1853750
1853751
1853752
1853754
1853755
1853756
1853757
1853759
1853760
1853761
1853762
1853764
1853765
1853766
1853767
1853769
1853770
1853771
1853772
1853774
1853775
1853776
1853777
1853779
1853780
1853781
1853782
1853784
1853785
1853786
1853787
1853788
1853789
1853790
1853791
1853792
1853793
1853794
1853795
1853797
1853798
1853799
1853800
1853802
1853803
1853804
1853805
1853807
1853808
1853809
1853810
1853829
1853830
1853831
1853832
1853834
1853835
1853836
1853837
1853839
1853840
1853841
1853842
1853844
1853845
1853846
1853847
1853857
1853858
1853859
1853860
1853862
1853863
1853864
1853865
1853867
1853868
1853869
1853870
1853872
1853873
1853874
1853875
1853877
1853878
1853879
1853880
1853882
1853883
1853884
1853885
1853887
1853888
1853889
1853890
1853892
1853893
1853894
1853895
1853897
1853898
1853899
1853900
1853902
1853903
1853904
1853905
1853907
1853908
1853909
1853910
1853912
1853913
1853914
1853915
1853919
1853920
1853921
1853922
1853923
1853924
1853925
1853926
1853927
1853928
1853929
1853930
1853931
1853932
1853933
1853934
1853935
1853936
1853937
1853938
1853939
1853940
1853941
1853943
1853944
1853945
1853946
1853948
1853949
1853950
1853951
1853953
1853954
1853955
1853956
1853958
1853959
1853960
1853961
1853989
1853990
1853991
1853992
1853994
1853995
1853996
1853997
1853999
1854000
1854001
1854002
1854004
1854005
1854006
1854007
1854009
1854010
1854011
1854012
1854014
1854015
1854016
1854017
1854019
1854020
1854021
1854022
1854024
1854025
1854026
1854027
1854030
1854031
1854032
1854033
1854035
1854036
1854037
1854038
1854040
1854041
1854042
1854043
1854045
1854046
1854047
1854048
1854074
1854075
1854076
1854077
1854079
1854080
1854081
1854082
1854084
1854085
1854086
1854087
1854093
1854094
1854095
1854096
1854098
1854099
1854100
1854101
1854103
1854104
1854105
1854106
1854108
1854109
1854110
1854111
1854117
1854118
1854119
1854120
1854122
1854123
1854124
1854125
1854127
1854128
1854129
1854130
1854132
1854133
1854134
1854135
1854137
1854138
1854139
1854140
1854142
1854143
1854144
1854145
1854147
1854148
1854149
1854150
1854153
1854154
1854155
1854156
1854157
1854158
1854159
1854160
1854161
1854162
1854163
1854164
1854165
1854166
1854167
1854168
1854169
1854170
1854171
1854172
1854173
1854174
1854175
1854176
1854177
1854178
1854179
1854180
1854181
1854182
1854183
1854185
1854186
1854187
1854188
1854190
1854191
1854192
1854193
1854195
1854196
1854197
1854198
1854200
1854202
1854204
1854205
1854206
1854208
1854305
1854306
1854307
1854308
1854310
1854311
1854312
1854313
1854315
1854316
1854317
1854318
1854320
1854321
1854322
1854326
1854329
1854330
1854331
1854332
1854334
1854335
1854336
1854337
1854339
1854340
1854341
1854342
1854344
1854345
1854346
1854347
1854349
1854350
1854351
1854352
1854354
1854355
1854356
1854357
1854359
1854360
1854361
1854362
1854364
1854365
1854366
1854367
1854368
1854369
1854370
1854371
1854384
1854385
1854386
1854387
1854389
1854390
1854391
1854392
1854394
1854395
1854396
1854397
1854399
1854400
1854401
1854402
1854406
1854407
1854408
1854409
1854411
1854412
1854413
1854414
1854416
1854417
1854418
1854419
1854421
1854422
1854423
1854424
1854425
1854426
1854427
1854429
1854430
1854432
1854433
1854434
1854435
1854437
1854438
1854439
1854440
1854442
1854443
1854444
1854445
1854447
1854448
1854449
1854450
1854452
1854453
1854454
1854456
1854457
1854459
1854460
1854461
1854462
1854464
1854465
1854466
1854467
1854469
1854470
1854471
1854472
1854474
1854475
1854476
1854477
1854482
1854483
1854484
1854485
1854487
1854488
1854489
1854490
1854492
1854493
1854494
1854495
1854497
1854498
1854499
1854500
1854502
1854503
1854504
1854505
1854506
1854507
1854509
1854511
1854512
1854513
1854514
1854516
1854517
1854518
1854519
1854521
1854522
1854523
1854524
1854526
1854527
1854528
1854529
1854531
1854532
1854533
1854534
1854536
1854537
1854538
1854539
1854541
1854542
1854543
1854544
1854546
1854547
1854548
1854549
1854555
1854556
1854557
1854558
1854559
1854560
1854561
1854566
1854567
1854568
1854569
1854571
1854572
1854573
1854574
1854576
1854577
1854578
1854579
1854581
1854582
1854583
1854584
1854595
1854596
1854597
1854598
1854600
1854601
1854602
1854603
1854605
1854606
1854607
1854608
1854610
1854611
1854612
1854613
1854615
1854616
1854617
1854618
1854619
1854624
1854625
1854626
1854627
1854629
1854630
1854631
1854632
1854634
1854635
1854636
1854637
1854639
1854640
1854641
1854642
1854644
1854645
1854646
1854647
1854649
1854650
1854651
1854652
1854654
1854655
1854656
1854657
1854659
1854660
1854661
1854662
1854664
1854665
1854666
1854667
1854668
1854670
1854671
1854672
1854675
1854676
1854677
1854678
1854680
1854681
1854682
1854683
1854685
1854686
1854687
1854688
1854691
1854692
1854693
1854694
1854695
1854697
1854698
1854699
1854700
1854702
1854703
1854704
1854705
1854707
1854708
1854709
1854710
1854714
1854715
1854716
1854717
1854719
1854720
1854721
1854722
1854724
1854725
1854726
1854727
1854729
1854730
1854731
1854732
1854734
1854735
1854736
1854737
1854739
1854740
1854741
1854742
1854744
1854745
1854746
1854747
1854749
1854750
1854751
1854752
1854755
1854763
1854764
1854765
1854766
1854767
1854768
1854769
1854770
1854772
1854773
1854779
1854802
1854803
1854804
1854805
1854807
1854808
1854809
1854810
1854812
1854813
1854814
1854815
1854817
1854818
1854819
1854820
1854824
1854825
1854827
1854829
1854830
1854831
1854832
1854834
1854835
1854836
1854837
1854839
1854840
1854841
1854842
1854891
1854892
1854893
1854894
1854896
1854897
1854898
1854899
1854901
1854902
1854903
1854904
1854906
1854907
1854908
1854909
1854914
1854915
1854916
1854917
1854918
1854919
1854920
1854921
1854922
1854924
1854925
1854926
1854927
1854929
1854930
1854931
1854932
1854934
1854935
1854936
1854937
1854943
1854944
1854945
1854946
1854948
1854949
1854950
1854951
1854953
1854954
1854955
1854956
1854958
1854959
1854960
1854961
1854963
1854964
1854965
1854966
1854968
1854969
1854970
1854971
1854973
1854974
1854975
1854976
1854978
1854979
1854980
1854981
1854993
1854994
1854995
1854996
1854998
1854999
1855000
1855001
1855003
1855004
1855005
1855006
1855008
1855009
1855010
1855011
1855019
1855020
1855021
1855022
1855024
1855025
1855026
1855027
1855029
1855030
1855031
1855032
1855034
1855035
1855036
1855037
1855047
1855048
1855049
1855050
1855051
1855052
1855053
1855054
1855055
1855056
1855057
1855058
1855059
1855060
1855061
1855062
1855064
1855065
1855066
1855067
1855069
1855070
1855071
1855072
1855074
1855075
1855076
1855077
1855079
1855080
1855081
1855082
1855084
1855085
1855086
1855087
1855099
1855100
1855101
1855102
1855104
1855105
1855106
1855108
1855109
1855110
1855111
1855113
1855114
1855115
1855116
1855118
1855119
1855120
1855121
1855123
1855124
1855125
1855126
1855138
1855139
1855140
1855141
1855142
1855143
1855144
1855145
1855147
1855148
1855149
1855150
1855152
1855153
1855154
1855155
1855157
1855158
1855159
1855160
1855162
1855163
1855164
1855165
1855167
1855168
1855169
1855171
1855172
1855173
1855174
1855183
1855184
1855185
1855186
1855188
1855189
1855190
1855191
1855193
1855194
1855195
1855196
1855198
1855199
1855200
1855201
1855210
1855211
1855212
1855213
1855214
1855215
1855216
1855217
1855218
1855220
1855222
1855223
1855224
1855225
1855227
1855228
1855229
1855230
1855232
1855233
1855234
1855235
1855237
1855238
1855239
1855240
1855242
1855243
1855244
1855245
1855247
1855248
1855249
1855250
1855252
1855253
1855254
1855255
1855268
1855269
1855270
1855271
1855273
1855274
1855275
1855276
1855278
1855279
1855280
1855281
1855283
1855284
1855285
1855286
1855293
1855294
1855295
1855296
1855297
1855298
1855299
1855300
1855301
1855302
1855304
1855305
1855306
1855307
1855309
1855310
1855311
1855312
1855314
1855315
1855316
1855317
1855319
1855320
1855321
1855322
1855335
1855336
1855337
1855338
1855340
1855341
1855342
1855343
1855345
1855346
1855347
1855348
1855350
1855351
1855352
1855353
1855365
1855366
1855367
1855368
1855370
1855371
1855372
1855373
1855375
1855376
1855377
1855378
1855380
1855381
1855382
1855383
1855385
1855391
1855392
1855393
1855394
1855395
1855396
1855397
1855398
1855399
1855400
1855402
1855403
1855404
1855405
1855406
1855407
1855408
1855413
1855414
1855415
1855416
1855418
1855551
1855552
1855553
1855554
1855556
1855557
1855558
1855559
1855561
1855562
1855563
1855564
1855566
1855567
1855569
1855570
1855571
1855572
1855574
1855575
1855576
1855577
1855579
1855580
1855581
1855582
1855584
1855585
1855586
1855587
1855589
1855590
1855591
1855592
1855594
1855595
1855596
1855597
1855599
1855600
1855601
1855602
1855604
1855605
1855606
1855607
1855611
1855612
1855613
1855614
1855615
1855617
1855618
1855619
1855623
1855624
1855625
1855627
1855630
1855631
1855632
1855633
1855635
1855636
1855637
1855638
1855640
1855641
1855642
1855643
1855644
1855662
1855663
1855664
1855665
1855666
1855667
1855668
1855670
1855671
1855672
1855673
1855674
1855676
1855677
1855678
1855679
1855680
1855682
1855683
1855684
1855685
1855686
1855730
1855731
1855732
1855733
1855734
1855736
1855737
1855738
1855739
1855740
1855742
1855743
1855744
1855745
1855746
1855748
1855749
1855750
1855751
1855752
1855756
1855757
1855758
1855759
1855760
1855762
1855763
1855764
1855765
1855766
1855768
1855769
1855770
1855771
1855772
1855780
1855781
1855782
1855783
1855785
1855786
1855787
1855788
1855790
1855791
1855792
1855793
1855795
1855796
1855797
1855798
1855800
1855801
1855802
1855803
1855805
1855806
1855807
1855808
1855810
1855811
1855812
1855813
1855815
1855816
1855817
1855818
1855835
1855836
1855837
1855838
1855840
1855841
1855842
1855843
1855845
1855846
1855847
1855848
1855850
1855851
1855852
1855853
1855856
1855857
1855858
1855859
1855860
1855861
1855862
1855863
1855864
1855865
1855866
1855867
1855868
1855869
1855870
1855871
1855873
1855874
1855875
1855876
1855877
1855878
1855879
1855883
1855884
1855885
1855886
1855888
1855889
1855890
1855891
1855893
1855894
1855895
1855896
1855899
1855900
1855901
1855902
1855903
1855905
1855907
1855908
1855909
1855910
1855912
1855913
1855914
1855915
1855917
1855918
1855919
1855920
1855922
1855923
1855924
1855925
1855933
1855934
1855935
1855937
1855938
1855939
1855940
1855942
1855943
1855944
1855945
1855947
1855948
1855949
1855950
1855952
1855953
1855954
1855955
1855957
1855958
1855960
1855961
1855962
1855963
1855965
1855966
1855967
1855968
1855970
1855971
1855972
1855973
1855975
1855976
1855977
1855978
1855980
1855988
1855989
1855990
1855991
1855994
1855995
1855996
1855997
1855999
1856000
1856001
1856002
1856004
1856005
1856006
1856007
1856009
1856010
1856011
1856012
1856016
1856017
1856018
1856019
1856021
1856022
1856023
1856024
1856026
1856027
1856028
1856029
1856031
1856032
1856033
1856034
1856036
1856037
1856038
1856039
1856041
1856042
1856043
1856044
1856046
1856047
1856048
1856049
1856051
1856052
1856053
1856054
1856061
1856062
1856063
1856064
1856066
1856067
1856068
1856069
1856071
1856072
1856073
1856074
1856076
1856077
1856078
1856079
1856081
1856082
1856083
1856084
1856085
1856086
1856087
1856088
1856090
1856091
1856092
1856093
1856095
1856096
1856097
1856098
1856100
1856101
1856102
1856103
1856105
1856106
1856107
1856108
1856111
1856112
1856113
1856114
1856115
1856125
1856209
1856210
1856211
1856212
1856214
1856215
1856216
1856217
1856219
1856220
1856221
1856222
1856224
1856225
1856226
1856227
1856232
1856233
1856268
1856269
1856270
1856271
1856273
1856274
1856275
1856276
1856278
1856279
1856280
1856281
1856283
1856284
1856285
1856286
1856296
1856297
1856298
1856299
1856304
1856305
1856306
1856307
1856309
1856310
1856311
1856312
1856314
1856315
1856316
1856317
1856324
1856325
1856326
1856327
1856329
1856330
1856331
1856332
1856334
1856335
1856336
1856337
1856339
1856340
1856341
1856342
1856345
1856346
1856347
1856348
1856349
1856350
1856351
1856352
1856354
1856355
1856356
1856357
1856359
1856360
1856361
1856362
1856364
1856365
1856366
1856367
1856369
1856370
1856371
1856372
1856378
1856379
1856381
1856382
1856383
1856384
1856386
1856387
1856388
1856389
1856391
1856392
1856393
1856394
1856396
1856397
1856398
1856399
1856409
1856410
1856411
1856412
1856414
1856415
1856416
1856417
1856419
1856420
1856421
1856422
1856424
1856425
1856426
1856427
1856429
1856430
1856431
1856432
1856434
1856435
1856436
1856437
1856439
1856440
1856441
1856442
1856444
1856445
1856447
1856448
1856449
1856450
1856452
1856453
1856454
1856455
1856457
1856458
1856459
1856460
1856462
1856463
1856464
1856465
1856467
1856468
1856469
1856471
1856472
1856473
1856474
1856476
1856477
1856478
1856479
1856481
1856482
1856483
1856484
1856486
1856487
1856488
1856489
1856506
1856507
1856508
1856509
1856511
1856512
1856513
1856514
1856516
1856517
1856518
1856519
1856527
1856528
1856529
1856530
1856531
1856537
1856538
1856539
1856540
1856542
1856543
1856544
1856545
1856547
1856548
1856549
1856550
1856552
1856553
1856554
1856555
1856568
1856569
1856570
1856571
1856573
1856574
1856575
1856576
1856578
1856579
1856580
1856581
1856583
1856584
1856585
1856586
1856595
1856596
1856597
1856598
1856600
1856601
1856602
1856603
1856605
1856606
1856607
1856608
1856610
1856611
1856612
1856613
1856622
1856623
1856624
1856625
1856627
1856628
1856629
1856630
1856632
1856633
1856634
1856635
1856637
1856638
1856639
1856640
1856642
1856643
1856653
1856654
1856655
1856656
1856658
1856659
1856660
1856661
1856663
1856664
1856665
1856666
1856668
1856669
1856670
1856671
1856675
1856676
1856677
1856678
1856680
1856681
1856682
1856683
1856685
1856686
1856687
1856688
1856690
1856691
1856692
1856693
1856695
1856696
1856697
1856698
1856700
1856701
1856702
1856703
1856705
1856706
1856707
1856708
1856710
1856711
1856712
1856713
1856716
1856717
1856718
1856719
1856721
1856722
1856723
1856724
1856726
1856727
1856728
1856729
1856731
1856732
1856733
1856734
1856735
1856746
1856748
1856749
1856750
1856751
1856753
1856754
1856755
1856757
1856768
1856901
1856902
1856903
1856904
1856906
1856907
1856908
1856909
1856911
1856912
1856913
1856914
1856916
1856917
1856918
1856919
1856945
1856946
1856947
1856948
1856950
1856951
1856952
1856953
1856955
1856956
1856957
1856958
1856962
1856963
1856964
1856971
1856972
1856973
1856974
1856976
1856977
1856978
1856979
1856981
1856982
1856983
1856984
1856986
1856987
1856988
1856989
1856997
1856998
1856999
1857000
1857002
1857003
1857004
1857005
1857007
1857008
1857009
1857010
1857015
1857018
1857019
1857020
1857021
1857023
1857024
1857025
1857026
1857028
1857029
1857030
1857031
1857033
1857034
1857039
1857040
1857041
1857042
1857044
1857045
1857046
1857047
1857049
1857050
1857051
1857052
1857054
1857055
1857057
1857058
1857059
1857060
1857062
1857063
1857064
1857065
1857067
1857068
1857069
1857070
1857072
1857073
1857074
1857075
1857083
1857084
1857107
1857108
1857109
1857110
1857112
1857113
1857114
1857115
1857117
1857118
1857119
1857120
1857122
1857123
1857124
1857125
1857127
1857128
1857130
1857131
1857140
1857424
1859544
1861380
1864873
1865398
1865709
1865717
1865720
1865721
1865722
1865723
1865725
1865727
1865737
1865738
1865739
1865740
1865742
1865743
1865744
1865745
1865747
1865748
1865749
1865750
1865752
1865753
1865754
1865756
1865757
1865758
1865759
1865760
1865761
1865762
1865763
1865764
1865765
1865766
1865767
1865769
1865770
1865771
1865773
1865774
1865775
1865776
1865778
1865779
1865781
1865812
1865958
1866549
1867314
1867315
1867338
1867339
1867348
1867349
1867381
1867382
1867517
1867564
1868193
1868967
1869154
1869304
1869342
1869417
1869527
1869590
1869740
1869862
1869872
1869873
1869875
1869877
1869887
1869889
1869937
1870071
1870230
1870275
1870277
1870279
1870294
1870303
1870329
1870330
1870332
1870333
1870373
1870378
1870380
1870382
1870618
1871052
1871954
1872390
1872639
1874270
1875185
1875517
1876384
1877280
1877688
1878363
1878366
1878367
1878370
1878390
1878445
1878446
1878448
1878450
1878453
1878457
1878460
1878463
1878508
1878509
1878510
1878511
1878512
1878513
1878515
1878516
1878517
1878518
1878519
1878520
1878521
1878522
1878523
1878524
1878541
1878542
1878546
1878554
1878556
1878557
1878558
1878559
1878561
1878565
1878567
1878568
1878896
1879216
1879563
1879657
1879658
1879660
1879662
1879693
1879704
1879708
1879714
1879876
1880169
1880875
1881730
1881897
1882128
1882554
1883062
1884905
1885879
1886790
1887508
1888650
1889446
1890143
1890144
1890159
1890160
1890167
1890754
1891479
1892821
1893560
1894815
1894828
1894897
1894969
1895320
1895621
1896223
1897223
1897224
1897250
1897259
1897260
1897264
1897279
1897280
1897291
1897292
1897293
1897294
1897362
1897364
1897365
1897429
1897430
1897545
1898337
1898537
1898596
1899143
1899876
1900442
1900468
1900469
1900491
1900576
1900577
1900630
1900631
1900643
1900653
1901107
1901658
1901673
1901758
1901772
1901791
1901851
1901864
1903143
1903808
1904569
1905647
1906479
1907491
1907492
1907515
1907517
1907626
1907648
1907712
1907725
1907829
1908653
1908677
1908682
1908716
1908773
1908790
1908823
1908826
1908848
1908880
1908881
1908882
1908883
1908884
1908885
1908898
1908899
1908908
1908909
1908911
1908921
1908925
1908934
1908942
1908944
1909090
1909091
1909113
1910063
1911112
1911413
1911438
1911464
1911465
1911491
1911540
1911541
1911572
1911573
1911629
1911630
1911642
1911644
1912397
1912398
1912440
1912441
1912442
1912464
1912465
1913388
1914447
1918283
1919208
1920008
1922010
1923298
1925782
1926910
1927715
1929439
1929858
1930095
1930109
1930126
1930134
1930139
1930146
1930147
1930154
1930158
1930172
1930173
1930181
1930183
1930195
1931340
1932209
1932394
1932659
1932998
1933790
1933803
1933853
1933944
1933991
1934644
1934662
1934685
1934694
1934721
1934824
1934825
1934826
1935134
1935527
1935557
1935558
1935559
1935560
1935562
1935563
1935576
1935580
1935589
1935593
1935596
1935599
1935612
1935613
1935622
1935623
1935625
1935626
1935628
1935629
1935652
1935653
1935656
1935676
1935677
1935784
1935785
1935786
1935787
1935909
1935928
1935954
1935955
1935973
1935974
1936111
1936112
1936139
1936140
1936156
1936273
1936291
1936327
1936450
1936477
1936499
1936500
1936504
1936505
1936520
1936526
1936530
1936531
1936532
1936540
1936542
1936550
1936554
1936558
1936559
1936560
1936568
1936906
1937050
1937060
1937066
1937070
1937074
1937088
1937089
1937105
1937106
1937110
1937122
1937124
1937125
1937133
1937135
1937855
1939035
1939051
1939072
1939073
1939150
1939151
1939229
1939231
1939240
1939241
1939256
1939258
1939261
1939289
1940122
1940764
1940778
1940794
1940804
1940818
1940849
1940850
1940868
1940869
1940903
1940904
1940919
1940920
1940935
1940967
1942592
1943280
1943302
1943321
1943330
1943331
1943437
1943438
1943439
1943440
1943465
1943482
1943513
1943514
1943526
1943527
1943537
1943994
1944397
1944412
1944425
1944436
1944453
1944489
1944490
1944508
1944509
1944522
1944523
1944536
1944537
1944548
1944790
1945472
1945573
1945658
1945659
1945688
1945689
1945743
1945744
1945745
1945746
1945774
1945775
1945776
1945790
1945791
1945792
1945820
1945837
1945877
1945878
1945879
1945908
1945909
1945910
1945911
1945912
1945913
1945915
1946000
1946001
1946825
1946863
1946867
1946883
1946947
1946950
1946953
1946955
1946966
1946967
1946988
1946989
1947000
1947414
1948366
1949170
1949526
1949542
1949549
1949552
1949573
1949591
1949607
1949617
1949629
1949686
1949689
1949707
1949721
1949722
1949723
1949725
1949726
1949727
1949729
1949730
1949731
1949733
1949734
1949750
1949770
1949771
1949780
1949781
1949782
1949783
1949784
1949805
1949806
1949808
1949809
1949810
1949812
1949813
1949814
1949816
1949844
1949845
1949854
1949855
1949856
1949857
1949858
1949859
1949860
1949861
1949862
1949870
1950037
1950876
1951665
1952321
1953025
1953043
1953110
1953111
1953112
1953114
1953115
1953116
1953118
1953119
1953120
1953122
1953123
1953124
1953128
1953129
1953145
1953146
1953147
1953151
1953152
1953153
1953154
1953155
1953156
1953166
1953167
1953168
1953177
1953178
1953179
1955713
1958078
1959291
1960484
1960492
1960585
1960586
1960603
1962418
1963585
1964407
1966309
1967294
1968365
1969498
1972948
1973918
1976036
1976667
1977214
1977215
1977217
1977224
1977226
1977243
1977335
1977355
1977366
1977418
1977424
1977485
1977602
1977799
1977804
1977817
1977818
1977819
1977822
1977823
1978614
1979699
1980843
1982047
1984403
1985609
1986854
1987869
1988640
1989249
1989565
1990182
1990781
1991352
1991723
1992190
1992240
1992242
1992307
1992322
1992332
1992337
1992343
1992353
1992357
1992361
1992369
1992371
1992373
1992375
1992377
1992383
1992384
1992390
1992393
1992397
1992399
1992405
1992406
1992418
1992419
1992427
1992429
1992431
1992433
1992434
1992436
1992438
1992439
1992441
1992442
1992444
1992445
1992447
1992448
1992450
1992451
1992452
1992453
1992464
1992466
1992467
1992469
1992470
1992472
1992473
1992475
1992476
1992478
1992479
1992481
1992482
1992484
1992485
1992487
1992488
1992490
1992574
1992575
1992577
1992578
1992580
1992581
1992583
1992584
1992586
1992587
1992588
1992590
1992591
1992593
1992594
1992596
1992597
1992599
1992600
1992603
1992604
1992605
1992606
1992609
1992610
1992612
1992613
1992615
1992616
1992624
1992625
1992626
1992627
1992629
1992630
1992632
1992633
1992635
1992636
1992638
1992639
1992645
1992646
1992648
1992649
1992651
1992652
1992654
1992655
1992658
1992659
1992661
1992662
1992664
1992665
1992671
1992672
1992674
1992675
1992677
1992678
1992680
1992681
1992686
1992687
1992689
1992690
1992692
1992693
1992695
1992696
1992698
1992699
1992700
1992701
1992704
1992705
1992707
1992708
1992710
1992711
1992713
1992714
1992715
1992716
1992719
1992720
1992722
1992723
1992725
1992726
1992728
1992729
1992731
1992732
1992734
1992735
1992737
1992738
1992740
1992741
1992743
1992744
1992746
1992747
1992749
1992750
1992752
1992753
1992754
1992755
1992757
1992758
1992760
1992761
1992763
1992764
1992766
1992767
1992798
1992799
1992800
1992801
1992802
1992803
1992804
1992806
1992807
1992809
1992810
1992812
1992813
1992815
1992816
1992817
1992818
1992819
1992820
1992821
1992823
1992824
1992826
1992827
1992829
1992830
1992832
1992833
1992837
1992838
1992839
1992840
1992842
1992843
1992845
1992846
1992848
1992849
1992851
1992852
1992862
1992863
1992865
1992866
1992868
1992869
1992871
1992872
1992961
1992962
1992964
1992965
1992967
1992968
1992970
1992971
1992999
1993000
1993001
1993002
1993003
1993004
1993005
1993006
1993007
1993008
1993010
1993011
1993013
1993014
1993016
1993017
1993019
1993020
1993022
1993039
1993040
1993041
1993042
1993105
1993106
1993108
1993109
1993111
1993112
1993114
1993116
1993117
1993119
1993120
1993122
1993123
1993125
1993126
1993133
1993134
1993135
1993136
1993137
1993138
1993139
1993140
1993142
1993143
1993145
1993146
1993148
1993149
1993169
1993170
1993172
1993173
1993175
1993176
1993178
1993179
1993181
1993182
1993184
1993185
1993187
1993188
1993190
1993191
1993193
1993194
1993196
1993197
1993199
1993200
1993202
1993203
1993228
1993229
1993231
1993232
1993234
1993235
1993237
1993238
1993246
1993247
1993248
1993249
1993250
1993251
1993252
1993253
1993254
1993255
1993256
1993257
1993258
1993260
1993261
1993263
1993264
1993266
1993267
1993269
1993270
1993272
1993273
1993274
1993275
1993303
1993304
1993306
1993307
1993309
1993310
1993312
1993313
1993315
1993316
1993317
1993318
1993319
1993320
1993321
1993322
1993329
1993330
1993332
1993333
1993335
1993336
1993338
1993339
1993341
1993342
1993343
1993344
1993361
1993364
1993365
1993367
1993368
1993370
1993371
1993373
1993374
1993375
1993376
1993377
1993378
1993381
1993382
1993383
1993384
1993386
1993387
1993389
1993390
1993392
1993393
1993395
1993396
1993398
1993399
1993400
1993401
1993403
1993404
1993406
1993407
1993409
1993410
1993418
1993419
1993421
1993422
1993424
1993425
1993434
1993435
1993437
1993438
1993440
1993441
1993443
1993444
1993446
1993447
1993449
1993450
1993452
1993453
1993455
1993456
1993480
1993481
1993483
1993484
1993486
1993487
1993489
1993492
1993493
1993494
1993495
1993496
1993497
1993498
1993499
1993500
1993501
1993502
1993503
1993504
1993505
1993506
1993507
1993508
1993509
1993510
1993511
1993512
1993513
1993538
1993539
1993541
1993542
1993544
1993545
1993551
1993552
1993554
1993555
1993557
1993558
1993560
1993562
1993577
1993578
1993579
1993580
1993581
1993637
1993638
1993640
1993641
1993643
1993644
1993646
1993647
1993649
1993650
1993652
1993653
1993689
1993690
1993691
1993692
1993693
1993694
1993695
1993697
1993698
1993700
1993701
1993703
1993704
1993706
1993707
1993709
1993710
1993711
1993717
1993718
1993720
1993721
1993723
1993724
1993726
1993727
1993729
1993730
1993731
1993735
1993764
1993765
1993767
1993768
1993770
1993772
1993773
1993775
1993776
1993778
1993779
1993781
1993782
1993784
1993785
1993787
1993788
1993793
1993794
1993796
1993797
1993799
1993800
1993802
1993803
1993805
1993806
1993807
1993808
1993809
1993810
1993811
1993812
1993813
1993814
1993815
1993816
1993818
1993819
1993821
1993822
1993824
1993825
1993826
1993828
1993829
1993833
1993862
1993863
1993865
1993866
1993868
1993869
1993871
1993872
1993876
1993877
1993878
1993879
1993880
1993881
1993882
1993883
1993886
1993887
1993889
1993890
1993918
1993919
1993920
1993921
1993925
1993926
1993928
1993929
1993931
1993932
1993934
1993935
1993937
1993939
1993940
1993944
1993951
1993952
1993953
1993954
1993957
1993958
1993960
1993961
1993963
1993964
1993966
1993967
1993969
1993970
1993976
1993977
1993979
1993980
1993982
1993983
1993985
1993986
1993991
1993992
1993993
1993994
1993995
1993998
1993999
1994001
1994002
1994004
1994005
1994006
1994007
1994023
1994029
1994030
1994032
1994033
1994035
1994036
1994038
1994039
1994044
1994045
1994047
1994048
1994050
1994051
1994053
1994054
1994056
1994057
1994059
1994060
1994062
1994063
1994065
1994066
1994068
1994069
1994071
1994072
1994074
1994075
1994077
1994078
1994079
1994080
1994081
1994082
1994083
1994084
1994085
1994086
1994087
1994088
1994089
1994090
1994095
1994096
1994098
1994099
1994101
1994110
1994117
1994213
1994214
1994216
1994217
1994219
1994220
1994222
1994223
1994257
1994258
1994259
1994264
1994265
1994267
1994269
1994270
1994272
1994273
1994280
1994281
1994282
1994283
1994288
1994290
1994293
1994294
1994296
1994297
1994299
1994300
1994301
1994302
1994303
1994304
1994308
1994310
1994311
1994313
1994314
1994316
1994317
1994319
1994320
1994322
1994323
1994325
1994326
1994328
1994329
1994330
1994332
1994333
1994335
1994336
1994340
1994341
1994354
1994355
1994357
1994358
1994360
1994361
1994363
1994364
1994366
1994367
1994369
1994370
1994372
1994373
1994375
1994376
1994378
1994379
1994390
1994391
1994392
1994393
1994394
1994395
1994396
1994397
1994398
1994399
1994400
1994401
1994402
1994403
1994424
1994425
1994427
1994428
1994430
1994432
1994433
1994435
1994436
1994446
1994447
1994448
1994449
1994451
1994452
1994454
1994455
1994457
1994458
1994460
1994461
1994465
1994466
1994467
1994468
1994472
1994474
1994475
1994477
1994478
1994480
1994481
1994483
1994484
1994488
1994489
1994491
1994492
1994494
1994495
1994497
1994498
1994502
1994503
1994505
1994506
1994508
1994509
1994511
1994512
1994514
1994515
1994516
1994526
1994527
1994529
1994530
1994532
1994533
1994535
1994536
1994538
1994539
1994540
1994541
1994543
1994544
1994546
1994547
1994549
1994550
1994552
1994553
1994555
1994556
1994558
1994559
1994561
1994562
1994564
1994565
1994567
1994568
1994570
1994571
1994573
1994574
1994576
1994577
1994579
1994580
1994581
1994582
1994583
1994584
1994585
1994586
1994587
1994588
1994589
1994590
1994591
1994592
1994593
1994594
1994595
1994597
1994598
1994600
1994601
1994603
1994604
1994607
1994608
1994610
1994611
1994613
1994614
1994616
1994617
1994619
1994620
1994622
1994623
1994625
1994626
1994628
1994629
1994643
1994644
1994646
1994647
1994649
1994650
1994652
1994653
1994655
1994656
1994658
1994659
1994661
1994662
1994664
1994665
1994668
1994669
1994670
1994671
1994672
1994673
1994674
1994675
1994676
1994677
1994678
1994679
1994680
1994681
1994682
1994683
1994684
1994685
1994686
1994687
1994688
1994689
1994690
1994691
1994692
1994693
1994694
1994695
1994696
1994697
1994698
1994699
1994701
1994702
1994704
1994705
1994707
1994708
1994710
1994711
1994713
1994714
1994716
1994717
1994719
1994720
1994722
1994723
1994725
1994726
1994727
1994728
1994729
1994730
1994731
1994732
1994741
1994742
1994744
1994745
1994747
1994748
1994750
1994751
1994757
1994758
1994759
1994760
1994764
1994765
1994767
1994769
1994781
1994782
1994783
1994945
1994946
1994948
1994949
1994951
1994952
1994954
1994955
1994957
1994958
1994960
1994961
1994963
1994964
1994966
1994967
1994969
1994970
1994971
1994972
1994974
1994975
1994977
1994978
1994980
1994981
1994983
1994984
1994986
1994987
1994989
1994990
1994992
1994993
1994995
1994996
1995000
1995001
1995002
1995003
1995004
1995005
1995006
1995008
1995009
1995011
1995012
1995014
1995015
1995017
1995018
1995020
1995021
1995073
1995074
1995076
1995077
1995079
1995080
1995106
1995107
1995109
1995110
1995112
1995113
1995115
1995116
1995118
1995119
1995120
1995122
1995123
1995124
1995126
1995127
1995128
1995130
1995131
1995132
1995134
1995135
1995136
1995138
1995139
1995140
1995141
1995142
1995143
1995145
1995146
1995147
1995149
1995150
1995151
1995153
1995154
1995155
1995157
1995158
1995159
1995160
1995162
1995163
1995164
1995166
1995167
1995168
1995170
1995171
1995172
1995174
1995175
1995176
1995178
1995179
1995180
1995182
1995183
1995184
1995186
1995187
1995188
1995190
1995191
1995192
1995208
1995209
1995210
1995211
1995212
1995213
1995214
1995215
1995217
1995218
1995219
1995221
1995222
1995223
1995225
1995226
1995227
1995229
1995230
1995231
1995233
1995234
1995235
1995237
1995238
1995239
1995241
1995242
1995243
1995245
1995246
1995249
1995250
1995251
1995252
1995282
1995283
1995284
1995290
1995291
1995293
1995294
1995296
1995297
1995299
1995300
1995302
1995303
1995305
1995306
1995308
1995309
1995311
1995312
1995313
1995314
1995315
1995316
1995317
1995331
1995332
1995334
1995335
1995337
1995338
1995340
1995341
1995343
1995344
1995360
1995361
1995363
1995364
1995366
1995367
1995369
1995370
1995373
1995374
1995376
1995377
1995379
1995380
1995383
1995384
1995386
1995387
1995389
1995390
1995392
1995393
1995394
1995395
1995396
1995397
1995398
1995399
1995400
1995401
1995402
1995403
1995404
1995405
1995406
1995409
1995410
1995412
1995413
1995415
1995416
1995420
1995421
1995423
1995424
1995426
1995427
1995429
1995430
1995432
1995433
1995435
1995436
1995438
1995439
1995441
1995442
1995444
1995445
1995446
1995447
1995448
1995449
1995450
1995451
1995452
1995453
1995455
1995456
1995458
1995459
1995461
1995462
1995464
1995465
1995475
1995476
1995478
1995484
1995485
1995486
1995487
1995488
1995489
1995490
1995491
1995699
1995700
1995702
1995703
1995705
1995706
1995708
1995709
1995711
1995712
1995714
1995715
1995717
1995718
1995720
1995721
1995723
1995724
1995725
1995726
1995727
1995728
1995730
1995731
1995733
1995734
1995736
1995737
1995739
1995740
1995742
1995743
1995744
1995745
1995746
1995747
1995765
1995766
1995768
1995769
1995771
1995772
1995774
1995775
1995778
1995779
1995781
1995782
1995784
1995785
1995787
1995788
1995790
1995791
1995793
1995794
1995795
1995796
1995798
1995799
1995801
1995802
1995804
1995805
1995807
1995808
1995827
1995828
1995830
1995831
1995833
1995834
1995836
1995837
1995846
1995847
1995848
1995849
1995850
1995851
1995852
1995853
1995858
1995859
1995861
1995862
1995864
1995865
1995867
1995868
1995870
1995871
1995873
1995874
1995876
1995877
1995879
1995880
1995882
1995883
1995884
1995885
1995886
1995887
1995888
1995889
1995891
1995892
1995894
1995895
1995897
1995898
1995900
1995901
1995903
1995904
1995908
1995909
1995911
1995912
1995914
1995915
1995917
1995918
1995920
1995921
1995922
1995923
1995925
1995926
1995928
1995929
1995931
1995932
1995934
1995935
1995937
1995938
1995939
1995940
1995947
1995948
1995950
1995951
1995953
1995954
1995956
1995957
1995965
1995966
1995968
1995969
1995971
1995972
1995975
1995976
1995977
1995982
1995983
1995985
1995986
1995988
1995989
1995995
1995996
1995997
1995998
1996002
1996003
1996009
1996010
1996012
1996013
1996015
1996016
1996018
1996019
1996021
1996022
1996024
1996025
1996027
1996028
1996030
1996031
1996033
1996034
1996035
1996036
1996037
1996038
1996039
1996040
1996041
1996042
1996043
1996049
1996050
1996052
1996053
1996055
1996056
1996058
1996059
1996061
1996062
1996064
1996065
1996067
1996068
1996070
1996071
1996073
1996074
1996075
1996076
1996077
1996078
1996079
1996080
1996082
1996083
1996085
1996086
1996088
1996089
1996091
1996092
1996094
1996096
1996097
1996099
1996100
1996102
1996103
1996105
1996106
1996110
1996111
1996112
1996113
1996114
1996116
1996117
1996119
1996120
1996122
1996123
1996125
1996126
1996132
1996133
1996134
1996136
1996137
1996139
1996140
1996142
1996143
1996145
1996146
1996155
1996158
1996159
1996160
1996161
1996304
1996305
1996307
1996308
1996310
1996311
1996314
1996315
1996317
1996318
1996320
1996321
1996327
1996328
1996333
1996334
1996336
1996337
1996339
1996340
1996342
1996343
1996380
1996381
1996383
1996384
1996386
1996387
1996396
1996397
1996399
1996400
1996402
1996403
1996405
1996406
1996408
1996409
1996410
1996411
1996412
1996413
1996414
1996415
1996416
1996417
1996418
1996419
1996420
1996421
1996422
1996423
1996424
1996425
1996427
1996428
1996430
1996431
1996433
1996434
1996436
1996437
1996440
1996441
1996442
1996443
1996444
1996445
1996446
1996447
1996448
1996449
1996450
1996452
1996453
1996456
1996457
1996459
1996460
1996462
1996463
1996465
1996466
1996472
1996473
1996475
1996476
1996478
1996479
1996481
1996482
1996488
1996489
1996491
1996492
1996494
1996495
1996497
1996498
1996505
1996506
1996508
1996509
1996511
1996512
1996514
1996515
1996517
1996518
1996520
1996521
1996523
1996524
1996526
1996527
1996530
1996531
1996532
1996533
1996534
1996535
1996536
1996537
1996538
1996539
1996540
1996541
1996542
1996543
1996544
1996545
1996546
1996547
1996548
1996549
1996550
1996551
1996552
1996553
1996554
1996555
1996558
1996559
1996561
1996562
1996564
1996565
1996567
1996568
1996570
1996571
1996579
1996580
1996581
1996582
1996583
1996596
1996597
1996599
1996600
1996602
1996603
1996605
1996606
1996610
1996611
1996612
1996623
1996624
1996626
1996627
1996629
1996630
1996632
1996633
1996635
1996636
1996637
1996639
1996641
1996642
1996644
1996645
1996647
1996648
1996650
1996651
1996653
1996654
1996656
1996657
1996659
1996660
1996662
1996663
1996665
1996666
1996667
1996668
1996669
1996670
1996671
1996672
1996673
1996674
1996685
1996686
1996688
1996689
1996691
1996692
1996694
1996695
1996697
1996698
1996700
1996701
1996703
1996704
1996706
1996707
1996714
1996715
1996716
1996717
1996718
1996719
1996723
1996724
1996726
1996727
1996729
1996730
1996732
1996733
1996745
1996746
1996747
1996748
1996750
1996751
1996753
1996754
1996756
1996757
1996759
1996760
1996764
1996765
1996766
1996767
1996773
1996774
1996776
1996777
1996779
1996780
1996782
1996783
1996787
1996788
1996789
1996790
1996792
1996793
1996795
1996796
1996798
1996799
1996801
1996802
1996809
1996810
1996811
1996812
1996813
1996819
1996820
1996822
1996878
1996999
1997000
1997002
1997003
1997005
1997006
1997008
1997009
1997013
1997014
1997016
1997017
1997019
1997020
1997022
1997023
1997041
1997042
1997043
1997044
1997045
1997046
1997047
1997048
1997052
1997053
1997055
1997056
1997058
1997059
1997061
1997062
1997070
1997071
1997072
1997074
1997075
1997077
1997078
1997080
1997081
1997083
1997084
1997087
1997088
1997089
1997091
1997092
1997094
1997095
1997097
1997098
1997100
1997101
1997151
1997152
1997154
1997155
1997157
1997158
1997160
1997161
1997163
1997164
1997166
1997167
1997169
1997170
1997172
1997173
1997174
1997175
1997177
1997178
1997180
1997181
1997183
1997184
1997186
1997187
1997189
1997190
1997192
1997193
1997195
1997196
1997198
1997199
1997201
1997202
1997203
1997204
1997268
1997269
1997270
1997271
1997272
1997273
1997275
1997276
1997278
1997279
1997281
1997282
1997284
1997285
1997287
1997288
1997290
1997291
1997293
1997294
1997296
1997297
1997299
1997300
1997301
1997302
1997303
1997304
1997305
1997307
1997308
1997310
1997311
1997313
1997314
1997316
1997317
1997321
1997322
1997324
1997325
1997326
1997327
1997328
1997329
1997330
1997332
1997333
1997335
1997336
1997338
1997339
1997341
1997342
1997344
1997345
1997346
1997347
1997349
1997350
1997352
1997353
1997355
1997356
1997358
1997359
1997361
1997362
1997363
1997364
1997366
1997367
1997369
1997370
1997372
1997373
1997375
1997376
1997378
1997379
1997383
1997384
1997386
1997387
1997389
1997390
1997392
1997393
1997395
1997396
1997397
1997401
1997402
1997404
1997405
1997407
1997408
1997410
1997411
1997413
1997414
1997415
1997417
1997423
1997424
1997426
1997427
1997429
1997430
1997432
1997433
1997438
1997439
1997441
1997442
1997444
1997445
1997447
1997448
1997449
1997450
1997451
1997452
1997453
1997458
1997459
1997461
1997462
1997464
1997465
1997467
1997468
1997470
1997471
1997518
1997519
1997520
1997521
1997558
1997559
1997561
1997562
1997564
1997565
1997567
1997568
1997569
1997639
1997641
1997643
1997830
1997831
1997833
1997834
1997836
1997837
1997841
1997842
1997844
1997845
1997847
1997848
1997850
1997851
1997852
1997853
1997854
1997855
1997857
1997858
1997860
1997861
1997863
1997864
1997866
1997867
1997869
1997870
1997877
1997878
1997880
1997881
1997883
1997884
1997886
1997887
1997889
1997890
1997891
1997892
1997893
1997894
1997895
1997897
1997898
1997900
1997901
1997903
1997904
1997906
1997907
1997909
1997910
1997911
1997912
1997915
1997916
1997918
1997919
1997921
1997922
1997927
1997928
1997930
1997931
1997933
1997934
1997937
1997938
1997939
1997940
1997941
1997942
1997943
1997944
1997946
1997947
1997949
1997950
1997952
1997953
1997955
1997956
1997958
1997959
1997961
1997962
1997964
1997965
1997967
1997968
1997970
1997971
1997973
1997974
1997976
1997977
1997979
1997980
1997982
1997983
1998002
1998003
1998004
1998005
1998006
1998007
1998008
1998009
1998013
1998014
1998016
1998017
1998019
1998020
1998022
1998023
1998025
1998026
1998028
1998029
1998031
1998032
1998034
1998035
1998036
1998037
1998038
1998039
1998040
1998041
1998043
1998044
1998046
1998047
1998049
1998050
1998052
1998053
1998056
1998057
1998059
1998060
1998062
1998063
1998065
1998066
1998068
1998069
1998070
1998071
1998072
1998073
1998074
1998075
1998078
1998079
1998081
1998082
1998084
1998085
1998090
1998092
1998093
1998095
1998096
1998098
1998099
1998101
1998102
1998104
1998105
1998106
1998108
1998109
1998111
1998112
1998114
1998115
1998117
1998118
1998120
1998121
1998122
1998124
1998125
1998127
1998128
1998130
1998131
1998133
1998134
1998136
1998137
1998138
1998139
1998140
1998143
1998144
1998146
1998147
1998149
1998150
1998152
1998153
1998167
1998168
1998169
1998170
1998171
1998173
1998174
1998176
1998177
1998179
1998180
1998192
1998193
1998200
1998201
1998203
1998204
1998206
1998207
1998209
1998210
1998212
1998213
1998215
1998216
1998218
1998219
1998221
1998222
1998224
1998225
1998226
1998227
1998228
1998229
1998256
1998258
1998259
1998261
1998262
1998264
1998265
1998267
1998268
1998270
1998271
1998272
1998283
1998284
1998286
1998287
1998289
1998290
1998292
1998293
1998295
1998296
1998297
1998298
1998331
1998332
1998334
1998335
1998337
1998338
1998340
1998341
1998343
1998378
1998379
1998380
1998381
1998453
1998454
1998456
1998457
1998459
1998460
1998462
1998463
1998465
1998466
1998468
1998469
1998471
1998472
1998474
1998475
1998477
1998478
1998479
1998480
1998481
1998489
1998490
1998492
1998493
1998495
1998496
1998502
1998503
1998504
1998506
1998507
1998509
1998510
1998512
1998513
1998515
1998516
1998519
1998520
1998522
1998523
1998525
1998526
1998528
1998529
1998531
1998532
1998534
1998535
1998537
1998538
1998539
1998540
1998541
1998542
1998543
1998544
1998545
1998546
1998547
1998549
1998550
1998552
1998553
1998555
1998556
1998558
1998559
1998561
1998562
1998563
1998564
1998566
1998567
1998569
1998570
1998572
1998573
1998575
1998576
1998579
1998580
1998582
1998583
1998585
1998586
1998588
1998589
1998591
1998592
1998593
1998594
1998595
1998597
1998598
1998600
1998601
1998603
1998604
1998607
1998608
1998610
1998611
1998624
1998625
1998626
1998627
1998630
1998631
1998633
1998634
1998636
1998637
1998639
1998640
1998641
1998642
1998648
1998649
1998651
1998652
1998654
1998655
1998657
1998658
1998660
1998661
1998663
1998664
1998666
1998667
1998669
1998670
1998672
1998673
1998674
1998675
1998676
1998677
1998678
1998680
1998681
1998683
1998684
1998686
1998687
1998689
1998690
1998700
1998701
1998702
1998704
1998705
1998707
1998708
1998710
1998711
1998713
1998714
1998716
1998717
1998718
1998719
1998720
1998721
1998723
1998724
1998726
1998727
1998729
1998730
1998732
1998733
1998736
1998737
1998739
1998740
1998742
1998743
1998745
1998746
1998748
1998749
1998751
1998752
1998754
1998755
1998757
1998758
1998760
1998763
1998764
1998766
1998767
1998769
1998770
1998772
1998774
1998775
1998777
1998778
1998780
1998781
1998783
1998784
1998786
1998787
1998789
1998790
1998792
1998793
1998804
1998805
1998807
1998808
1998810
1998811
1998820
1998821
1998837
1998840
1998841
1998843
1998844
1998846
1998847
1998849
1998850
1998852
1998853
1998854
1998856
1998857
1998859
1998860
1998862
1998863
1998865
1998866
1998868
1998869
1998871
1998872
1998874
1998875
1998878
1998879
1998880
1998881
1998882
1998977
1998978
1998980
1998981
1998983
1998984
1998985
1998987
1998994
1998995
1998997
1998998
1999000
1999001
1999003
1999004
1999006
1999007
1999009
1999010
1999012
1999013
1999015
1999016
1999018
1999019
1999021
1999022
1999024
1999025
1999027
1999028
1999029
1999030
1999032
1999033
1999035
1999036
1999038
1999039
1999041
1999042
1999044
1999045
1999047
1999048
1999050
1999051
1999053
1999054
1999056
1999057
1999059
1999060
1999061
1999063
1999064
1999066
1999067
1999069
1999070
1999072
1999075
1999076
1999077
1999079
1999080
1999081
1999083
1999084
1999085
1999091
1999092
1999094
1999095
1999096
1999097
1999099
1999100
1999101
1999103
1999104
1999105
1999107
1999108
1999109
1999121
1999122
1999124
1999125
1999126
1999128
1999129
1999130
1999132
1999133
1999134
1999146
1999147
1999148
1999150
1999151
1999152
1999154
1999155
1999156
1999158
1999159
1999160
1999162
1999163
1999164
1999166
1999167
1999168
1999170
1999171
1999172
1999174
1999175
1999176
1999178
1999179
1999180
1999182
1999183
1999184
1999186
1999187
1999188
1999190
1999191
1999192
1999196
1999197
1999198
1999200
1999201
1999202
1999204
1999205
1999206
1999208
1999209
1999210
1999212
1999213
1999215
1999216
1999217
1999219
1999220
1999221
1999223
1999224
1999225
1999227
1999228
1999229
1999230
1999232
1999233
1999234
1999236
1999237
1999238
1999240
1999241
1999242
1999244
1999245
1999246
1999248
1999249
1999251
1999252
1999253
1999255
1999256
1999257
1999259
1999260
1999261
1999263
1999264
1999265
1999267
1999268
1999269
1999271
1999272
1999273
1999275
1999276
1999277
1999280
1999281
1999282
1999284
1999285
1999286
1999288
1999289
1999290
1999292
1999293
1999294
1999297
1999298
1999299
1999300
1999301
1999303
1999304
1999305
1999307
1999308
1999309
1999311
1999312
1999313
1999316
1999317
1999318
1999320
1999321
1999322
1999324
1999325
1999326
1999328
1999329
1999330
1999332
1999333
1999334
1999336
1999337
1999338
1999340
1999341
1999342
1999344
1999345
1999346
1999348
1999349
1999350
1999352
1999353
1999354
1999356
1999357
1999358
1999361
1999362
1999363
1999364
1999365
1999366
1999367
1999368
1999370
1999371
1999372
1999374
1999375
1999376
1999378
1999379
1999380
1999382
1999383
1999384
1999390
1999391
1999392
1999394
1999395
1999396
1999398
1999399
1999400
1999402
1999403
1999404
1999407
1999408
1999409
1999410
1999411
1999414
1999415
1999416
1999418
1999420
1999421
1999500
1999501
1999502
1999504
1999505
1999506
1999508
1999509
1999510
1999512
1999513
1999514
1999516
1999518
1999519
1999520
1999522
1999523
1999524
1999526
1999527
1999528
1999530
1999531
1999532
1999534
1999535
1999536
1999538
1999539
1999540
1999542
1999543
1999544
1999546
1999547
1999548
1999550
1999551
1999552
1999553
1999555
1999556
1999557
1999559
1999560
1999561
1999563
1999564
1999565
1999567
1999568
1999569
1999572
1999573
1999574
1999575
1999576
1999577
1999583
1999584
1999585
1999587
1999588
1999589
1999591
1999592
1999593
1999595
1999596
1999597
1999599
1999600
1999601
1999603
1999604
1999605
1999607
1999608
1999609
1999611
1999612
1999613
1999615
1999616
1999617
1999618
1999619
1999625
1999626
1999627
1999629
1999630
1999631
1999633
1999634
1999635
1999637
1999638
1999639
1999641
1999642
1999643
1999645
1999646
1999647
1999649
1999650
1999651
1999653
1999654
1999655
1999657
1999658
1999659
1999660
1999661
1999662
1999671
1999672
1999673
1999675
1999676
1999677
1999679
1999680
1999681
1999683
1999684
1999685
1999696
1999697
1999698
1999701
1999702
1999703
1999705
1999706
1999707
1999709
1999710
1999711
1999713
1999714
1999715
1999718
1999719
1999720
1999722
1999723
1999724
1999726
1999727
1999728
1999730
1999731
1999732
1999734
1999735
1999736
1999738
1999739
1999740
1999742
1999743
1999744
1999747
1999748
1999749
1999751
1999752
1999753
1999755
1999756
1999757
1999759
1999760
1999761
1999763
1999764
1999765
1999766
1999767
1999768
1999769
1999770
1999771
1999772
1999773
1999775
1999776
1999777
1999779
1999780
1999781
1999783
1999784
1999785
1999787
1999788
1999789
1999791
1999792
1999793
1999795
1999796
1999797
1999799
1999800
1999801
1999803
1999804
1999805
1999807
1999808
1999809
1999810
1999811
1999812
1999813
1999814
1999816
1999817
1999818
1999820
1999821
1999822
1999824
1999825
1999826
1999828
1999829
1999830
1999835
1999836
1999837
1999839
1999840
1999841
1999843
1999844
1999845
1999847
1999848
1999849
1999850
1999851
1999852
1999856
1999857
1999858
1999860
1999861
1999862
1999864
1999865
1999866
1999869
1999870
1999871
1999873
1999874
1999875
1999877
1999878
1999879
1999881
1999882
1999883
1999885
1999886
1999887
1999889
1999890
1999891
1999893
1999894
1999895
1999897
1999898
1999899
1999901
1999902
1999903
1999907
1999908
1999909
1999911
1999912
1999913
1999915
1999916
1999917
1999923
1999924
1999925
1999926
1999927
1999928
1999929
1999930
1999942
1999953
1999961
1999962
1999963
1999965
1999966
1999967
1999969
1999970
1999971
1999973
1999974
1999975
1999977
1999978
1999981
1999982
1999983
1999985
1999986
1999987
1999989
1999990
1999991
1999994
1999995
1999996
1999998
1999999
2000000
2000002
2000003
2000004
2000006
2000007
2000008
2000010
2000016
2000017
2000018
2000049
2000050
2000051
2000053
2000054
2000055
2000057
2000058
2000059
2000061
2000062
2000063
2000065
2000067
2000068
2000069
2000071
2000072
2000073
2000075
2000076
2000077
2000079
2000080
2000081
2000083
2000084
2000085
2000087
2000088
2000089
2000091
2000092
2000093
2000095
2000096
2000097
2000099
2000100
2000101
2000107
2000108
2000109
2000111
2000112
2000113
2000115
2000116
2000117
2000119
2000120
2000121
2000123
2000124
2000125
2000127
2000128
2000129
2000131
2000132
2000133
2000135
2000136
2000137
2000139
2000140
2000141
2000143
2000144
2000145
2000147
2000148
2000149
2000151
2000152
2000153
2000155
2000156
2000157
2000159
2000160
2000161
2000163
2000164
2000165
2000167
2000168
2000169
2000171
2000172
2000173
2000174
2000175
2000176
2000177
2000178
2000179
2000182
2000183
2000184
2000186
2000187
2000188
2000190
2000191
2000194
2000195
2000196
2000198
2000199
2000200
2000202
2000203
2000204
2000210
2000211
2000212
2000215
2000216
2000217
2000219
2000220
2000221
2000223
2000224
2000225
2000227
2000228
2000229
2000231
2000232
2000233
2000235
2000236
2000237
2000239
2000240
2000241
2000244
2000245
2000246
2000247
2000248
2000249
2000250
2000252
2000253
2000254
2000256
2000257
2000258
2000260
2000261
2000262
2000264
2000265
2000266
2000268
2000269
2000271
2000272
2000273
2000275
2000276
2000277
2000279
2000280
2000281
2000283
2000284
2000285
2000287
2000288
2000289
2000291
2000292
2000293
2000295
2000296
2000297
2000299
2000300
2000301
2000302
2000303
2000304
2000306
2000307
2000308
2000310
2000311
2000312
2000314
2000315
2000316
2000318
2000319
2000320
2000324
2000325
2000326
2000328
2000329
2000330
2000332
2000333
2000334
2000336
2000337
2000338
2000340
2000341
2000342
2000344
2000345
2000346
2000348
2000349
2000350
2000352
2000353
2000354
2000356
2000357
2000358
2000359
2000360
2000361
2000363
2000364
2000365
2000367
2000368
2000369
2000371
2000372
2000373
2000375
2000376
2000377
2000379
2000380
2000381
2000383
2000384
2000385
2000387
2000388
2000389
2000391
2000392
2000393
2000395
2000396
2000397
2000399
2000400
2000401
2000403
2000404
2000405
2000407
2000408
2000409
2000411
2000412
2000413
2000414
2000415
2000416
2000417
2000418
2000419
2000420
2000422
2000423
2000424
2000426
2000427
2000428
2000430
2000431
2000432
2000434
2000435
2000436
2000440
2000441
2000442
2000444
2000445
2000446
2000448
2000449
2000450
2000452
2000453
2000454
2000456
2000457
2000458
2000460
2000461
2000462
2000464
2000465
2000466
2000468
2000469
2000470
2000472
2000473
2000474
2000475
2000476
2000477
2000480
2000481
2000482
2000484
2000485
2000486
2000488
2000489
2000490
2000492
2000493
2000495
2000496
2000497
2000499
2000500
2000501
2000503
2000504
2000505
2000507
2000508
2000509
2000522
2000523
2000524
2000525
2000627
2000628
2000629
2000631
2000632
2000633
2000635
2000636
2000637
2000639
2000640
2000641
2000643
2000644
2000645
2000647
2000648
2000649
2000651
2000652
2000653
2000654
2000655
2000656
2000658
2000659
2000660
2000662
2000663
2000664
2000666
2000667
2000668
2000670
2000671
2000672
2000673
2000674
2000676
2000677
2000678
2000680
2000681
2000682
2000685
2000686
2000687
2000694
2000697
2000698
2000699
2000701
2000702
2000703
2000705
2000706
2000707
2000709
2000710
2000711
2000713
2000714
2000715
2000717
2000718
2000719
2000721
2000722
2000723
2000725
2000726
2000727
2000734
2000735
2000736
2000743
2000744
2000746
2000747
2000748
2000750
2000751
2000752
2000754
2000755
2000756
2000758
2000759
2000760
2000762
2000763
2000764
2000766
2000767
2000768
2000770
2000771
2000772
2000782
2000783
2000784
2000785
2000786
2000788
2000789
2000790
2000792
2000793
2000794
2000796
2000797
2000798
2000800
2000801
2000802
2000817
2000818
2000819
2000821
2000822
2000823
2000825
2000826
2000827
2000829
2000830
2000831
2000833
2000834
2000835
2000841
2000842
2000843
2000860
2000861
2000867
2000868
2000869
2000871
2000872
2000874
2000875
2000876
2000878
2000879
2000880
2000882
2000883
2000884
2000886
2000887
2000888
2000890
2000891
2000892
2000894
2000895
2000896
2000898
2000899
2000900
2000902
2000903
2000904
2000907
2000908
2000909
2000912
2000913
2000914
2000916
2000917
2000918
2000920
2000921
2000922
2000926
2000927
2000928
2000930
2000931
2000932
2000934
2000935
2000936
2000938
2000939
2000940
2000942
2000943
2000944
2000946
2000947
2000948
2000950
2000951
2000952
2000954
2000955
2000956
2000958
2000959
2000960
2000962
2000963
2000964
2000966
2000967
2000968
2000970
2000971
2000972
2000973
2000974
2000975
2000976
2000977
2000978
2000979
2000980
2000981
2000982
2000983
2000985
2000986
2000987
2000989
2000990
2000991
2000993
2000994
2000995
2000997
2000998
2000999
2001002
2001003
2001021
2001022
2001023
2001025
2001026
2001027
2001029
2001030
2001031
2001033
2001034
2001035
2001042
2001044
2001045
2001046
2001048
2001049
2001050
2001052
2001053
2001054
2001056
2001057
2001058
2001061
2001062
2001063
2001065
2001066
2001067
2001069
2001070
2001071
2001073
2001074
2001075
2001076
2001077
2001078
2001081
2001082
2001083
2001085
2001086
2001087
2001089
2001090
2001091
2001093
2001094
2001095
2001097
2001098
2001099
2001101
2001102
2001103
2001105
2001111
2001112
2001113
2001114
2001115
2001215
2001216
2001217
2001219
2001220
2001221
2001223
2001224
2001225
2001227
2001228
2001229
2001231
2001232
2001233
2001235
2001236
2001237
2001239
2001240
2001241
2001243
2001244
2001245
2001247
2001249
2001250
2001251
2001253
2001254
2001255
2001257
2001258
2001259
2001261
2001262
2001263
2001265
2001266
2001267
2001269
2001270
2001271
2001273
2001274
2001275
2001277
2001278
2001279
2001281
2001282
2001283
2001284
2001287
2001288
2001289
2001291
2001292
2001293
2001295
2001296
2001297
2001299
2001300
2001301
2001302
2001303
2001305
2001306
2001307
2001309
2001310
2001311
2001313
2001314
2001315
2001317
2001318
2001319
2001323
2001324
2001325
2001327
2001328
2001329
2001331
2001332
2001333
2001335
2001336
2001337
2001339
2001340
2001341
2001343
2001344
2001345
2001347
2001348
2001349
2001351
2001352
2001353
2001355
2001356
2001357
2001359
2001360
2001361
2001363
2001364
2001365
2001367
2001368
2001369
2001371
2001372
2001373
2001375
2001376
2001377
2001379
2001380
2001381
2001383
2001384
2001385
2001387
2001388
2001390
2001391
2001392
2001394
2001395
2001396
2001400
2001401
2001402
2001404
2001405
2001406
2001408
2001409
2001410
2001412
2001413
2001414
2001416
2001417
2001418
2001419
2001420
2001421
2001423
2001424
2001425
2001427
2001428
2001429
2001431
2001432
2001433
2001435
2001436
2001437
2001440
2001441
2001442
2001444
2001445
2001446
2001448
2001449
2001450
2001452
2001453
2001454
2001460
2001461
2001462
2001464
2001465
2001466
2001468
2001469
2001470
2001472
2001473
2001474
2001476
2001477
2001478
2001479
2001480
2001481
2001482
2001483
2001484
2001488
2001494
2001495
2001496
2001498
2001499
2001500
2001502
2001503
2001504
2001506
2001507
2001509
2001510
2001511
2001513
2001514
2001515
2001517
2001518
2001519
2001521
2001522
2001523
2001525
2001526
2001527
2001528
2001530
2001531
2001532
2001534
2001535
2001536
2001538
2001539
2001540
2001542
2001543
2001544
2001546
2001547
2001548
2001550
2001551
2001552
2001554
2001555
2001556
2001558
2001559
2001560
2001562
2001563
2001564
2001565
2001566
2001567
2001568
2001569
2001570
2001571
2001572
2001573
2001575
2001576
2001577
2001579
2001580
2001581
2001583
2001584
2001585
2001587
2001588
2001589
2001592
2001593
2001594
2001596
2001597
2001598
2001600
2001601
2001602
2001604
2001605
2001606
2001608
2001609
2001610
2001612
2001613
2001614
2001616
2001617
2001618
2001620
2001621
2001622
2001624
2001625
2001626
2001628
2001629
2001630
2001634
2001635
2001636
2001638
2001639
2001640
2001642
2001643
2001644
2001659
2001660
2001661
2001663
2001664
2001665
2001667
2001668
2001669
2001671
2001724
2001725
2001726
2001728
2001729
2001730
2001732
2001733
2001734
2001736
2001737
2001738
2001740
2001741
2001742
2001752
2001753
2001755
2001756
2001757
2001759
2001760
2001761
2001763
2001764
2001765
2001767
2001768
2001769
2001775
2001776
2001777
2001779
2001780
2001781
2001783
2001784
2001785
2001793
2001794
2001795
2001796
2001802
2001803
2001804
2001806
2001807
2001808
2001810
2001811
2001812
2001814
2001815
2001824
2001825
2001826
2001828
2001829
2001830
2001832
2001833
2001834
2001836
2001837
2001838
2001845
2001846
2001847
2001849
2001850
2001851
2001853
2001854
2001855
2001857
2001858
2001859
2001866
2001867
2001868
2001870
2001871
2001872
2001874
2001875
2001876
2001878
2001879
2001880
2001882
2001883
2001884
2001885
2001891
2001892
2001893
2001895
2001896
2001897
2001899
2001900
2001901
2001903
2001904
2001905
2001907
2001908
2001909
2001910
2001912
2001913
2001914
2001916
2001917
2001918
2001920
2001921
2001922
2001924
2001925
2001926
2001928
2001929
2001930
2001932
2001933
2001934
2001936
2001937
2001938
2001941
2001942
2001943
2001945
2001946
2001947
2001949
2001950
2001951
2001953
2001954
2001955
2001961
2001962
2001963
2001965
2001966
2001967
2001969
2001970
2001971
2001973
2001974
2001975
2001977
2001978
2001979
2001981
2001982
2001983
2001985
2001986
2001987
2001989
2001990
2001991
2001993
2001994
2001995
2001997
2001998
2001999
2002001
2002002
2002004
2002005
2002006
2002013
2002014
2002015
2002017
2002018
2002019
2002021
2002022
2002023
2002025
2002026
2002027
2002030
2002031
2002032
2002034
2002035
2002036
2002038
2002039
2002040
2002042
2002043
2002044
2002053
2002054
2002055
2002057
2002058
2002059
2002061
2002062
2002063
2002065
2002066
2002067
2002068
2002069
2002070
2002071
2002072
2002073
2002074
2002075
2002076
2002077
2002078
2002079
2002080
2002081
2002082
2002083
2002084
2002085
2002086
2002087
2002088
2002089
2002090
2002091
2002092
2002093
2002094
2002095
2002096
2002097
2002114
2002115
2002116
2002118
2002119
2002120
2002122
2002123
2002126
2002127
2002128
2002130
2002131
2002132
2002134
2002135
2002136
2002138
2002139
2002140
2002142
2002143
2002144
2002146
2002147
2002148
2002150
2002151
2002152
2002154
2002155
2002156
2002158
2002159
2002160
2002162
2002163
2002164
2002166
2002167
2002168
2002170
2002171
2002172
2002181
2002182
2002183
2002184
2002185
2002186
2002187
2002188
2002189
2002190
2002191
2002192
2002193
2002203
2002204
2002205
2002207
2002208
2002209
2002211
2002212
2002213
2002215
2002216
2002217
2002219
2002220
2002221
2002223
2002224
2002225
2002227
2002228
2002229
2002231
2002232
2002233
2002235
2002236
2002237
2002238
2002240
2002241
2002242
2002244
2002245
2002246
2002248
2002250
2002251
2002252
2002287
2002288
2002289
2002291
2002292
2002293
2002295
2002296
2002297
2002299
2002300
2002301
2002307
2002308
2002310
2002311
2002312
2002314
2002315
2002316
2002318
2002319
2002320
2002322
2002323
2002324
2002326
2002328
2002329
2002330
2002332
2002333
2002334
2002336
2002337
2002338
2002340
2002341
2002342
2002345
2002346
2002347
2002349
2002350
2002351
2002353
2002354
2002355
2002357
2002358
2002359
2002360
2002361
2002365
2002366
2002367
2002369
2002370
2002371
2002373
2002374
2002375
2002377
2002378
2002379
2002381
2002382
2002384
2002385
2002386
2002388
2002389
2002390
2002392
2002393
2002394
2002396
2002397
2002398
2002400
2002402
2002403
2002404
2002406
2002407
2002408
2002410
2002411
2002412
2002414
2002415
2002419
2002420
2002421
2002423
2002424
2002425
2002427
2002428
2002429
2002431
2002432
2002433
2002435
2002436
2002440
2002441
2002442
2002444
2002445
2002446
2002448
2002449
2002450
2002452
2002471
2002472
2002473
2002475
2002476
2002477
2002479
2002480
2002481
2002483
2002484
2002485
2002489
2002490
2002491
2002493
2002494
2002495
2002497
2002498
2002499
2002501
2002502
2002503
2002505
2002506
2002507
2002509
2002510
2002511
2002513
2002514
2002515
2002517
2002518
2002519
2002520
2002522
2002523
2002524
2002539
2002540
2002541
2002543
2002544
2002545
2002547
2002548
2002549
2002551
2002552
2002553
2002555
2002556
2002557
2002559
2002560
2002561
2002563
2002564
2002565
2002567
2002568
2002569
2002571
2002572
2002573
2002575
2002576
2002577
2002579
2002580
2002581
2002583
2002584
2002585
2002593
2002594
2002595
2002597
2002598
2002599
2002601
2002602
2002603
2002605
2002606
2002607
2002609
2002610
2002611
2002613
2002614
2002615
2002617
2002618
2002619
2002622
2002623
2002624
2002625
2002626
2002627
2002628
2002629
2002630
2002631
2002632
2002633
2002634
2002635
2002636
2002639
2002640
2002641
2002643
2002644
2002645
2002647
2002648
2002649
2002651
2002652
2002653
2002655
2002656
2002657
2002659
2002660
2002661
2002663
2002664
2002665
2002667
2002668
2002669
2002671
2002672
2002673
2002674
2002675
2002676
2002682
2002683
2002684
2002686
2002687
2002688
2002690
2002691
2002692
2002694
2002695
2002696
2002698
2002699
2002702
2002703
2002704
2002706
2002707
2002708
2002710
2002711
2002712
2002714
2002715
2002716
2002722
2002723
2002724
2002726
2002727
2002728
2002730
2002731
2002732
2002734
2002735
2002736
2002739
2002740
2002743
2002744
2002745
2002747
2002748
2002749
2002751
2002752
2002753
2002755
2002756
2002757
2002759
2002760
2002761
2002763
2002764
2002765
2002767
2002768
2002769
2002771
2002772
2002773
2002776
2002777
2002779
2002780
2002781
2002783
2002784
2002785
2002787
2002788
2002789
2002791
2002792
2002793
2002795
2002802
2002803
2002804
2002848
2002849
2002850
2002852
2002853
2002854
2002856
2002857
2002858
2002860
2002861
2002862
2002865
2002866
2002867
2002869
2002870
2002871
2002873
2002874
2002875
2002878
2002879
2002880
2002882
2002883
2002884
2002886
2002887
2002888
2002890
2002892
2002893
2002894
2002896
2002897
2002898
2002900
2002901
2002902
2002904
2002905
2002906
2002908
2002909
2002910
2002912
2002913
2002914
2002916
2002917
2002918
2002920
2002921
2002922
2002924
2002925
2002926
2002928
2002929
2002930
2002932
2002933
2002934
2002936
2002937
2002938
2002940
2002941
2002942
2002944
2002945
2002946
2002947
2002949
2002950
2002951
2002953
2002954
2002955
2002957
2002958
2002959
2002961
2002962
2002963
2002966
2002967
2002968
2002970
2002971
2002972
2002974
2002975
2002976
2002981
2002982
2002983
2002985
2002986
2002987
2002989
2002990
2002991
2002994
2002995
2002996
2002998
2002999
2003000
2003002
2003003
2003004
2003015
2003016
2003017
2003024
2003025
2003026
2003028
2003029
2003030
2003032
2003033
2003034
2003036
2003037
2003038
2003040
2003042
2003043
2003044
2003046
2003047
2003048
2003050
2003051
2003052
2003054
2003055
2003056
2003058
2003059
2003060
2003061
2003063
2003064
2003065
2003067
2003068
2003069
2003071
2003072
2003073
2003075
2003076
2003077
2003079
2003081
2003083
2003084
2003085
2003093
2003094
2003095
2003097
2003098
2003099
2003101
2003102
2003103
2003105
2003106
2003107
2003109
2003110
2003111
2003113
2003114
2003115
2003117
2003118
2003119
2003121
2003122
2003123
2003125
2003126
2003127
2003129
2003130
2003131
2003132
2003133
2003134
2003135
2003137
2003138
2003139
2003141
2003142
2003143
2003145
2003146
2003147
2003149
2003150
2003151
2003153
2003154
2003155
2003157
2003158
2003159
2003161
2003162
2003163
2003165
2003166
2003167
2003169
2003170
2003171
2003172
2003174
2003175
2003176
2003178
2003179
2003180
2003182
2003183
2003184
2003186
2003187
2003188
2003190
2003191
2003192
2003193
2003196
2003197
2003198
2003204
2003205
2003207
2003208
2003209
2003211
2003212
2003213
2003215
2003216
2003217
2003219
2003220
2003221
2003227
2003228
2003229
2003231
2003232
2003233
2003235
2003236
2003237
2003239
2003240
2003241
2003243
2003244
2003245
2003247
2003248
2003249
2003251
2003252
2003253
2003255
2003256
2003257
2003259
2003260
2003261
2003262
2003263
2003264
2003266
2003267
2003268
2003270
2003271
2003272
2003274
2003275
2003276
2003278
2003279
2003280
2003282
2003283
2003285
2003286
2003287
2003289
2003290
2003291
2003293
2003294
2003295
2003297
2003298
2003299
2003302
2003303
2003304
2003306
2003307
2003308
2003310
2003311
2003312
2003314
2003315
2003316
2003317
2003319
2003320
2003321
2003323
2003324
2003325
2003327
2003328
2003329
2003331
2003332
2003333
2003335
2003336
2003338
2003339
2003340
2003342
2003343
2003344
2003346
2003347
2003348
2003350
2003351
2003352
2003354
2003370
2003394
2003395
2003396
2003398
2003399
2003400
2003402
2003403
2003404
2003406
2003407
2003408
2003410
2003411
2003413
2003414
2003415
2003417
2003418
2003419
2003421
2003422
2003423
2003425
2003426
2003427
2003429
2003430
2003432
2003433
2003434
2003436
2003437
2003438
2003440
2003441
2003442
2003444
2003445
2003446
2003448
2003449
2003450
2003452
2003453
2003454
2003456
2003457
2003458
2003460
2003461
2003462
2003464
2003465
2003466
2003467
2003469
2003470
2003471
2003473
2003474
2003475
2003477
2003478
2003479
2003481
2003482
2003483
2003485
2003486
2003487
2003489
2003490
2003491
2003493
2003494
2003495
2003497
2003498
2003499
2003501
2003502
2003503
2003504
2003505
2003506
2003508
2003509
2003510
2003512
2003513
2003514
2003516
2003517
2003518
2003520
2003521
2003522
2003523
2003524
2003525
2003527
2003528
2003529
2003531
2003532
2003533
2003535
2003536
2003537
2003539
2003540
2003541
2003543
2003544
2003545
2003547
2003548
2003549
2003551
2003552
2003553
2003555
2003556
2003557
2003559
2003560
2003561
2003563
2003564
2003566
2003567
2003568
2003570
2003571
2003572
2003574
2003575
2003576
2003578
2003579
2003580
2003582
2003583
2003584
2003586
2003587
2003588
2003590
2003591
2003592
2003594
2003595
2003596
2003602
2003603
2003604
2003605
2003607
2003608
2003609
2003611
2003612
2003613
2003615
2003616
2003617
2003619
2003620
2003621
2003623
2003624
2003625
2003627
2003628
2003629
2003631
2003632
2003633
2003635
2003636
2003637
2003639
2003640
2003641
2003642
2003643
2003645
2003646
2003647
2003649
2003650
2003651
2003653
2003654
2003655
2003657
2003658
2003659
2003661
2003662
2003663
2003665
2003666
2003667
2003669
2003670
2003671
2003673
2003674
2003675
2003677
2003678
2003679
2003680
2003681
2003683
2003684
2003685
2003687
2003688
2003689
2003691
2003692
2003693
2003695
2003696
2003697
2003699
2003700
2003701
2003703
2003704
2003705
2003707
2003708
2003709
2003711
2003712
2003713
2003715
2003716
2003717
2003718
2003719
2003721
2003722
2003723
2003725
2003726
2003727
2003729
2003730
2003731
2003733
2003734
2003735
2003737
2003738
2003740
2003741
2003742
2003744
2003745
2003746
2003748
2003749
2003750
2003752
2003753
2003754
2003756
2003757
2003758
2003760
2003761
2003762
2003764
2003765
2003766
2003768
2003769
2003770
2003772
2003773
2003774
2003776
2003777
2003778
2003780
2003781
2003782
2003784
2003785
2003786
2003787
2003788
2003789
2003790
2003797
2003798
2003799
2003801
2003802
2003803
2003805
2003806
2003807
2003809
2003810
2003811
2003813
2003814
2003815
2003817
2003818
2003819
2003821
2003822
2003823
2003825
2003826
2003827
2003829
2003830
2003831
2003833
2003834
2003835
2003837
2003838
2003839
2003841
2003842
2003843
2003845
2003846
2003847
2003848
2003849
2003851
2003852
2003853
2003855
2003856
2003857
2003859
2003860
2003861
2003863
2003864
2003865
2003869
2003870
2003871
2003873
2003874
2003875
2003877
2003878
2003879
2003881
2003882
2003883
2003885
2003886
2003887
2003893
2003894
2003896
2003897
2003898
2003900
2003901
2003902
2003904
2003905
2003906
2003908
2003909
2003910
2003912
2003913
2003919
2003921
2003955
2003956
2003957
2003959
2003960
2003961
2003963
2003964
2003965
2003967
2003968
2003969
2003971
2003972
2003973
2003975
2003976
2003977
2003979
2003980
2003981
2003983
2003984
2003985
2003989
2003990
2003991
2003992
2003993
2003994
2003995
2003997
2003998
2003999
2004001
2004002
2004003
2004005
2004006
2004007
2004009
2004010
2004011
2004013
2004017
2004018
2004019
2004021
2004022
2004023
2004025
2004026
2004027
2004029
2004030
2004031
2004034
2004035
2004036
2004038
2004039
2004040
2004042
2004043
2004044
2004046
2004047
2004048
2004049
2004050
2004051
2004052
2004053
2004055
2004056
2004057
2004059
2004060
2004061
2004063
2004064
2004065
2004067
2004068
2004069
2004071
2004072
2004074
2004075
2004076
2004078
2004079
2004080
2004082
2004083
2004084
2004086
2004087
2004088
2004093
2004094
2004095
2004097
2004098
2004099
2004101
2004102
2004103
2004104
2004105
2004106
2004107
2004108
2004110
2004111
2004112
2004114
2004115
2004116
2004118
2004119
2004120
2004122
2004123
2004124
2004126
2004127
2004128
2004130
2004131
2004132
2004134
2004135
2004136
2004138
2004139
2004140
2004142
2004143
2004144
2004146
2004147
2004148
2004150
2004151
2004152
2004154
2004155
2004156
2004158
2004159
2004160
2004161
2004162
2004164
2004165
2004166
2004168
2004169
2004170
2004172
2004173
2004174
2004176
2004177
2004178
2004180
2004181
2004182
2004184
2004185
2004186
2004188
2004189
2004190
2004192
2004193
2004194
2004196
2004197
2004198
2004200
2004201
2004202
2004204
2004205
2004206
2004208
2004209
2004210
2004215
2004216
2004217
2004219
2004220
2004221
2004223
2004224
2004225
2004227
2004228
2004229
2004231
2004232
2004233
2004234
2004235
2004236
2004237
2004238
2004239
2004245
2004246
2004247
2004249
2004250
2004251
2004253
2004254
2004255
2004257
2004258
2004259
2004261
2004262
2004263
2004265
2004266
2004267
2004269
2004270
2004271
2004273
2004274
2004275
2004277
2004278
2004279
2004280
2004282
2004283
2004284
2004286
2004287
2004288
2004290
2004291
2004292
2004294
2004295
2004296
2004300
2004301
2004302
2004304
2004305
2004306
2004308
2004309
2004310
2004312
2004313
2004314
2004315
2004318
2004319
2004320
2004322
2004323
2004324
2004326
2004327
2004328
2004330
2004331
2004332
2004334
2004335
2004336
2004338
2004339
2004340
2004346
2004347
2004348
2004349
2004350
2004351
2004352
2004353
2004354
2004356
2004357
2004358
2004360
2004361
2004362
2004364
2004365
2004366
2004368
2004369
2004370
2004372
2004373
2004374
2004376
2004377
2004387
2004391
2004392
2004393
2004395
2004396
2004397
2004399
2004400
2004401
2004403
2004404
2004411
2004412
2004413
2004415
2004416
2004417
2004419
2004420
2004421
2004423
2004424
2004425
2004434
2004435
2004436
2004438
2004439
2004440
2004442
2004443
2004444
2004446
2004447
2004448
2004450
2004451
2004452
2004454
2004455
2004456
2004458
2004459
2004460
2004461
2004463
2004465
2004466
2004467
2004468
2004505
2004506
2004507
2004509
2004510
2004511
2004513
2004514
2004515
2004517
2004518
2004519
2004526
2004527
2004529
2004530
2004531
2004533
2004534
2004535
2004537
2004538
2004539
2004541
2004542
2004543
2004545
2004546
2004547
2004549
2004550
2004551
2004553
2004554
2004555
2004557
2004558
2004559
2004561
2004562
2004563
2004564
2004565
2004567
2004568
2004569
2004571
2004572
2004573
2004575
2004576
2004577
2004579
2004580
2004581
2004587
2004588
2004590
2004591
2004592
2004594
2004595
2004596
2004598
2004599
2004600
2004602
2004603
2004604
2004606
2004607
2004608
2004609
2004610
2004611
2004612
2004613
2004615
2004616
2004617
2004619
2004620
2004621
2004623
2004624
2004625
2004627
2004628
2004629
2004631
2004632
2004633
2004635
2004636
2004637
2004639
2004640
2004641
2004643
2004644
2004645
2004647
2004648
2004649
2004651
2004652
2004653
2004655
2004656
2004657
2004660
2004661
2004662
2004663
2004664
2004665
2004666
2004667
2004669
2004670
2004671
2004673
2004674
2004675
2004677
2004678
2004679
2004681
2004682
2004683
2004686
2004687
2004688
2004690
2004691
2004692
2004694
2004695
2004696
2004701
2004702
2004703
2004705
2004706
2004707
2004709
2004710
2004711
2004713
2004714
2004715
2004717
2004718
2004719
2004720
2004721
2004722
2004723
2004726
2004727
2004728
2004730
2004731
2004732
2004734
2004735
2004736
2004743
2004744
2004745
2004747
2004748
2004749
2004751
2004752
2004753
2004755
2004756
2004757
2004758
2004759
2004760
2004763
2004764
2004765
2004767
2004768
2004769
2004771
2004772
2004773
2004777
2004778
2004780
2004781
2004782
2004784
2004785
2004786
2004788
2004789
2004790
2004792
2004793
2004794
2004796
2004797
2004798
2004799
2004801
2004802
2004803
2004805
2004806
2004807
2004809
2004810
2004811
2004813
2004814
2004815
2004823
2004826
2004827
2004828
2004830
2004831
2004832
2004834
2004835
2004836
2004838
2004839
2004840
2004852
2004853
2004854
2004856
2004857
2004858
2004860
2004861
2004862
2004864
2004865
2004866
2004868
2004869
2004870
2004872
2004873
2004874
2004876
2004877
2004878
2004880
2004881
2004882
2004884
2004885
2004886
2004887
2004888
2004890
2004891
2004892
2004894
2004895
2004896
2004898
2004899
2004900
2004902
2004903
2004904
2004911
2004912
2004913
2004914
2004916
2004917
2004918
2004920
2004921
2004922
2004924
2004925
2004926
2004928
2004929
2004930
2004932
2004933
2004934
2004936
2004937
2004938
2004940
2004941
2004942
2004944
2004945
2004946
2004948
2004949
2004950
2004951
2004953
2004954
2004955
2004957
2004958
2004959
2004961
2004962
2004963
2004965
2004966
2004967
2004969
2004970
2004971
2004973
2004974
2004975
2004977
2004978
2004979
2004981
2004982
2004983
2004989
2004990
2004991
2004992
2004993
2004994
2004996
2004997
2004998
2005000
2005001
2005002
2005004
2005005
2005006
2005008
2005009
2005010
2005012
2005014
2005015
2005016
2005018
2005019
2005020
2005022
2005023
2005024
2005026
2005028
2005029
2005033
2005034
2005035
2005037
2005038
2005039
2005041
2005042
2005043
2005045
2005046
2005047
2005049
2005050
2005051
2005053
2005054
2005055
2005057
2005058
2005059
2005061
2005062
2005063
2005065
2005066
2005067
2005068
2005070
2005071
2005072
2005074
2005075
2005076
2005078
2005079
2005080
2005082
2005083
2005084
2005089
2005090
2005092
2005093
2005094
2005096
2005097
2005098
2005100
2005101
2005102
2005104
2005105
2005106
2005108
2005109
2005110
2005112
2005113
2005114
2005116
2005117
2005118
2005120
2005121
2005122
2005124
2005125
2005126
2005127
2005129
2005130
2005131
2005133
2005134
2005135
2005137
2005138
2005139
2005141
2005142
2005143
2005145
2005146
2005150
2005151
2005152
2005154
2005155
2005156
2005158
2005159
2005160
2005162
2005163
2005164
2005171
2005172
2005174
2005175
2005176
2005178
2005179
2005180
2005182
2005183
2005184
2005186
2005187
2005188
2005190
2005191
2005193
2005194
2005195
2005197
2005198
2005199
2005201
2005202
2005203
2005205
2005206
2005207
2005209
2005211
2005212
2005213
2005215
2005216
2005217
2005219
2005220
2005221
2005223
2005224
2005225
2005227
2005228
2005230
2005231
2005232
2005234
2005235
2005236
2005238
2005239
2005240
2005242
2005243
2005244
2005246
2005247
2005248
2005249
2005250
2005251
2005253
2005254
2005255
2005257
2005258
2005259
2005261
2005262
2005263
2005265
2005266
2005267
2005269
2005270
2005271
2005273
2005274
2005275
2005277
2005278
2005279
2005281
2005282
2005283
2005285
2005286
2005287
2005289
2005290
2005291
2005293
2005294
2005295
2005297
2005298
2005299
2005300
2005301
2005302
2005303
2005304
2005305
2005306
2005308
2005309
2005310
2005312
2005313
2005314
2005316
2005317
2005318
2005320
2005321
2005322
2005324
2005325
2005326
2005331
2005332
2005333
2005335
2005336
2005337
2005339
2005340
2005341
2005343
2005344
2005345
2005347
2005348
2005349
2005351
2005352
2005353
2005355
2005356
2005357
2005359
2005360
2005361
2005363
2005364
2005365
2005366
2005367
2005368
2005370
2005371
2005372
2005374
2005375
2005376
2005378
2005379
2005380
2005382
2005383
2005384
2005386
2005387
2005389
2005390
2005391
2005393
2005394
2005395
2005397
2005398
2005399
2005401
2005402
2005403
2005407
2005408
2005409
2005411
2005412
2005413
2005415
2005416
2005417
2005419
2005420
2005421
2005423
2005424
2005425
2005427
2005428
2005430
2005431
2005432
2005434
2005435
2005436
2005438
2005439
2005440
2005442
2005443
2005444
2005446
2005447
2005448
2005450
2005451
2005452
2005454
2005455
2005456
2005458
2005459
2005460
2005462
2005463
2005464
2005466
2005467
2005469
2005470
2005471
2005473
2005474
2005475
2005477
2005478
2005479
2005481
2005482
2005483
2005485
2005486
2005488
2005489
2005490
2005492
2005493
2005494
2005496
2005497
2005498
2005500
2005501
2005502
2005507
2005508
2005509
2005511
2005512
2005513
2005515
2005516
2005517
2005519
2005520
2005521
2005523
2005524
2005525
2005529
2005530
2005532
2005533
2005534
2005536
2005537
2005538
2005540
2005541
2005542
2005544
2005545
2005546
2005548
2005550
2005551
2005552
2005554
2005555
2005556
2005558
2005559
2005561
2005563
2005564
2005565
2005570
2005571
2005572
2005574
2005575
2005576
2005578
2005579
2005580
2005582
2005583
2005584
2005586
2005587
2005589
2005590
2005591
2005593
2005594
2005595
2005597
2005598
2005599
2005601
2005602
2005603
2005605
2005607
2005608
2005609
2005611
2005612
2005613
2005615
2005616
2005617
2005619
2005620
2005621
2005623
2005624
2005626
2005627
2005628
2005630
2005631
2005632
2005634
2005635
2005636
2005638
2005639
2005640
2005642
2005643
2005644
2005646
2005647
2005648
2005650
2005651
2005652
2005654
2005655
2005656
2005657
2005659
2005660
2005661
2005662
2005663
2005664
2005665
2005666
2005667
2005668
2005669
2005670
2005672
2005673
2005674
2005675
2005677
2005678
2005679
2005680
2005682
2005683
2005684
2005685
2005687
2005688
2005689
2005690
2005692
2005693
2005694
2005695
2005697
2005698
2005699
2005700
2005702
2005703
2005704
2005705
2005707
2005708
2005709
2005710
2005712
2005713
2005714
2005715
2005717
2005718
2005719
2005720
2005722
2005723
2005724
2005725
2005733
2005734
2005735
2005736
2005737
2005738
2005739
2005740
2005741
2005742
2005743
2005744
2005746
2005747
2005748
2005749
2005751
2005752
2005753
2005754
2005756
2005757
2005758
2005760
2005761
2005762
2005764
2005765
2005766
2005768
2005769
2005770
2005772
2005773
2005774
2005776
2005777
2005778
2005780
2005781
2005782
2005784
2005785
2005787
2005788
2005789
2005791
2005792
2005793
2005795
2005796
2005797
2005799
2005800
2005801
2005814
2005815
2005816
2005817
2005818
2005820
2005821
2005822
2005824
2005825
2005826
2005828
2005829
2005830
2005832
2005833
2005834
2005837
2005838
2005839
2005841
2005842
2005843
2005845
2005846
2005847
2005850
2005851
2005852
2005854
2005855
2005856
2005858
2005859
2005860
2005862
2005863
2005864
2005865
2005866
2005867
2005868
2005869
2005874
2005875
2005876
2005878
2005879
2005880
2005882
2005883
2005884
2005886
2005887
2005888
2005891
2005892
2005893
2005895
2005896
2005897
2005899
2005900
2005901
2005907
2005908
2005909
2005910
2005911
2005912
2005914
2005915
2005916
2005918
2005919
2005920
2005922
2005923
2005924
2005926
2005927
2005928
2005930
2005931
2005932
2005934
2005935
2005936
2005938
2005939
2005940
2005942
2005943
2005944
2005946
2005947
2005948
2005950
2005952
2005953
2005954
2005956
2005957
2005958
2005960
2005961
2005962
2005964
2005965
2005966
2005969
2005970
2005971
2005972
2005973
2005974
2005975
2005977
2005978
2005979
2005981
2005982
2005983
2005985
2005986
2005987
2005989
2005990
2005991
2005992
2005993
2005994
2005996
2005997
2005998
2006000
2006001
2006002
2006004
2006005
2006006
2006008
2006009
2006010
2006012
2006013
2006014
2006016
2006017
2006018
2006020
2006021
2006022
2006024
2006025
2006026
2006028
2006029
2006030
2006032
2006033
2006034
2006036
2006037
2006038
2006040
2006041
2006042
2006044
2006045
2006046
2006047
2006049
2006050
2006051
2006053
2006054
2006055
2006057
2006058
2006059
2006061
2006062
2006063
2006065
2006066
2006068
2006069
2006070
2006072
2006073
2006074
2006076
2006077
2006078
2006080
2006081
2006082
2006084
2006085
2006086
2006088
2006089
2006090
2006091
2006092
2006093
2006096
2006138
2006139
2006140
2006142
2006143
2006144
2006146
2006147
2006148
2006150
2006151
2006152
2006154
2006156
2006157
2006158
2006160
2006161
2006162
2006164
2006165
2006166
2006168
2006169
2006170
2006177
2006178
2006179
2006181
2006182
2006183
2006185
2006186
2006187
2006189
2006190
2006191
2006192
2006198
2006199
2006200
2006202
2006203
2006204
2006206
2006207
2006208
2006210
2006211
2006212
2006214
2006216
2006217
2006218
2006220
2006221
2006222
2006224
2006225
2006226
2006228
2006229
2006230
2006232
2006233
2006234
2006236
2006237
2006238
2006240
2006241
2006242
2006244
2006245
2006246
2006248
2006249
2006250
2006251
2006252
2006254
2006255
2006256
2006258
2006259
2006260
2006262
2006263
2006264
2006266
2006267
2006268
2006271
2006272
2006273
2006275
2006276
2006277
2006279
2006280
2006281
2006283
2006284
2006285
2006287
2006288
2006289
2006291
2006292
2006293
2006295
2006296
2006297
2006299
2006300
2006301
2006303
2006304
2006305
2006307
2006309
2006310
2006311
2006313
2006314
2006315
2006317
2006318
2006319
2006321
2006322
2006323
2006325
2006326
2006327
2006329
2006330
2006331
2006333
2006334
2006335
2006337
2006338
2006339
2006341
2006342
2006343
2006345
2006346
2006347
2006349
2006350
2006351
2006353
2006354
2006355
2006357
2006358
2006359
2006361
2006362
2006363
2006365
2006366
2006367
2006369
2006370
2006371
2006373
2006374
2006375
2006377
2006378
2006379
2006380
2006382
2006383
2006384
2006386
2006387
2006388
2006390
2006391
2006392
2006394
2006395
2006396
2006398
2006399
2006400
2006401
2006403
2006404
2006405
2006407
2006408
2006409
2006411
2006412
2006413
2006415
2006416
2006417
2006419
2006420
2006421
2006423
2006424
2006425
2006427
2006428
2006429
2006431
2006432
2006433
2006435
2006436
2006437
2006438
2006439
2006441
2006442
2006443
2006445
2006446
2006447
2006449
2006450
2006451
2006453
2006454
2006455
2006457
2006458
2006459
2006461
2006462
2006463
2006465
2006466
2006467
2006469
2006470
2006471
2006473
2006474
2006475
2006477
2006478
2006479
2006481
2006482
2006483
2006485
2006486
2006487
2006489
2006490
2006491
2006492
2006493
2006494
2006495
2006498
2006499
2006500
2006502
2006503
2006504
2006506
2006507
2006508
2006510
2006511
2006512
2006514
2006515
2006516
2006518
2006519
2006520
2006522
2006523
2006524
2006526
2006527
2006528
2006530
2006531
2006532
2006534
2006535
2006544
2006545
2006546
2006548
2006549
2006550
2006552
2006553
2006554
2006556
2006557
2006558
2006560
2006561
2006562
2006564
2006565
2006566
2006568
2006569
2006570
2006572
2006573
2006574
2006576
2006577
2006578
2006579
2006581
2006582
2006583
2006585
2006586
2006587
2006589
2006590
2006591
2006593
2006594
2006595
2006597
2006598
2006599
2006601
2006602
2006603
2006605
2006606
2006607
2006609
2006610
2006611
2006613
2006614
2006615
2006617
2006618
2006620
2006621
2006622
2006624
2006625
2006626
2006628
2006629
2006630
2006632
2006633
2006634
2006636
2006637
2006639
2006640
2006641
2006643
2006644
2006645
2006647
2006648
2006649
2006651
2006652
2006653
2006657
2006658
2006665
2006666
2006667
2006669
2006670
2006671
2006673
2006674
2006675
2006677
2006678
2006679
2006681
2006682
2006683
2006685
2006686
2006687
2006689
2006690
2006691
2006693
2006694
2006695
2006699
2006700
2006701
2006703
2006704
2006705
2006707
2006708
2006709
2006711
2006712
2006713
2006715
2006716
2006717
2006718
2006719
2006721
2006722
2006723
2006725
2006726
2006727
2006729
2006730
2006731
2006733
2006734
2006735
2006737
2006738
2006739
2006741
2006742
2006743
2006745
2006746
2006747
2006749
2006750
2006751
2006753
2006754
2006755
2006757
2006758
2006759
2006761
2006762
2006763
2006765
2006766
2006767
2006769
2006770
2006771
2006773
2006774
2006776
2006777
2006778
2006780
2006781
2006782
2006784
2006785
2006786
2006788
2006789
2006790
2006792
2006793
2006794
2006796
2006797
2006798
2006800
2006801
2006802
2006804
2006805
2006806
2006808
2006809
2006810
2006811
2006813
2006814
2006815
2006817
2006818
2006819
2006821
2006822
2006823
2006825
2006826
2006827
2006829
2006830
2006832
2006833
2006834
2006836
2006837
2006838
2006840
2006841
2006842
2006844
2006845
2006846
2006848
2006849
2006851
2006852
2006853
2006855
2006856
2006857
2006859
2006860
2006861
2006863
2006864
2006865
2006870
2006871
2006873
2006874
2006875
2006877
2006878
2006879
2006881
2006882
2006883
2006885
2006886
2006887
2006889
2006890
2006891
2006893
2006894
2006895
2006897
2006898
2006899
2006901
2006902
2006903
2006905
2006906
2006907
2006909
2006910
2006912
2006913
2006914
2006916
2006917
2006918
2006920
2006921
2006922
2006924
2006925
2006926
2006928
2006929
2006930
2006931
2006932
2006933
2006935
2006936
2006937
2006939
2006940
2006941
2006943
2006944
2006945
2006947
2006948
2006949
2006950
2006951
2006952
2006954
2006955
2006956
2006958
2006959
2006960
2006962
2006963
2006964
2006966
2006967
2006968
2006970
2006971
2006972
2006974
2006975
2006976
2006978
2006979
2006980
2006982
2006983
2006984
2006986
2006987
2006988
2006990
2006991
2006992
2006994
2006995
2006996
2006998
2006999
2007000
2007001
2007002
2007003
2007004
2007005
2007006
2007007
2007008
2007009
2007010
2007011
2007012
2007014
2007015
2007016
2007018
2007019
2007020
2007022
2007023
2007024
2007026
2007027
2007028
2007030
2007037
2007039
2007040
2007041
2007043
2007044
2007045
2007047
2007048
2007049
2007051
2007052
2007053
2007055
2007056
2007058
2007065
2007066
2007067
2007069
2007070
2007071
2007073
2007074
2007075
2007077
2007078
2007079
2007081
2007082
2007083
2007085
2007086
2007087
2007089
2007090
2007091
2007093
2007094
2007095
2007096
2007097
2007099
2007100
2007101
2007103
2007104
2007105
2007107
2007108
2007109
2007112
2007113
2007114
2007115
2007117
2007118
2007119
2007121
2007122
2007123
2007125
2007126
2007127
2007129
2007130
2007131
2007133
2007134
2007136
2007137
2007138
2007140
2007141
2007142
2007144
2007145
2007146
2007148
2007149
2007150
2007152
2007154
2007155
2007156
2007158
2007159
2007160
2007162
2007163
2007164
2007166
2007167
2007169
2007171
2007172
2007173
2007174
2007195
2007196
2007197
2007199
2007200
2007201
2007203
2007204
2007205
2007207
2007208
2007209
2007211
2007212
2007213
2007215
2007216
2007217
2007219
2007220
2007221
2007223
2007224
2007225
2007227
2007228
2007229
2007231
2007232
2007233
2007235
2007236
2007237
2007239
2007240
2007241
2007243
2007244
2007245
2007247
2007248
2007250
2007251
2007252
2007254
2007255
2007256
2007258
2007259
2007260
2007262
2007263
2007264
2007266
2007267
2007268
2007270
2007271
2007272
2007274
2007275
2007276
2007278
2007279
2007280
2007282
2007283
2007284
2007286
2007287
2007289
2007290
2007291
2007293
2007294
2007295
2007297
2007298
2007299
2007302
2007303
2007304
2007306
2007307
2007308
2007310
2007311
2007312
2007314
2007315
2007316
2007322
2007323
2007324
2007326
2007327
2007328
2007330
2007331
2007332
2007334
2007335
2007336
2007337
2007339
2007340
2007341
2007343
2007344
2007345
2007347
2007348
2007349
2007351
2007352
2007353
2007355
2007356
2007357
2007359
2007360
2007361
2007363
2007364
2007365
2007367
2007368
2007369
2007371
2007372
2007373
2007378
2007379
2007380
2007381
2007382
2007383
2007384
2007386
2007387
2007388
2007390
2007391
2007392
2007394
2007395
2007396
2007398
2007399
2007400
2007402
2007403
2007405
2007406
2007407
2007409
2007410
2007411
2007413
2007414
2007415
2007417
2007418
2007419
2007421
2007422
2007423
2007424
2007425
2007426
2007428
2007429
2007430
2007432
2007433
2007434
2007436
2007437
2007438
2007440
2007441
2007442
2007444
2007445
2007446
2007448
2007449
2007450
2007452
2007453
2007454
2007455
2007456
2007457
2007458
2007460
2007461
2007462
2007464
2007465
2007466
2007468
2007469
2007470
2007472
2007473
2007474
2007476
2007477
2007479
2007480
2007481
2007483
2007484
2007485
2007487
2007488
2007489
2007491
2007492
2007493
2007495
2007496
2007497
2007499
2007500
2007501
2007503
2007504
2007505
2007507
2007508
2007509
2007511
2007512
2007513
2007516
2007517
2007518
2007520
2007521
2007522
2007524
2007525
2007526
2007528
2007529
2007530
2007532
2007533
2007534
2007536
2007537
2007538
2007540
2007541
2007542
2007544
2007545
2007546
2007548
2007549
2007550
2007553
2007554
2007555
2007557
2007558
2007559
2007561
2007562
2007563
2007565
2007566
2007568
2007569
2007570
2007572
2007573
2007574
2007576
2007577
2007578
2007580
2007581
2007582
2007584
2007585
2007587
2007588
2007589
2007591
2007592
2007593
2007595
2007596
2007597
2007599
2007600
2007601
2007603
2007604
2007606
2007607
2007608
2007610
2007611
2007612
2007614
2007615
2007616
2007618
2007619
2007620
2007622
2007623
2007624
2007626
2007627
2007628
2007630
2007631
2007632
2007634
2007635
2007636
2007638
2007639
2007640
2007641
2007642
2007644
2007645
2007646
2007648
2007649
2007650
2007652
2007653
2007654
2007656
2007657
2007658
2007660
2007661
2007663
2007664
2007665
2007667
2007668
2007669
2007671
2007672
2007673
2007675
2007676
2007677
2007679
2007680
2007682
2007683
2007684
2007686
2007687
2007688
2007690
2007691
2007692
2007694
2007695
2007696
2007721
2007722
2007723
2007725
2007726
2007727
2007729
2007730
2007731
2007733
2007734
2007735
2007738
2007739
2007740
2007742
2007743
2007744
2007746
2007747
2007748
2007750
2007751
2007752
2007753
2007755
2007756
2007757
2007759
2007760
2007761
2007763
2007764
2007765
2007767
2007768
2007769
2007771
2007772
2007773
2007775
2007776
2007777
2007779
2007780
2007781
2007783
2007784
2007785
2007787
2007788
2007789
2007790
2007793
2007794
2007795
2007797
2007798
2007799
2007801
2007802
2007803
2007805
2007806
2007807
2007809
2007810
2007811
2007813
2007814
2007815
2007817
2007818
2007819
2007821
2007822
2007823
2007824
2007826
2007827
2007828
2007830
2007831
2007832
2007834
2007835
2007836
2007838
2007839
2007840
2007842
2007843
2007844
2007846
2007847
2007848
2007850
2007851
2007852
2007854
2007855
2007856
2007858
2007859
2007860
2007861
2007866
2007867
2007868
2007870
2007871
2007872
2007874
2007875
2007876
2007878
2007879
2007880
2007882
2007883
2007884
2007886
2007887
2007888
2007890
2007891
2007892
2007894
2007895
2007896
2007898
2007900
2007901
2007902
2007904
2007905
2007906
2007908
2007909
2007910
2007912
2007913
2007914
2007916
2007917
2007919
2007920
2007921
2007923
2007924
2007925
2007927
2007928
2007929
2007931
2007932
2007933
2007935
2007936
2007938
2007939
2007940
2007942
2007943
2007944
2007946
2007947
2007948
2007950
2007951
2007952
2007954
2007955
2007957
2007958
2007959
2007961
2007962
2007963
2007965
2007966
2007967
2007969
2007970
2007971
2007973
2007974
2007975
2007977
2007978
2007979
2007981
2007982
2007983
2007985
2007986
2007987
2007989
2007990
2007991
2007993
2007994
2007995
2007997
2007998
2007999
2008001
2008002
2008003
2008005
2008006
2008007
2008009
2008010
2008011
2008016
2008017
2008018
2008020
2008021
2008022
2008024
2008025
2008026
2008028
2008029
2008030
2008032
2008033
2008034
2008036
2008037
2008038
2008040
2008041
2008042
2008044
2008045
2008046
2008048
2008049
2008050
2008052
2008053
2008054
2008055
2008057
2008058
2008059
2008061
2008062
2008063
2008065
2008066
2008067
2008069
2008070
2008071
2008074
2008075
2008076
2008078
2008079
2008080
2008082
2008083
2008084
2008086
2008087
2008088
2008089
2008091
2008092
2008093
2008095
2008096
2008097
2008099
2008100
2008101
2008103
2008104
2008105
2008108
2008109
2008111
2008112
2008113
2008115
2008116
2008117
2008119
2008120
2008121
2008123
2008124
2008125
2008128
2008129
2008130
2008132
2008133
2008134
2008136
2008137
2008138
2008140
2008141
2008142
2008144
2008145
2008147
2008148
2008149
2008151
2008152
2008153
2008155
2008156
2008157
2008159
2008160
2008161
2008163
2008164
2008166
2008167
2008168
2008170
2008171
2008172
2008174
2008175
2008176
2008178
2008179
2008180
2008182
2008183
2008185
2008186
2008187
2008189
2008190
2008191
2008193
2008194
2008195
2008197
2008198
2008199
2008202
2008203
2008205
2008206
2008207
2008209
2008210
2008211
2008213
2008214
2008215
2008217
2008218
2008219
2008221
2008222
2008223
2008225
2008226
2008227
2008229
2008230
2008231
2008233
2008235
2008264
2008265
2008266
2008268
2008269
2008270
2008272
2008273
2008274
2008276
2008277
2008278
2008280
2008281
2008285
2008286
2008287
2008289
2008290
2008291
2008293
2008294
2008295
2008297
2008298
2008299
2008303
2008304
2008306
2008307
2008308
2008310
2008311
2008312
2008314
2008315
2008316
2008318
2008319
2008320
2008322
2008323
2008324
2008326
2008327
2008328
2008330
2008331
2008332
2008334
2008335
2008336
2008338
2008339
2008340
2008341
2008343
2008344
2008345
2008347
2008348
2008349
2008351
2008352
2008353
2008355
2008356
2008357
2008359
2008360
2008362
2008363
2008364
2008365
2008367
2008368
2008369
2008371
2008372
2008373
2008375
2008376
2008377
2008379
2008380
2008381
2008383
2008384
2008385
2008387
2008388
2008389
2008391
2008392
2008393
2008395
2008396
2008397
2008398
2008399
2008400
2008402
2008403
2008404
2008406
2008407
2008408
2008410
2008411
2008412
2008414
2008415
2008416
2008418
2008419
2008420
2008423
2008424
2008425
2008427
2008428
2008429
2008431
2008432
2008433
2008435
2008436
2008437
2008439
2008440
2008441
2008443
2008444
2008445
2008447
2008448
2008449
2008451
2008452
2008453
2008455
2008456
2008457
2008458
2008459
2008461
2008462
2008463
2008465
2008466
2008467
2008469
2008470
2008471
2008473
2008474
2008475
2008477
2008478
2008480
2008481
2008482
2008484
2008485
2008486
2008488
2008489
2008490
2008492
2008493
2008494
2008496
2008497
2008498
2008500
2008501
2008502
2008504
2008505
2008506
2008508
2008509
2008510
2008512
2008513
2008514
2008515
2008521
2008522
2008523
2008525
2008526
2008527
2008529
2008530
2008531
2008533
2008534
2008535
2008537
2008538
2008539
2008540
2008543
2008544
2008545
2008547
2008548
2008549
2008551
2008552
2008553
2008555
2008556
2008557
2008561
2008562
2008563
2008565
2008566
2008567
2008569
2008570
2008571
2008573
2008574
2008575
2008576
2008578
2008579
2008580
2008582
2008583
2008584
2008586
2008587
2008588
2008590
2008591
2008592
2008594
2008595
2008596
2008598
2008599
2008600
2008602
2008603
2008604
2008606
2008607
2008608
2008610
2008611
2008612
2008613
2008615
2008616
2008617
2008619
2008620
2008621
2008623
2008624
2008625
2008627
2008628
2008629
2008632
2008633
2008634
2008636
2008637
2008638
2008640
2008641
2008642
2008644
2008645
2008646
2008647
2008650
2008651
2008652
2008654
2008655
2008656
2008658
2008659
2008660
2008662
2008663
2008664
2008666
2008667
2008668
2008670
2008671
2008672
2008674
2008675
2008676
2008678
2008679
2008680
2008682
2008683
2008684
2008685
2008695
2008696
2008697
2008698
2008700
2008701
2008702
2008704
2008705
2008706
2008708
2008709
2008710
2008718
2008719
2008720
2008722
2008723
2008724
2008726
2008727
2008728
2008730
2008731
2008732
2008734
2008735
2008736
2008737
2008738
2008741
2008742
2008743
2008745
2008746
2008747
2008749
2008750
2008751
2008757
2008758
2008759
2008761
2008762
2008763
2008765
2008766
2008767
2008769
2008770
2008771
2008774
2008776
2008788
2008789
2008790
2008791
2008792
2008793
2008794
2008795
2008796
2008797
2008817
2008818
2008819
2008821
2008822
2008823
2008825
2008826
2008827
2008829
2008830
2008831
2008833
2008834
2008835
2008837
2008838
2008839
2008841
2008842
2008843
2008845
2008846
2008847
2008849
2008850
2008851
2008853
2008854
2008855
2008857
2008858
2008859
2008861
2008862
2008863
2008865
2008866
2008867
2008870
2008871
2008872
2008874
2008875
2008876
2008878
2008879
2008880
2008882
2008883
2008884
2008886
2008887
2008888
2008890
2008891
2008892
2008894
2008895
2008896
2008898
2008899
2008900
2008901
2008902
2008904
2008905
2008906
2008907
2008908
2008909
2008913
2008914
2008915
2008916
2008917
2008919
2008920
2008921
2008922
2008923
2008925
2008926
2008927
2008928
2008929
2008931
2008932
2008933
2008934
2008935
2008941
2008942
2008943
2008944
2008946
2008947
2008948
2008949
2008950
2008952
2008953
2008954
2008955
2008956
2008958
2008959
2008960
2008961
2008962
2008964
2008965
2008966
2008967
2008968
2008970
2008971
2008972
2008974
2008975
2008976
2008977
2008978
2008980
2008981
2008982
2008983
2008984
2008986
2008987
2008988
2008989
2008990
2008992
2008993
2008994
2008995
2008996
2008998
2008999
2009000
2009001
2009002
2009004
2009005
2009006
2009007
2009008
2009010
2009011
2009012
2009013
2009014
2009015
2009017
2009018
2009019
2009020
2009021
2009022
2009023
2009026
2009027
2009058
2009144
2009395
2009436
2009699
2010117
2010862
2010894
2011134
2011437
2011508
2011747
2011830
2011882
2012035
2012262
2012474
2012610
2012760
2012951
2013278
2014134
2015314
2016465
2016589
2016865
2017166
2017357
2017492
2017841
2017843
2017978
2017979
2017980
2017981
2017982
2017984
2017985
2017986
2017987
2017988
2017990
2017991
2017992
2017993
2017994
2017996
2017997
2018008
2018009
2018011
2018032
2018033
2018034
2018035
2018036
2018038
2018039
2018040
2018041
2018042
2018043
2018045
2018046
2018047
2018048
2018049
2018050
2018051
2018120
2018121
2018122
2018133
2018134
2018135
2018160
2018570
2019040
2019419
2020093
2020415
2020784
2021150
2021161
2021195
2021209
2021211
2021217
2021226
2021227
2021228
2021240
2021244
2021246
2021249
2021498
2021774
2021788
2021805
2021816
2021884
2021885
2021886
2021887
2021888
2021889
2021890
2021892
2021893
2021894
2021898
2021899
2021909
2021910
2021911
2021912
2021913
2021914
2021915
2021916
2021917
2021920
2021921
2021922
2021923
2021924
2021925
2021926
2021928
2021932
2021933
2021935
2021936
2021937
2021938
2021939
2021948
2021950
2021952
2021953
2021954
2021958
2021959
2021963
2021964
2021968
2021974
2021975
2021989
2022327
2022350
2022355
2022357
2022359
2022361
2022363
2022365
2022367
2022369
2022370
2022372
2022374
2022375
2022393
2022394
2022420
2022426
2022563
2022942
2023041
2023409
2023655
2023900
2024034
2024226
2024489
2024765
2024785
2024876
2024963
2025046
2026348
2031177
2032452
2033766
2037662
2038703
2040015
2043707
2043965
2044034
2044060
2044066
2044076
2044077
2044085
2044087
2044091
2044093
2044095
2044154
2044198
2044227
2044228
2044230
2044232
2044299
2044531
2044719
2045767
2048259
2049796
2050605
2051036
2051037
2051533
2053488
2054161
2055165
2056982
2057745
2058522
2059360
2059364
2059366
2059369
2059370
2059501
2059502
2059503
2059504
2059518
2059522
2059526
2059534
2059540
2059541
2059542
2059543
2059544
2059545
2059546
2059548
2059549
2059550
2059551
2059563
2059564
2059581
2059582
2059583
2059584
2059596
2059597
2059598
2059602
2059610
2059611
2059612
2059613
2059614
2059619
2059620
2059621
2059622
2059623
2059624
2059625
2059627
2059628
2059632
2059633
2059634
2059640
2059641
2059642
2059643
2059644
2059645
2059646
2059647
2059648
2059649
2059650
2059651
2059652
2059653
2059658
2059659
2059660
2059661
2059662
2059663
2059664
2059666
2059667
2059668
2059669
2059670
2059671
2059672
2059674
2059675
2059676
2059680
2059681
2059700
2059701
2059702
2059703
2059704
2059705
2059706
2059707
2059708
2059709
2059711
2059712
2059713
2059714
2059715
2059716
2059727
2059728
2059729
2059730
2059731
2059732
2059733
2059735
2059736
2059737
2059738
2059739
2059743
2059744
2059745
2059746
2059747
2059748
2059749
2059767
2059768
2059769
2059770
2059771
2059776
2059777
2059778
2059779
2059798
2059799
2059800
2059801
2059802
2059803
2059812
2059813
2059814
2059815
2059816
2059817
2059818
2059819
2059820
2059821
2059822
2059823
2059824
2059825
2059829
2059830
2059831
2059832
2059833
2059834
2059835
2059836
2059840
2059844
2059846
2059848
2059849
2059850
2059851
2059852
2059853
2059854
2059856
2059857
2059858
2059859
2059860
2059861
2059862
2059864
2059865
2059866
2059867
2059868
2059869
2059870
2059872
2059873
2059874
2059875
2059876
2059877
2059888
2059889
2059895
2059896
2059897
2059898
2059899
2059900
2059901
2059902
2059903
2059904
2059908
2059909
2059911
2059912
2059913
2059914
2059915
2059916
2059917
2059919
2059920
2059921
2059922
2059926
2059927
2059937
2059938
2059939
2059940
2059941
2059942
2059946
2059947
2059948
2059949
2059950
2059952
2059953
2059954
2059955
2059956
2059957
2059958
2059960
2059961
2059962
2059964
2059965
2059966
2059967
2059968
2059969
2059970
2059972
2059976
2059977
2059978
2059979
2059980
2059981
2059982
2059983
2059984
2059985
2059986
2059987
2059988
2059989
2059990
2059991
2059992
2059993
2060012
2060013
2060015
2060016
2060017
2060018
2060019
2060020
2060021
2060023
2060024
2060025
2060026
2060027
2060028
2060029
2060031
2060032
2060033
2060034
2060035
2060036
2060047
2060048
2060049
2060050
2060051
2060052
2060053
2060054
2060055
2060056
2060057
2060058
2060059
2060060
2060061
2060062
2060063
2060064
2060065
2060066
2060067
2060074
2060075
2060076
2060077
2060083
2060085
2060086
2060087
2060088
2060089
2060090
2060091
2060093
2060094
2060095
2060096
2060097
2060098
2060099
2060101
2060102
2060103
2060104
2060105
2060106
2060107
2060109
2060110
2060111
2060112
2060113
2060114
2060115
2060121
2060123
2060127
2060128
2060129
2060130
2060131
2060132
2060133
2060134
2060135
2060136
2060146
2060147
2060148
2060149
2060150
2060151
2060152
2060154
2060155
2060156
2060157
2060158
2060159
2060165
2060166
2060171
2060176
2060186
2060204
2060205
2060206
2060207
2060208
2060209
2060210
2060212
2060213
2060214
2060215
2060216
2060217
2060218
2060220
2060221
2060222
2060223
2060224
2060225
2060226
2060228
2060229
2060230
2060231
2060232
2060233
2060234
2060237
2060238
2060239
2060240
2060244
2060245
2060247
2060248
2060249
2060250
2060270
2060272
2060273
2060274
2060275
2060276
2060277
2060278
2060280
2060281
2060282
2060283
2060284
2060285
2060286
2060288
2060289
2060290
2060291
2060292
2060293
2060294
2060296
2060297
2060298
2060299
2060300
2060301
2060302
2060308
2060309
2060334
2060335
2060336
2060337
2060338
2060342
2060343
2060344
2060356
2060358
2060360
2060361
2060362
2060363
2060364
2060365
2060366
2060368
2060369
2060370
2060371
2060372
2060373
2060374
2060376
2060377
2060378
2060379
2060380
2060381
2060382
2060384
2060385
2060386
2060387
2060388
2060389
2060390
2060392
2060393
2060394
2060395
2060396
2060397
2060398
2060400
2060401
2060405
2060420
2060421
2060422
2060423
2060424
2060425
2060426
2060428
2060429
2060430
2060431
2060432
2060433
2060434
2060436
2060437
2060438
2060439
2060440
2060441
2060442
2060444
2060445
2060446
2060447
2060448
2060449
2060450
2060452
2060453
2060454
2060455
2060456
2060457
2060458
2060460
2060461
2060466
2060479
2060480
2060481
2060482
2060483
2060484
2060485
2060487
2060488
2060489
2060490
2060491
2060492
2060493
2060495
2060496
2060497
2060498
2060499
2060500
2060501
2060503
2060504
2060505
2060506
2060507
2060508
2060509
2060521
2060522
2060523
2060527
2060528
2060530
2060536
2060540
2060552
2060553
2060554
2060555
2060556
2060557
2060558
2060560
2060561
2060562
2060563
2060564
2060565
2060566
2060568
2060569
2060570
2060571
2060572
2060573
2060574
2060576
2060577
2060578
2060579
2060580
2060581
2060582
2060584
2060585
2060586
2060587
2060588
2060589
2060590
2060592
2060593
2060594
2060595
2060596
2060597
2060598
2060600
2060601
2060602
2060603
2060607
2060608
2060618
2060626
2060628
2060629
2060634
2060635
2060636
2060637
2060638
2060639
2060640
2060642
2060643
2060644
2060645
2060646
2060647
2060648
2060650
2060651
2060652
2060653
2060654
2060655
2060656
2060658
2060659
2060660
2060661
2060662
2060663
2060664
2060666
2060667
2060668
2060669
2060670
2060671
2060672
2060674
2060675
2060676
2060677
2060678
2060679
2060680
2060682
2060683
2060684
2060691
2060692
2060698
2060704
2060705
2060706
2060707
2060708
2060709
2060710
2060712
2060713
2060714
2060715
2060716
2060717
2060718
2060720
2060721
2060722
2060723
2060724
2060725
2060726
2060728
2060729
2060730
2060731
2060732
2060733
2060734
2060738
2060740
2060741
2060742
2060743
2060744
2060745
2060746
2060756
2060757
2060758
2060759
2060760
2060761
2060762
2060764
2060765
2060766
2060767
2060768
2060769
2060770
2060772
2060773
2060774
2060775
2060776
2060777
2060778
2060780
2060781
2060782
2060783
2060784
2060785
2060792
2060794
2060798
2060799
2060800
2060801
2060815
2060816
2060817
2060818
2060819
2060820
2060821
2060823
2060824
2060825
2060826
2060827
2060828
2060829
2060831
2060832
2060833
2060834
2060835
2060836
2060837
2060839
2060840
2060841
2060842
2060843
2060844
2060845
2060849
2060850
2060852
2060853
2060854
2060855
2060856
2060857
2060858
2060862
2060869
2060870
2060871
2060872
2060873
2060874
2060875
2060877
2060878
2060879
2060880
2060881
2060882
2060883
2060885
2060886
2060887
2060888
2060889
2060890
2060891
2060893
2060894
2060895
2060896
2060897
2060898
2060899
2060901
2060902
2060903
2060904
2060905
2060906
2060907
2060909
2060910
2060911
2060912
2060927
2060928
2060929
2060930
2060931
2060932
2060933
2060935
2060936
2060937
2060938
2060939
2060940
2060941
2060943
2060944
2060945
2060946
2060947
2060948
2060949
2060951
2060952
2060953
2060954
2060955
2060956
2060957
2060961
2060966
2060967
2060968
2060969
2060970
2060971
2060972
2060974
2060975
2060976
2060977
2060978
2060979
2060980
2060982
2060983
2060984
2060985
2060986
2060987
2060988
2060990
2060991
2060992
2060993
2060994
2060995
2060996
2061010
2061012
2061019
2061024
2061025
2061026
2061027
2061028
2061029
2061030
2061032
2061033
2061034
2061035
2061036
2061037
2061038
2061040
2061041
2061042
2061043
2061044
2061045
2061046
2061048
2061049
2061050
2061051
2061052
2061053
2061054
2061063
2061064
2061066
2061067
2061068
2061069
2061070
2061071
2061072
2061074
2061075
2061076
2061077
2061078
2061079
2061080
2061082
2061083
2061084
2061085
2061086
2061087
2061088
2061090
2061091
2061092
2061093
2061094
2061095
2061104
2061105
2061106
2061114
2061115
2061116
2061117
2061118
2061119
2061120
2061122
2061123
2061124
2061125
2061126
2061127
2061128
2061130
2061131
2061132
2061133
2061134
2061135
2061136
2061138
2061139
2061140
2061141
2061142
2061143
2061144
2061155
2061156
2061158
2061159
2061160
2061161
2061162
2061163
2061164
2061166
2061167
2061168
2061169
2061170
2061171
2061172
2061174
2061175
2061176
2061177
2061178
2061179
2061180
2061182
2061183
2061184
2061185
2061186
2061187
2061188
2061196
2061200
2061210
2061211
2061212
2061213
2061214
2061215
2061216
2061218
2061219
2061220
2061221
2061222
2061223
2061224
2061226
2061227
2061228
2061229
2061230
2061231
2061232
2061234
2061235
2061236
2061237
2061238
2061239
2061240
2061256
2061257
2061258
2061259
2061260
2061261
2061262
2061264
2061265
2061266
2061267
2061268
2061269
2061270
2061272
2061273
2061274
2061275
2061276
2061277
2061278
2061280
2061281
2061282
2061283
2061284
2061285
2061286
2061301
2061302
2061306
2061307
2061308
2061309
2061310
2061318
2061319
2061320
2061321
2061322
2061323
2061324
2061326
2061327
2061328
2061329
2061330
2061331
2061332
2061334
2061335
2061336
2061337
2061338
2061339
2061340
2061342
2061343
2061344
2061345
2061346
2061347
2061348
2061352
2061353
2061354
2061355
2061356
2061357
2061358
2061360
2061361
2061362
2061363
2061364
2061366
2061374
2061375
2061381
2061382
2061432
2061433
2061434
2061435
2061436
2061437
2061438
2061440
2061441
2061442
2061443
2061444
2061445
2061446
2061448
2061449
2061450
2061451
2061452
2061453
2061454
2061482
2061483
2061491
2061492
2061507
2061508
2061509
2061510
2061511
2061512
2061513
2061515
2061516
2061517
2061518
2061519
2061520
2061521
2061523
2061524
2061525
2061526
2061527
2061528
2061529
2061531
2061532
2061533
2061534
2061535
2061536
2061537
2061542
2061543
2061544
2061545
2061546
2061547
2061548
2061550
2061551
2061552
2061553
2061554
2061555
2061556
2061558
2061559
2061560
2061561
2061562
2061563
2061564
2061577
2061578
2061579
2061580
2061581
2061582
2061583
2061585
2061586
2061587
2061588
2061589
2061590
2061594
2061595
2061599
2061600
2061601
2061602
2061603
2061604
2061606
2061607
2061611
2061612
2061614
2061615
2061616
2061617
2061618
2061619
2061620
2061622
2061623
2061624
2061625
2061626
2061627
2061628
2061630
2061631
2061632
2061633
2061634
2061635
2061636
2061638
2061639
2061640
2061641
2061642
2061643
2061644
2061648
2061650
2061652
2061653
2061654
2061655
2061656
2061657
2061658
2061660
2061661
2061662
2061663
2061664
2061665
2061666
2061668
2061669
2061670
2061671
2061672
2061673
2061674
2061676
2061677
2061678
2061679
2061680
2061681
2061682
2061688
2061689
2061691
2061692
2061693
2061694
2061695
2061696
2061697
2061699
2061700
2061701
2061702
2061703
2061704
2061705
2061707
2061708
2061709
2061710
2061711
2061712
2061713
2061715
2061716
2061717
2061718
2061719
2061720
2061721
2061725
2061726
2061727
2061728
2061729
2061730
2061731
2061733
2061737
2061738
2061739
2061740
2061741
2061742
2061749
2061751
2061752
2061753
2061754
2061755
2061756
2061757
2061759
2061760
2061761
2061762
2061763
2061764
2061765
2061767
2061768
2061769
2061770
2061771
2061772
2061773
2061775
2061776
2061777
2061778
2061779
2061780
2061781
2061806
2061807
2061808
2061809
2061810
2061811
2061812
2061814
2061815
2061816
2061817
2061818
2061819
2061826
2061833
2061834
2061835
2061836
2061837
2061838
2061839
2061841
2061842
2061843
2061844
2061845
2061846
2061847
2061849
2061850
2061851
2061852
2061853
2061854
2061855
2061857
2061858
2061859
2061860
2061861
2061862
2061863
2061865
2061866
2061867
2061868
2061869
2061870
2061871
2061873
2061874
2061875
2061876
2061877
2061878
2061879
2061881
2061882
2061883
2061884
2061885
2061886
2061887
2061889
2061890
2061891
2061892
2061893
2061894
2061895
2061934
2061935
2061965
2061966
2061967
2061968
2061969
2061970
2061971
2061973
2061974
2061975
2061976
2061977
2061978
2061979
2061981
2061989
2061990
2061991
2061992
2061993
2061994
2061995
2062012
2062013
2062014
2062015
2062016
2062017
2062018
2062020
2062021
2062022
2062023
2062024
2062025
2062026
2062028
2062029
2062030
2062031
2062032
2062033
2062034
2062036
2062037
2062038
2062039
2062040
2062041
2062042
2062047
2062048
2062049
2062050
2062051
2062052
2062053
2062055
2062056
2062057
2062058
2062059
2062060
2062061
2062063
2062064
2062065
2062066
2062067
2062068
2062069
2062071
2062072
2062073
2062074
2062075
2062076
2062077
2062079
2062080
2062081
2062082
2062083
2062084
2062085
2062087
2062091
2062092
2062118
2062119
2062120
2062121
2062122
2062123
2062124
2062126
2062127
2062128
2062129
2062130
2062131
2062132
2062134
2062135
2062136
2062137
2062138
2062139
2062140
2062142
2062143
2062144
2062145
2062146
2062147
2062148
2062154
2062155
2062156
2062157
2062158
2062159
2062160
2062161
2062162
2062163
2062164
2062165
2062176
2062177
2062178
2062179
2062180
2062181
2062182
2062183
2062185
2062186
2062187
2062189
2062190
2062191
2062192
2062193
2062194
2062195
2062197
2062198
2062199
2062200
2062201
2062202
2062203
2062205
2062206
2062207
2062208
2062209
2062210
2062211
2062213
2062214
2062215
2062216
2062217
2062218
2062219
2062230
2062231
2062233
2062234
2062235
2062236
2062237
2062238
2062239
2062241
2062242
2062243
2062244
2062245
2062246
2062247
2062249
2062250
2062251
2062252
2062253
2062254
2062255
2062257
2062258
2062259
2062260
2062261
2062262
2062263
2062275
2062276
2062278
2062280
2062283
2062284
2062285
2062286
2062429
2062430
2062431
2062432
2062433
2062434
2062435
2062437
2062438
2062439
2062440
2062441
2062442
2062443
2062445
2062446
2062447
2062448
2062449
2062450
2062451
2062453
2062454
2062455
2062456
2062457
2062458
2062459
2062485
2062486
2062487
2062488
2062489
2062490
2062491
2062493
2062494
2062495
2062496
2062497
2062498
2062499
2062501
2062502
2062503
2062504
2062505
2062506
2062507
2062509
2062510
2062511
2062512
2062513
2062514
2062515
2062519
2062520
2062521
2062522
2062523
2062524
2062525
2062527
2062528
2062529
2062530
2062531
2062532
2062533
2062535
2062536
2062537
2062538
2062539
2062540
2062544
2062545
2062565
2062566
2062567
2062568
2062570
2062571
2062572
2062579
2062584
2062585
2062586
2062587
2062588
2062589
2062590
2062592
2062593
2062594
2062595
2062596
2062597
2062598
2062600
2062601
2062602
2062603
2062604
2062605
2062606
2062608
2062609
2062610
2062611
2062612
2062613
2062614
2062618
2062619
2062620
2062621
2062622
2062623
2062624
2062626
2062627
2062628
2062629
2062630
2062631
2062632
2062634
2062635
2062636
2062637
2062638
2062639
2062640
2062644
2062645
2062652
2062653
2062654
2062655
2062656
2062657
2062658
2062660
2062661
2062662
2062663
2062664
2062665
2062666
2062668
2062669
2062670
2062671
2062672
2062673
2062674
2062676
2062677
2062678
2062679
2062680
2062681
2062682
2062684
2062685
2062686
2062687
2062688
2062689
2062690
2062698
2062699
2062700
2062701
2062702
2062703
2062704
2062708
2062709
2062710
2062711
2062712
2062713
2062714
2062716
2062717
2062718
2062719
2062720
2062721
2062722
2062724
2062725
2062726
2062727
2062728
2062729
2062730
2062732
2062733
2062734
2062735
2062736
2062737
2062738
2062745
2062746
2062747
2062748
2062749
2062750
2062751
2062753
2062754
2062755
2062756
2062757
2062758
2062759
2062761
2062762
2062763
2062764
2062765
2062766
2062767
2062769
2062770
2062771
2062772
2062773
2062774
2062775
2062786
2062787
2062790
2062791
2062792
2062793
2062794
2062795
2062796
2062798
2062799
2062800
2062801
2062802
2062803
2062804
2062806
2062807
2062808
2062809
2062810
2062811
2062812
2062848
2062849
2062850
2062851
2062852
2062853
2062854
2062855
2062857
2062858
2062859
2062860
2062861
2062862
2062863
2062865
2062866
2062868
2062869
2062870
2062871
2062872
2062873
2062875
2062876
2062877
2062878
2062879
2062880
2062881
2062883
2062884
2062885
2062886
2062887
2062888
2062889
2062891
2062892
2062893
2062894
2062895
2062896
2062897
2062899
2062900
2062901
2062902
2062903
2062904
2062905
2062907
2062908
2062909
2062910
2062911
2062912
2062913
2062915
2062916
2062917
2062918
2062919
2062920
2062921
2062923
2062924
2062925
2062926
2062927
2062928
2062929
2062931
2062953
2062956
2062957
2062958
2062959
2062960
2062966
2062967
2062968
2062969
2062970
2062982
2062983
2062984
2062985
2062986
2062987
2062988
2062990
2062991
2062992
2062993
2062994
2062995
2062996
2062998
2062999
2063000
2063001
2063002
2063003
2063004
2063006
2063007
2063008
2063009
2063010
2063011
2063012
2063023
2063024
2063027
2063028
2063029
2063030
2063031
2063032
2063033
2063035
2063036
2063037
2063038
2063039
2063040
2063041
2063043
2063044
2063045
2063046
2063047
2063048
2063049
2063051
2063052
2063053
2063054
2063055
2063056
2063057
2063065
2063066
2063067
2063068
2063069
2063070
2063071
2063073
2063074
2063075
2063076
2063077
2063078
2063079
2063081
2063082
2063083
2063084
2063085
2063086
2063087
2063089
2063090
2063091
2063092
2063093
2063094
2063095
2063109
2063110
2063111
2063112
2063113
2063114
2063115
2063117
2063118
2063119
2063120
2063121
2063122
2063123
2063125
2063126
2063127
2063128
2063129
2063130
2063131
2063133
2063134
2063138
2063139
2063150
2063151
2063152
2063153
2063154
2063155
2063156
2063157
2063158
2063163
2063164
2063165
2063166
2063167
2063168
2063169
2063171
2063172
2063173
2063174
2063175
2063176
2063177
2063179
2063180
2063181
2063182
2063183
2063184
2063185
2063187
2063188
2063189
2063190
2063191
2063192
2063193
2063226
2063227
2063228
2063229
2063230
2063231
2063232
2063234
2063235
2063236
2063237
2063238
2063239
2063240
2063242
2063243
2063244
2063245
2063246
2063247
2063248
2063250
2063251
2063252
2063253
2063254
2063255
2063256
2063258
2063259
2063260
2063261
2063262
2063263
2063264
2063266
2063267
2063268
2063269
2063270
2063271
2063272
2063274
2063275
2063276
2063277
2063278
2063279
2063280
2063297
2063298
2063299
2063300
2063301
2063302
2063303
2063305
2063306
2063307
2063308
2063309
2063310
2063311
2063313
2063360
2063364
2063365
2063366
2063367
2063368
2063369
2063370
2063371
2063372
2063373
2063374
2063375
2063376
2063377
2063378
2063418
2063419
2063420
2063421
2063422
2063423
2063424
2063426
2063427
2063428
2063429
2063430
2063431
2063432
2063434
2063435
2063436
2063437
2063438
2063439
2063440
2063442
2063443
2063444
2063445
2063446
2063447
2063448
2063452
2063453
2063457
2063458
2063460
2063461
2063462
2063463
2063464
2063465
2063466
2063468
2063469
2063470
2063471
2063472
2063473
2063474
2063476
2063477
2063478
2063479
2063480
2063481
2063482
2063484
2063485
2063486
2063487
2063488
2063489
2063490
2063494
2063495
2063497
2063498
2063499
2063500
2063501
2063502
2063503
2063505
2063506
2063507
2063508
2063509
2063510
2063511
2063513
2063514
2063515
2063516
2063517
2063518
2063519
2063521
2063522
2063523
2063524
2063525
2063526
2063527
2063533
2063535
2063544
2063545
2063546
2063547
2063548
2063549
2063550
2063552
2063553
2063554
2063555
2063556
2063557
2063558
2063560
2063561
2063562
2063563
2063564
2063565
2063566
2063568
2063569
2063570
2063571
2063572
2063573
2063574
2063579
2063580
2063581
2063582
2063583
2063584
2063585
2063587
2063588
2063589
2063590
2063591
2063592
2063593
2063595
2063596
2063597
2063598
2063599
2063600
2063601
2063603
2063604
2063605
2063606
2063607
2063608
2063609
2063613
2063614
2063616
2063617
2063618
2063619
2063620
2063621
2063622
2063624
2063625
2063626
2063627
2063628
2063629
2063630
2063632
2063633
2063634
2063635
2063636
2063637
2063638
2063642
2063643
2063644
2063646
2063647
2063648
2063649
2063650
2063651
2063652
2063654
2063655
2063656
2063657
2063658
2063659
2063660
2063662
2063663
2063664
2063665
2063666
2063667
2063668
2063670
2063671
2063672
2063673
2063674
2063675
2063676
2063680
2063682
2063683
2063684
2063685
2063686
2063687
2063688
2063690
2063691
2063692
2063693
2063694
2063695
2063696
2063698
2063699
2063700
2063701
2063702
2063703
2063704
2063706
2063707
2063708
2063709
2063710
2063711
2063712
2063716
2063717
2063718
2063719
2063721
2063722
2063723
2063724
2063725
2063726
2063727
2063729
2063730
2063731
2063732
2063733
2063734
2063735
2063737
2063738
2063739
2063740
2063741
2063742
2063743
2063745
2063746
2063747
2063748
2063749
2063750
2063751
2063755
2063756
2063758
2063759
2063760
2063761
2063762
2063763
2063764
2063766
2063767
2063768
2063769
2063770
2063771
2063772
2063774
2063775
2063776
2063777
2063778
2063779
2063780
2063782
2063783
2063784
2063785
2063786
2063787
2063788
2063802
2063803
2063804
2063805
2063806
2063807
2063808
2063810
2063811
2063812
2063813
2063814
2063815
2063816
2063818
2063819
2063820
2063821
2063822
2063823
2063824
2063826
2063827
2063828
2063829
2063830
2063831
2063832
2063836
2063837
2063838
2063839
2063840
2063841
2063842
2063844
2063845
2063846
2063847
2063848
2063849
2063850
2063852
2063853
2063854
2063855
2063859
2063860
2063861
2063862
2063867
2063868
2063869
2063870
2063871
2063872
2063873
2063874
2063875
2063881
2063882
2063883
2063884
2063885
2063886
2063887
2063889
2063890
2063891
2063892
2063893
2063894
2063895
2063897
2063898
2063899
2063900
2063901
2063902
2063903
2063905
2063906
2063907
2063908
2063909
2063910
2063911
2063915
2063916
2063917
2063918
2063919
2063920
2063921
2063923
2063924
2063925
2063926
2063927
2063928
2063929
2063931
2063932
2063933
2063934
2063935
2063936
2063937
2063939
2063940
2063941
2063942
2063943
2063944
2063945
2063947
2063948
2063949
2063950
2063951
2063952
2063953
2063955
2063956
2063957
2063958
2063959
2063960
2063961
2063963
2063964
2063965
2063966
2063967
2063968
2063969
2063971
2063972
2063973
2063974
2063975
2063976
2063977
2063979
2063980
2063981
2063982
2063983
2063984
2063985
2063987
2063988
2063989
2063990
2063991
2063992
2063993
2063995
2063996
2063997
2063998
2063999
2064000
2064001
2064003
2064004
2064005
2064006
2064007
2064008
2064009
2064011
2064012
2064013
2064014
2064015
2064016
2064017
2064019
2064020
2064021
2064022
2064023
2064024
2064039
2064040
2064041
2064042
2064043
2064044
2064045
2064046
2064047
2064048
2064049
2064050
2064051
2064052
2064053
2064054
2064055
2064056
2064072
2064073
2064074
2064075
2064076
2064077
2064078
2064080
2064081
2064082
2064083
2064084
2064085
2064086
2064088
2064089
2064090
2064091
2064092
2064093
2064094
2064096
2064097
2064098
2064099
2064100
2064101
2064102
2064107
2064108
2064109
2064110
2064111
2064112
2064113
2064115
2064116
2064117
2064118
2064119
2064120
2064121
2064123
2064124
2064125
2064126
2064127
2064128
2064129
2064133
2064134
2064135
2064154
2064155
2064156
2064157
2064158
2064159
2064160
2064162
2064163
2064164
2064165
2064166
2064167
2064168
2064170
2064171
2064172
2064173
2064174
2064175
2064176
2064178
2064179
2064180
2064181
2064182
2064183
2064184
2064189
2064190
2064191
2064192
2064193
2064194
2064195
2064197
2064198
2064199
2064200
2064201
2064202
2064203
2064205
2064206
2064207
2064208
2064209
2064210
2064211
2064213
2064214
2064215
2064216
2064217
2064218
2064219
2064223
2064225
2064226
2064227
2064228
2064229
2064230
2064235
2064236
2064237
2064238
2064239
2064240
2064241
2064243
2064244
2064245
2064246
2064247
2064248
2064249
2064251
2064252
2064253
2064254
2064255
2064256
2064257
2064259
2064260
2064261
2064262
2064263
2064264
2064265
2064267
2064268
2064269
2064270
2064271
2064272
2064273
2064291
2064292
2064293
2064294
2064295
2064296
2064297
2064298
2064306
2064317
2064318
2064319
2064320
2064321
2064348
2064349
2064350
2064351
2064352
2064353
2064354
2064356
2064357
2064358
2064359
2064360
2064361
2064362
2064364
2064365
2064366
2064367
2064368
2064369
2064370
2064372
2064373
2064374
2064375
2064376
2064377
2064378
2064380
2064381
2064382
2064383
2064384
2064385
2064386
2064388
2064389
2064390
2064391
2064392
2064393
2064394
2064396
2064397
2064398
2064399
2064400
2064401
2064402
2064404
2064405
2064406
2064407
2064408
2064409
2064410
2064412
2064413
2064414
2064415
2064416
2064417
2064418
2064420
2064421
2064422
2064423
2064424
2064425
2064426
2064428
2064429
2064430
2064431
2064432
2064433
2064434
2064436
2064437
2064438
2064439
2064440
2064441
2064442
2064449
2064451
2064452
2064453
2064454
2064455
2064456
2064457
2064459
2064460
2064461
2064462
2064463
2064464
2064465
2064467
2064468
2064469
2064470
2064471
2064472
2064473
2064475
2064476
2064477
2064478
2064479
2064480
2064481
2064483
2064484
2064485
2064486
2064487
2064488
2064489
2064491
2064492
2064493
2064494
2064495
2064496
2064497
2064499
2064500
2064501
2064502
2064503
2064504
2064505
2064507
2064508
2064509
2064510
2064511
2064512
2064513
2064524
2064525
2064526
2064527
2064528
2064529
2064530
2064531
2064532
2064533
2064534
2064536
2064537
2064538
2064539
2064540
2064541
2064542
2064544
2064545
2064546
2064548
2064549
2064550
2064551
2064552
2064553
2064554
2064556
2064557
2064558
2064559
2064560
2064561
2064562
2064564
2064565
2064566
2064567
2064568
2064569
2064570
2064589
2064590
2064591
2064592
2064593
2064594
2064595
2064596
2064597
2064598
2064599
2064600
2064602
2064603
2064604
2064605
2064606
2064607
2064608
2064610
2064611
2064612
2064613
2064614
2064615
2064616
2064618
2064619
2064620
2064621
2064622
2064623
2064624
2064626
2064627
2064628
2064629
2064630
2064631
2064632
2064644
2064645
2064646
2064647
2064648
2064649
2064650
2064652
2064653
2064654
2064655
2064656
2064657
2064658
2064660
2064661
2064662
2064663
2064664
2064665
2064666
2064668
2064669
2064670
2064671
2064672
2064673
2064674
2064676
2064677
2064678
2064679
2064680
2064681
2064682
2064695
2064697
2064698
2064699
2064700
2064701
2064702
2064703
2064705
2064706
2064707
2064708
2064709
2064710
2064711
2064713
2064714
2064715
2064716
2064717
2064718
2064719
2064721
2064722
2064723
2064724
2064725
2064726
2064727
2064738
2064739
2064740
2064741
2064742
2064743
2064745
2064746
2064747
2064748
2064749
2064750
2064751
2064753
2064754
2064755
2064756
2064757
2064758
2064759
2064761
2064762
2064763
2064764
2064765
2064766
2064767
2064769
2064770
2064771
2064772
2064773
2064774
2064775
2064781
2064782
2064783
2064784
2064785
2064786
2064787
2064789
2064790
2064791
2064792
2064793
2064794
2064795
2064797
2064798
2064799
2064800
2064801
2064802
2064803
2064805
2064806
2064807
2064808
2064809
2064810
2064811
2064823
2064824
2064825
2064826
2064827
2064828
2064829
2064830
2064831
2064840
2064841
2064842
2064843
2064844
2064845
2064846
2064848
2064849
2064850
2064851
2064852
2064853
2064854
2064856
2064857
2064858
2064859
2064860
2064861
2064862
2064864
2064865
2064866
2064867
2064868
2064869
2064870
2064884
2064885
2064886
2064887
2064888
2064889
2064890
2064893
2064894
2064895
2064896
2064897
2064898
2064904
2064905
2064906
2064907
2064908
2064909
2064910
2064912
2064913
2064914
2064915
2064916
2064917
2064918
2064920
2064921
2064922
2064923
2064924
2064925
2064926
2064928
2064929
2064930
2064931
2064932
2064933
2064934
2064940
2064941
2064942
2064943
2064944
2064945
2064946
2064948
2064949
2064950
2064951
2064952
2064953
2064954
2064956
2064957
2064958
2064959
2064960
2064961
2064962
2064964
2064965
2064966
2064967
2064968
2064969
2064970
2064974
2064975
2064976
2064977
2064986
2064987
2064988
2064989
2064990
2064991
2064992
2064994
2064995
2064996
2064997
2064998
2064999
2065000
2065002
2065003
2065004
2065005
2065006
2065007
2065008
2065010
2065011
2065012
2065013
2065014
2065015
2065016
2065026
2065027
2065028
2065029
2065030
2065031
2065032
2065034
2065035
2065036
2065037
2065038
2065039
2065040
2065042
2065043
2065044
2065045
2065046
2065047
2065048
2065050
2065051
2065052
2065053
2065054
2065055
2065056
2065068
2065069
2065070
2065071
2065072
2065073
2065074
2065076
2065077
2065078
2065079
2065080
2065081
2065082
2065084
2065085
2065086
2065087
2065088
2065089
2065090
2065092
2065093
2065094
2065095
2065096
2065097
2065098
2065105
2065106
2065107
2065108
2065109
2065110
2065111
2065113
2065114
2065115
2065116
2065117
2065118
2065119
2065121
2065122
2065123
2065124
2065125
2065126
2065127
2065129
2065133
2065134
2065135
2065136
2065137
2065138
2065139
2065140
2065141
2065142
2065143
2065144
2065145
2065146
2065147
2065148
2065149
2065150
2065151
2065152
2065153
2065168
2065170
2065173
2065175
2065176
2065177
2065178
2065179
2065180
2065181
2065183
2065184
2065185
2065186
2065187
2065188
2065189
2065191
2065192
2065193
2065194
2065195
2065196
2065197
2065199
2065200
2065201
2065202
2065203
2065204
2065205
2065210
2065211
2065213
2065214
2065215
2065216
2065217
2065218
2065219
2065221
2065222
2065223
2065224
2065225
2065226
2065227
2065229
2065230
2065231
2065232
2065233
2065234
2065235
2065237
2065238
2065239
2065240
2065241
2065242
2065243
2065245
2065246
2065247
2065248
2065249
2065250
2065251
2065253
2065254
2065255
2065256
2065257
2065258
2065259
2065261
2065262
2065263
2065264
2065265
2065266
2065267
2065269
2065270
2065271
2065272
2065273
2065274
2065275
2065278
2065285
2065286
2065287
2065288
2065295
2065296
2065297
2065298
2065299
2065300
2065301
2065302
2065303
2065304
2065305
2065306
2065377
2065378
2065379
2065380
2065381
2065382
2065383
2065385
2065386
2065387
2065388
2065389
2065390
2065391
2065393
2065394
2065395
2065396
2065397
2065398
2065399
2065401
2065402
2065403
2065404
2065405
2065406
2065407
2065415
2065416
2065418
2065419
2065420
2065421
2065422
2065423
2065424
2065426
2065427
2065428
2065429
2065430
2065431
2065432
2065434
2065435
2065436
2065437
2065438
2065439
2065440
2065442
2065443
2065444
2065445
2065446
2065447
2065448
2065452
2065453
2065455
2065456
2065457
2065458
2065459
2065460
2065461
2065463
2065464
2065465
2065466
2065467
2065468
2065469
2065471
2065472
2065473
2065474
2065475
2065476
2065477
2065479
2065480
2065481
2065482
2065483
2065484
2065485
2065489
2065490
2065492
2065493
2065494
2065495
2065496
2065497
2065498
2065500
2065501
2065502
2065503
2065504
2065505
2065506
2065508
2065509
2065510
2065511
2065512
2065513
2065514
2065516
2065517
2065518
2065519
2065520
2065521
2065522
2065526
2065527
2065528
2065529
2065530
2065531
2065532
2065534
2065535
2065536
2065537
2065538
2065539
2065540
2065542
2065543
2065544
2065545
2065546
2065547
2065548
2065550
2065551
2065552
2065553
2065554
2065555
2065556
2065569
2065570
2065578
2065580
2065581
2065583
2065584
2065585
2065586
2065587
2065588
2065589
2065591
2065592
2065593
2065594
2065595
2065596
2065597
2065599
2065600
2065601
2065602
2065603
2065604
2065605
2065607
2065608
2065609
2065610
2065611
2065612
2065613
2065615
2065616
2065617
2065618
2065619
2065620
2065621
2065623
2065624
2065625
2065626
2065627
2065628
2065629
2065631
2065632
2065633
2065634
2065635
2065636
2065637
2065639
2065640
2065641
2065642
2065643
2065644
2065645
2065647
2065648
2065649
2065650
2065651
2065652
2065653
2065656
2065657
2065659
2065660
2065661
2065662
2065663
2065664
2065665
2065667
2065668
2065669
2065670
2065671
2065672
2065673
2065675
2065676
2065677
2065678
2065679
2065680
2065681
2065683
2065684
2065685
2065686
2065687
2065688
2065689
2065692
2065693
2065694
2065695
2065696
2065697
2065698
2065700
2065701
2065702
2065703
2065704
2065705
2065706
2065708
2065709
2065710
2065711
2065712
2065713
2065714
2065718
2065719
2065721
2065722
2065723
2065724
2065725
2065726
2065727
2065735
2065736
2065737
2065738
2065740
2065741
2065742
2065743
2065744
2065745
2065746
2065748
2065749
2065750
2065751
2065752
2065753
2065754
2065756
2065757
2065758
2065759
2065760
2065761
2065762
2065764
2065765
2065766
2065767
2065768
2065769
2065770
2065807
2065808
2065810
2065811
2065812
2065813
2065814
2065815
2065816
2065818
2065819
2065820
2065821
2065822
2065823
2065824
2065826
2065827
2065828
2065829
2065830
2065831
2065832
2065834
2065835
2065836
2065837
2065838
2065839
2065840
2065845
2065846
2065847
2065848
2065849
2065850
2065851
2065853
2065854
2065855
2065856
2065857
2065858
2065859
2065861
2065862
2065863
2065864
2065865
2065866
2065867
2065869
2065870
2065871
2065872
2065873
2065874
2065875
2065884
2065885
2065886
2065887
2065888
2065889
2065890
2065892
2065893
2065894
2065895
2065896
2065897
2065898
2065900
2065901
2065902
2065903
2065904
2065905
2065906
2065908
2065909
2065910
2065911
2065912
2065913
2065914
2065916
2065917
2065918
2065919
2065920
2065921
2065922
2065924
2065925
2065926
2065927
2065928
2065929
2065930
2065932
2065933
2065934
2065935
2065936
2065937
2065938
2065940
2065941
2065942
2065943
2065944
2065945
2065946
2065950
2065951
2065952
2065953
2065954
2065955
2065956
2065958
2065959
2065960
2065961
2065962
2065963
2065964
2065966
2065967
2065968
2065969
2065970
2065971
2065972
2065974
2065975
2065976
2065977
2065978
2065979
2065980
2065985
2065986
2065987
2065988
2065989
2065990
2065991
2065993
2065994
2065995
2065996
2065997
2065998
2065999
2066001
2066002
2066003
2066004
2066005
2066006
2066007
2066009
2066010
2066011
2066012
2066013
2066014
2066015
2066021
2066025
2066026
2066027
2066028
2066029
2066030
2066031
2066033
2066034
2066035
2066036
2066037
2066038
2066039
2066041
2066042
2066043
2066044
2066045
2066046
2066047
2066049
2066050
2066051
2066052
2066053
2066054
2066055
2066058
2066059
2066124
2066125
2066126
2066127
2066138
2066139
2066140
2066141
2066142
2066143
2066144
2066146
2066147
2066148
2066149
2066150
2066151
2066152
2066154
2066155
2066156
2066157
2066158
2066159
2066160
2066162
2066163
2066164
2066165
2066166
2066167
2066168
2066182
2066183
2066184
2066185
2066186
2066187
2066188
2066190
2066191
2066192
2066193
2066194
2066195
2066196
2066198
2066199
2066200
2066201
2066202
2066203
2066204
2066206
2066207
2066208
2066209
2066210
2066211
2066212
2066217
2066226
2066227
2066248
2066249
2066250
2066251
2066252
2066253
2066254
2066256
2066257
2066258
2066259
2066260
2066261
2066262
2066264
2066265
2066266
2066267
2066268
2066269
2066270
2066272
2066273
2066274
2066275
2066276
2066277
2066278
2066282
2066283
2066284
2066285
2066290
2066291
2066292
2066293
2066294
2066295
2066296
2066298
2066299
2066300
2066301
2066302
2066303
2066304
2066306
2066307
2066308
2066309
2066310
2066311
2066312
2066314
2066315
2066316
2066317
2066318
2066319
2066320
2066324
2066325
2066326
2066327
2066328
2066329
2066330
2066332
2066333
2066334
2066335
2066336
2066337
2066338
2066340
2066341
2066342
2066343
2066344
2066345
2066346
2066350
2066351
2066352
2066354
2066355
2066356
2066357
2066358
2066359
2066360
2066362
2066363
2066364
2066365
2066366
2066367
2066368
2066370
2066371
2066372
2066373
2066374
2066375
2066376
2066378
2066379
2066380
2066381
2066382
2066383
2066384
2066386
2066387
2066388
2066389
2066390
2066391
2066392
2066394
2066395
2066396
2066397
2066398
2066399
2066400
2066402
2066403
2066404
2066405
2066406
2066407
2066408
2066410
2066411
2066412
2066413
2066414
2066415
2066416
2066420
2066421
2066422
2066423
2066424
2066425
2066426
2066427
2066428
2066429
2066430
2066438
2066439
2066440
2066441
2066442
2066443
2066444
2066446
2066447
2066448
2066449
2066450
2066451
2066452
2066454
2066455
2066456
2066457
2066458
2066459
2066460
2066466
2066467
2066468
2066469
2066470
2066471
2066472
2066474
2066475
2066476
2066477
2066478
2066479
2066480
2066482
2066483
2066484
2066485
2066486
2066487
2066488
2066490
2066491
2066492
2066493
2066494
2066495
2066496
2066500
2066501
2066502
2066503
2066504
2066505
2066506
2066507
2066509
2066510
2066511
2066512
2066513
2066514
2066515
2066517
2066518
2066519
2066520
2066521
2066522
2066523
2066525
2066526
2066527
2066528
2066529
2066530
2066531
2066533
2066534
2066535
2066536
2066537
2066538
2066539
2066565
2066566
2066567
2066568
2066569
2066570
2066571
2066572
2066573
2066574
2066575
2066577
2066578
2066579
2066580
2066581
2066582
2066583
2066585
2066586
2066587
2066588
2066589
2066590
2066591
2066593
2066594
2066595
2066596
2066597
2066598
2066599
2066601
2066602
2066603
2066604
2066605
2066606
2066607
2066611
2066612
2066613
2066614
2066615
2066616
2066617
2066619
2066620
2066621
2066622
2066623
2066624
2066625
2066627
2066628
2066629
2066630
2066631
2066632
2066633
2066635
2066636
2066637
2066638
2066639
2066640
2066641
2066647
2066648
2066649
2066650
2066651
2066652
2066653
2066655
2066656
2066657
2066658
2066659
2066660
2066661
2066663
2066664
2066665
2066666
2066667
2066668
2066669
2066671
2066672
2066673
2066674
2066675
2066676
2066677
2066686
2066687
2066688
2066689
2066690
2066691
2066692
2066694
2066695
2066696
2066697
2066698
2066699
2066700
2066702
2066703
2066704
2066705
2066706
2066707
2066708
2066710
2066711
2066712
2066713
2066714
2066715
2066716
2066734
2066735
2066736
2066737
2066738
2066739
2066740
2066741
2066742
2066743
2066744
2066745
2066746
2066747
2066748
2066749
2066750
2066751
2066752
2066753
2066754
2066755
2066770
2066771
2066772
2066773
2066774
2066775
2066776
2066778
2066779
2066780
2066781
2066782
2066783
2066784
2066786
2066787
2066788
2066789
2066790
2066791
2066792
2066794
2066795
2066796
2066797
2066798
2066799
2066800
2066824
2066825
2066834
2066835
2066836
2066837
2066838
2066839
2066840
2066842
2066843
2066844
2066845
2066846
2066847
2066848
2066850
2066851
2066852
2066853
2066854
2066855
2066856
2066877
2066878
2066879
2066880
2066881
2066882
2066883
2066885
2066886
2066887
2066888
2066889
2066890
2066891
2066893
2066894
2066895
2066896
2066897
2066898
2066899
2066901
2066902
2066903
2066904
2066905
2066906
2066907
2066915
2066916
2066917
2066918
2066919
2066940
2066941
2066942
2066943
2066944
2066945
2066946
2066948
2066949
2066950
2066951
2066952
2066953
2066954
2066956
2066957
2066958
2066959
2066960
2066961
2066962
2066964
2066965
2066966
2066967
2066968
2066969
2066970
2066981
2066982
2066983
2066997
2066998
2066999
2067000
2067001
2067002
2067003
2067005
2067006
2067007
2067008
2067009
2067010
2067011
2067013
2067014
2067015
2067016
2067017
2067018
2067019
2067021
2067022
2067023
2067024
2067025
2067026
2067027
2067035
2067036
2067037
2067038
2067039
2067040
2067041
2067043
2067044
2067045
2067046
2067047
2067048
2067049
2067051
2067052
2067053
2067054
2067055
2067056
2067057
2067059
2067060
2067061
2067062
2067063
2067064
2067065
2067075
2067076
2067077
2067078
2067079
2067080
2067082
2067083
2067084
2067085
2067086
2067087
2067088
2067090
2067091
2067092
2067093
2067094
2067095
2067096
2067098
2067099
2067100
2067102
2067111
2067112
2067113
2067114
2067115
2067116
2067172
2067173
2067174
2067175
2067176
2067177
2067178
2067179
2067180
2067181
2067182
2067183
2067184
2067185
2067273
2067274
2067275
2067276
2067277
2067278
2067279
2067281
2067282
2067283
2067284
2067285
2067286
2067287
2067289
2067290
2067291
2067292
2067293
2067294
2067295
2067297
2067298
2067299
2067300
2067301
2067302
2067303
2067305
2067306
2067307
2067308
2067309
2067310
2067311
2067313
2067314
2067315
2067316
2067317
2067318
2067319
2067321
2067322
2067323
2067324
2067325
2067326
2067327
2067329
2067330
2067331
2067332
2067333
2067334
2067335
2067357
2067358
2067360
2067361
2067362
2067363
2067364
2067365
2067366
2067368
2067369
2067370
2067371
2067372
2067373
2067374
2067376
2067377
2067378
2067379
2067380
2067381
2067382
2067384
2067385
2067386
2067387
2067388
2067389
2067390
2067393
2067395
2067396
2067398
2067399
2067400
2067401
2067402
2067403
2067404
2067406
2067407
2067408
2067409
2067410
2067411
2067412
2067414
2067415
2067416
2067417
2067418
2067419
2067420
2067422
2067423
2067424
2067425
2067426
2067427
2067428
2067433
2067434
2067435
2067436
2067437
2067438
2067439
2067440
2067441
2067442
2067443
2067444
2067445
2067446
2067448
2067449
2067450
2067451
2067452
2067453
2067454
2067456
2067457
2067458
2067459
2067460
2067461
2067462
2067464
2067465
2067466
2067467
2067468
2067469
2067470
2067476
2067477
2067478
2067479
2067480
2067481
2067482
2067484
2067485
2067486
2067487
2067488
2067489
2067490
2067492
2067493
2067494
2067495
2067496
2067497
2067498
2067500
2067501
2067502
2067503
2067504
2067505
2067506
2067519
2067520
2067521
2067522
2067526
2067527
2067529
2067530
2067531
2067532
2067533
2067534
2067535
2067536
2067537
2067538
2067540
2067541
2067542
2067543
2067544
2067545
2067546
2067548
2067549
2067550
2067551
2067552
2067553
2067554
2067556
2067557
2067558
2067559
2067560
2067561
2067562
2067564
2067565
2067566
2067567
2067568
2067569
2067570
2067574
2067575
2067579
2067581
2067582
2067583
2067584
2067585
2067586
2067589
2067590
2067591
2067592
2067593
2067594
2067595
2067597
2067598
2067599
2067600
2067601
2067602
2067603
2067605
2067606
2067607
2067608
2067609
2067610
2067611
2067616
2067617
2067618
2067619
2067620
2067621
2067622
2067624
2067625
2067626
2067627
2067628
2067629
2067630
2067632
2067633
2067634
2067635
2067636
2067637
2067638
2067640
2067641
2067642
2067643
2067644
2067645
2067646
2067658
2067659
2067660
2067661
2067662
2067663
2067664
2067666
2067667
2067668
2067669
2067670
2067671
2067672
2067674
2067675
2067676
2067677
2067678
2067679
2067680
2067682
2067683
2067684
2067685
2067686
2067687
2067688
2067692
2067693
2067697
2067699
2067700
2067701
2067702
2067703
2067704
2067705
2067706
2067707
2067708
2067709
2067710
2067711
2067713
2067714
2067716
2067717
2067718
2067719
2067720
2067721
2067722
2067724
2067725
2067726
2067727
2067728
2067729
2067730
2067732
2067733
2067734
2067735
2067736
2067737
2067738
2067740
2067741
2067742
2067743
2067744
2067745
2067746
2067748
2067749
2067750
2067751
2067752
2067753
2067754
2067756
2067757
2067758
2067759
2067760
2067761
2067762
2067764
2067765
2067766
2067767
2067768
2067769
2067770
2067772
2067773
2067774
2067775
2067776
2067777
2067778
2067783
2067784
2067786
2067787
2067788
2067789
2067790
2067791
2067792
2067794
2067795
2067796
2067797
2067798
2067799
2067800
2067802
2067803
2067804
2067805
2067806
2067807
2067808
2067810
2067811
2067812
2067813
2067814
2067815
2067816
2067820
2067821
2067822
2067823
2067824
2067825
2067826
2067827
2067829
2067830
2067831
2067832
2067833
2067834
2067835
2067837
2067838
2067839
2067840
2067841
2067842
2067843
2067845
2067846
2067847
2067848
2067849
2067850
2067851
2067853
2067854
2067855
2067856
2067857
2067858
2067859
2067861
2067862
2067863
2067864
2067865
2067866
2067867
2067869
2067870
2067871
2067872
2067873
2067874
2067875
2067877
2067878
2067879
2067880
2067881
2067882
2067883
2067885
2067886
2067887
2067888
2067889
2067890
2067891
2067897
2067898
2067899
2067900
2067901
2067902
2067903
2067905
2067906
2067907
2067908
2067909
2067910
2067911
2067913
2067914
2067915
2067916
2067917
2067918
2067919
2067921
2067922
2067923
2067924
2067925
2067926
2067927
2067941
2067942
2067943
2067944
2067945
2067946
2067947
2067967
2067968
2067969
2067970
2067971
2067972
2067973
2067987
2067988
2067989
2067990
2067991
2067992
2067993
2067995
2067996
2067997
2067998
2067999
2068000
2068001
2068003
2068004
2068005
2068006
2068007
2068008
2068009
2068015
2068016
2068017
2068018
2068019
2068020
2068021
2068022
2068023
2068024
2068025
2068026
2068027
2068028
2068029
2068030
2068031
2068032
2068034
2068035
2068040
2068041
2068042
2068043
2068044
2068045
2068046
2068048
2068049
2068050
2068051
2068052
2068053
2068054
2068056
2068057
2068058
2068059
2068060
2068061
2068062
2068064
2068065
2068066
2068067
2068068
2068069
2068070
2068074
2068075
2068076
2068077
2068078
2068079
2068080
2068082
2068083
2068084
2068085
2068086
2068087
2068088
2068090
2068091
2068092
2068093
2068094
2068095
2068096
2068109
2068110
2068111
2068112
2068113
2068114
2068115
2068117
2068118
2068119
2068120
2068121
2068122
2068123
2068125
2068126
2068127
2068128
2068129
2068130
2068131
2068133
2068134
2068136
2068137
2068138
2068139
2068157
2068158
2068159
2068160
2068161
2068162
2068163
2068164
2068165
2068166
2068167
2068206
2068207
2068208
2068209
2068210
2068211
2068213
2068309
2068310
2068311
2068312
2068313
2068314
2068315
2068317
2068318
2068319
2068320
2068321
2068322
2068323
2068325
2068326
2068327
2068328
2068329
2068330
2068331
2068333
2068334
2068335
2068336
2068337
2068338
2068339
2068345
2068346
2068347
2068348
2068349
2068350
2068351
2068353
2068355
2068356
2068357
2068358
2068359
2068360
2068361
2068363
2068364
2068365
2068366
2068367
2068368
2068369
2068371
2068372
2068373
2068374
2068375
2068376
2068377
2068386
2068387
2068388
2068389
2068390
2068391
2068392
2068393
2068395
2068396
2068397
2068398
2068399
2068400
2068401
2068403
2068404
2068405
2068406
2068407
2068408
2068409
2068411
2068412
2068413
2068414
2068415
2068416
2068417
2068419
2068421
2068432
2068433
2068434
2068435
2068436
2068437
2068438
2068440
2068441
2068442
2068443
2068444
2068445
2068446
2068448
2068449
2068450
2068451
2068452
2068453
2068454
2068456
2068457
2068458
2068459
2068460
2068461
2068462
2068466
2068467
2068468
2068469
2068470
2068471
2068472
2068473
2068474
2068475
2068476
2068477
2068478
2068479
2068480
2068481
2068482
2068483
2068485
2068486
2068487
2068488
2068489
2068490
2068491
2068493
2068494
2068495
2068496
2068497
2068498
2068499
2068501
2068502
2068503
2068504
2068505
2068506
2068507
2068509
2068510
2068511
2068512
2068513
2068514
2068515
2068519
2068520
2068521
2068522
2068523
2068524
2068560
2068561
2068562
2068563
2068564
2068565
2068566
2068568
2068569
2068570
2068571
2068572
2068573
2068574
2068576
2068577
2068578
2068579
2068580
2068581
2068582
2068584
2068585
2068586
2068587
2068588
2068589
2068590
2068659
2068660
2068661
2068662
2068663
2068664
2068666
2068667
2068668
2068669
2068670
2068671
2068672
2068674
2068675
2068676
2068677
2068678
2068679
2068680
2068682
2068683
2068684
2068685
2068686
2068687
2068688
2068690
2068691
2068692
2068693
2068694
2068695
2068696
2068700
2068701
2068702
2068703
2068704
2068705
2068706
2068707
2068708
2068709
2068710
2068711
2068712
2068717
2068718
2068719
2068720
2068721
2068722
2068724
2068725
2068726
2068727
2068728
2068729
2068730
2068735
2068736
2068737
2068738
2068739
2068740
2068741
2068744
2068745
2068746
2068747
2068748
2068750
2068751
2068752
2068753
2068754
2068755
2068756
2068758
2068759
2068760
2068761
2068762
2068763
2068764
2068766
2068767
2068768
2068769
2068770
2068771
2068772
2068774
2068775
2068776
2068777
2068778
2068779
2068780
2068787
2068788
2068789
2068790
2068791
2068792
2068793
2068795
2068796
2068797
2068798
2068799
2068800
2068801
2068803
2068804
2068805
2068806
2068807
2068808
2068809
2068811
2068812
2068813
2068814
2068815
2068816
2068817
2068823
2068824
2068825
2068826
2068827
2068828
2068829
2068831
2068832
2068833
2068834
2068835
2068836
2068837
2068839
2068840
2068841
2068842
2068843
2068844
2068845
2068847
2068848
2068849
2068850
2068851
2068852
2068853
2068856
2068857
2068858
2068859
2068860
2068861
2068862
2068864
2068865
2068866
2068867
2068868
2068869
2068870
2068872
2068873
2068874
2068875
2068876
2068877
2068878
2068880
2068881
2068882
2068883
2068884
2068885
2068886
2068888
2068889
2068890
2068891
2068892
2068893
2068894
2068895
2068896
2068897
2068898
2068899
2068900
2068902
2068903
2068904
2068905
2068906
2068907
2068908
2068910
2068911
2068912
2068913
2068914
2068915
2068916
2068927
2068928
2068929
2068930
2068932
2068933
2068934
2068935
2068936
2068937
2068938
2068939
2068940
2068941
2068942
2068943
2068944
2068945
2068946
2068947
2068948
2068949
2068951
2068952
2068953
2068954
2068955
2068956
2068957
2068959
2068960
2068961
2068962
2068963
2068964
2068965
2068967
2068968
2068969
2068970
2068971
2068972
2068973
2068975
2068976
2068977
2068978
2068979
2068980
2068981
2068985
2068987
2068988
2068989
2068990
2068991
2068992
2068993
2068994
2068995
2068996
2068997
2068999
2069000
2069001
2069002
2069003
2069004
2069005
2069007
2069008
2069009
2069010
2069011
2069012
2069013
2069015
2069016
2069017
2069018
2069019
2069020
2069021
2069023
2069024
2069025
2069026
2069027
2069028
2069029
2069033
2069034
2069036
2069037
2069038
2069039
2069040
2069041
2069042
2069044
2069045
2069046
2069047
2069048
2069049
2069050
2069052
2069053
2069054
2069055
2069056
2069057
2069058
2069060
2069061
2069062
2069063
2069064
2069065
2069066
2069070
2069071
2069072
2069073
2069074
2069075
2069076
2069078
2069079
2069080
2069081
2069082
2069083
2069084
2069086
2069087
2069088
2069089
2069090
2069091
2069092
2069094
2069095
2069096
2069097
2069098
2069099
2069100
2069102
2069103
2069104
2069105
2069106
2069107
2069108
2069110
2069111
2069112
2069113
2069114
2069115
2069116
2069120
2069121
2069123
2069124
2069125
2069126
2069127
2069128
2069129
2069131
2069132
2069133
2069134
2069135
2069136
2069137
2069139
2069140
2069141
2069142
2069143
2069144
2069145
2069147
2069148
2069149
2069150
2069151
2069152
2069153
2069155
2069156
2069157
2069158
2069159
2069160
2069161
2069163
2069178
2069179
2069180
2069181
2069182
2069183
2069184
2069185
2069186
2069187
2069188
2069189
2069190
2069191
2069207
2069208
2069209
2069278
2069279
2069280
2069281
2069282
2069283
2069284
2069286
2069287
2069288
2069289
2069290
2069291
2069292
2069294
2069295
2069296
2069297
2069298
2069299
2069300
2069313
2069314
2069315
2069316
2069317
2069318
2069319
2069321
2069322
2069323
2069324
2069325
2069326
2069327
2069329
2069330
2069331
2069332
2069333
2069334
2069335
2069337
2069338
2069339
2069340
2069341
2069342
2069343
2069345
2069346
2069347
2069348
2069349
2069350
2069351
2069353
2069354
2069355
2069356
2069357
2069358
2069359
2069361
2069362
2069363
2069364
2069365
2069366
2069367
2069369
2069370
2069371
2069372
2069373
2069374
2069375
2069377
2069378
2069379
2069380
2069381
2069382
2069383
2069385
2069386
2069387
2069388
2069389
2069390
2069391
2069393
2069394
2069395
2069396
2069397
2069398
2069399
2069402
2069403
2069404
2069405
2069406
2069407
2069408
2069410
2069411
2069412
2069413
2069414
2069415
2069416
2069418
2069419
2069420
2069421
2069422
2069423
2069424
2069426
2069427
2069428
2069429
2069430
2069431
2069432
2069434
2069435
2069436
2069437
2069438
2069439
2069440
2069442
2069443
2069444
2069445
2069446
2069447
2069448
2069450
2069451
2069452
2069453
2069454
2069455
2069456
2069458
2069459
2069460
2069461
2069462
2069463
2069464
2069466
2069467
2069468
2069469
2069470
2069471
2069472
2069474
2069475
2069476
2069477
2069478
2069479
2069480
2069482
2069483
2069484
2069485
2069486
2069487
2069488
2069490
2069491
2069492
2069493
2069494
2069495
2069496
2069502
2069503
2069504
2069505
2069506
2069507
2069508
2069510
2069511
2069512
2069513
2069514
2069515
2069516
2069518
2069519
2069520
2069521
2069522
2069523
2069524
2069526
2069527
2069528
2069529
2069530
2069531
2069532
2069534
2069535
2069536
2069537
2069538
2069539
2069540
2069542
2069543
2069544
2069545
2069546
2069547
2069548
2069550
2069551
2069552
2069553
2069554
2069555
2069556
2069560
2069561
2069567
2069568
2069569
2069570
2069571
2069572
2069573
2069574
2069575
2069576
2069577
2069578
2069579
2069580
2069616
2069617
2069618
2069619
2069620
2069621
2069622
2069624
2069625
2069626
2069627
2069628
2069629
2069630
2069632
2069633
2069634
2069635
2069636
2069637
2069638
2069640
2069641
2069642
2069643
2069644
2069645
2069646
2069652
2069654
2069655
2069656
2069657
2069658
2069659
2069660
2069662
2069663
2069664
2069665
2069666
2069667
2069668
2069670
2069671
2069672
2069673
2069674
2069675
2069676
2069678
2069679
2069680
2069681
2069682
2069683
2069684
2069698
2069699
2069700
2069701
2069702
2069703
2069704
2069706
2069707
2069708
2069709
2069710
2069711
2069712
2069714
2069715
2069716
2069717
2069718
2069719
2069720
2069722
2069723
2069724
2069725
2069726
2069727
2069728
2069736
2069737
2069738
2069739
2069740
2069741
2069742
2069744
2069745
2069746
2069747
2069748
2069749
2069750
2069752
2069753
2069754
2069755
2069756
2069757
2069758
2069797
2069798
2069799
2069800
2069801
2069802
2069803
2069805
2069806
2069807
2069808
2069809
2069810
2069811
2069813
2069814
2069815
2069816
2069817
2069818
2069819
2069821
2069822
2069823
2069824
2069825
2069826
2069827
2069833
2069834
2069835
2069836
2069837
2069838
2069839
2069841
2069842
2069843
2069844
2069845
2069846
2069847
2069849
2069850
2069851
2069852
2069853
2069854
2069855
2069857
2069858
2069859
2069860
2069861
2069862
2069863
2069877
2069878
2069879
2069880
2069881
2069882
2069883
2069885
2069886
2069887
2069888
2069889
2069890
2069891
2069893
2069894
2069895
2069896
2069897
2069898
2069899
2069902
2069903
2069904
2069905
2069906
2069907
2069908
2069910
2069911
2069912
2069913
2069914
2069915
2069916
2069918
2069919
2069920
2069921
2069922
2069923
2069924
2069932
2069933
2069934
2069935
2069936
2069937
2069938
2069940
2069941
2069942
2069943
2069944
2069945
2069946
2069948
2069949
2069950
2069951
2069952
2069953
2069954
2069960
2069961
2069962
2069963
2069964
2069965
2069966
2069968
2069969
2069970
2069971
2069972
2069973
2069974
2069976
2069977
2069978
2069979
2069980
2069981
2069982
2069984
2069985
2069986
2069987
2069988
2069989
2069990
2069991
2069992
2069993
2069994
2069995
2069996
2069997
2069998
2069999
2070000
2070001
2070002
2070003
2070004
2070005
2070006
2070007
2070008
2070009
2070010
2070011
2070012
2070013
2070014
2070015
2070022
2070023
2070024
2070025
2070026
2070027
2070028
2070030
2070031
2070032
2070033
2070034
2070035
2070036
2070038
2070039
2070040
2070041
2070042
2070043
2070044
2070046
2070047
2070048
2070049
2070050
2070051
2070052
2070054
2070055
2070056
2070057
2070058
2070059
2070060
2070062
2070063
2070064
2070065
2070066
2070067
2070068
2070070
2070071
2070072
2070073
2070074
2070075
2070076
2070084
2070085
2070086
2070087
2070096
2070186
2070187
2070188
2070189
2070190
2070191
2070192
2070194
2070195
2070196
2070197
2070198
2070199
2070200
2070202
2070203
2070204
2070205
2070206
2070207
2070208
2070210
2070211
2070212
2070213
2070214
2070215
2070216
2070221
2070222
2070223
2070224
2070225
2070226
2070227
2070229
2070230
2070231
2070232
2070233
2070234
2070235
2070237
2070238
2070239
2070240
2070241
2070242
2070243
2070245
2070246
2070247
2070248
2070249
2070250
2070251
2070253
2070254
2070255
2070256
2070257
2070258
2070259
2070261
2070262
2070263
2070264
2070265
2070266
2070267
2070269
2070270
2070271
2070272
2070273
2070274
2070275
2070280
2070281
2070282
2070283
2070284
2070285
2070286
2070287
2070288
2070289
2070290
2070291
2070292
2070293
2070294
2070295
2070296
2070322
2070323
2070324
2070325
2070326
2070327
2070328
2070330
2070331
2070332
2070333
2070334
2070335
2070336
2070338
2070339
2070340
2070341
2070342
2070343
2070344
2070346
2070347
2070348
2070349
2070350
2070351
2070352
2070356
2070357
2070361
2070362
2070363
2070364
2070365
2070366
2070367
2070369
2070370
2070371
2070372
2070373
2070374
2070375
2070377
2070378
2070379
2070380
2070381
2070382
2070383
2070385
2070386
2070387
2070388
2070389
2070390
2070391
2070395
2070396
2070397
2070398
2070399
2070400
2070401
2070403
2070404
2070405
2070406
2070407
2070408
2070409
2070411
2070412
2070413
2070414
2070415
2070416
2070417
2070421
2070422
2070423
2070424
2070425
2070426
2070427
2070428
2070429
2070430
2070431
2070433
2070434
2070435
2070436
2070437
2070438
2070439
2070440
2070441
2070442
2070443
2070444
2070445
2070447
2070448
2070449
2070451
2070452
2070453
2070454
2070455
2070456
2070457
2070459
2070460
2070461
2070462
2070463
2070464
2070465
2070467
2070468
2070469
2070470
2070471
2070472
2070473
2070475
2070476
2070477
2070478
2070479
2070480
2070481
2070485
2070486
2070487
2070488
2070489
2070490
2070504
2070505
2070506
2070507
2070508
2070509
2070510
2070512
2070513
2070514
2070515
2070516
2070517
2070518
2070520
2070521
2070522
2070523
2070524
2070525
2070526
2070528
2070529
2070530
2070531
2070532
2070533
2070534
2070538
2070539
2070540
2070541
2070542
2070543
2070544
2070546
2070547
2070548
2070549
2070550
2070551
2070552
2070554
2070555
2070556
2070557
2070558
2070559
2070560
2070562
2070563
2070564
2070565
2070566
2070567
2070568
2070570
2070571
2070572
2070573
2070574
2070575
2070576
2070579
2070580
2070581
2070582
2070583
2070584
2070585
2070586
2070587
2070588
2070589
2070590
2070591
2070592
2070593
2070594
2070595
2070596
2070597
2070598
2070599
2070600
2070601
2070602
2070603
2070604
2070605
2070607
2070608
2070609
2070610
2070611
2070612
2070613
2070615
2070616
2070617
2070618
2070619
2070620
2070621
2070623
2070624
2070625
2070626
2070627
2070628
2070629
2070631
2070632
2070633
2070634
2070635
2070636
2070637
2070639
2070640
2070641
2070642
2070643
2070644
2070645
2070647
2070648
2070649
2070650
2070651
2070652
2070653
2070655
2070656
2070657
2070658
2070659
2070660
2070661
2070663
2070664
2070665
2070666
2070667
2070668
2070669
2070675
2070676
2070677
2070678
2070679
2070680
2070681
2070683
2070684
2070685
2070686
2070687
2070688
2070689
2070691
2070692
2070693
2070694
2070695
2070696
2070697
2070699
2070700
2070701
2070702
2070703
2070704
2070705
2070707
2070708
2070709
2070710
2070711
2070712
2070713
2070715
2070716
2070717
2070718
2070719
2070720
2070721
2070723
2070724
2070725
2070726
2070727
2070728
2070729
2070733
2070735
2070736
2070737
2070738
2070739
2070740
2070744
2070746
2070747
2070748
2070749
2070750
2070751
2070752
2070753
2070754
2070755
2070756
2070757
2070758
2070759
2070772
2070773
2070780
2070781
2070782
2070783
2070784
2070785
2070786
2070787
2070788
2070789
2070790
2070791
2070792
2070793
2070794
2070795
2070796
2070797
2070798
2070799
2070800
2070803
2070804
2070805
2070806
2070807
2070809
2070810
2070811
2070812
2070813
2070814
2070815
2070817
2070818
2070819
2070820
2070821
2070822
2070823
2070825
2070826
2070827
2070828
2070829
2070830
2070831
2070835
2070836
2070845
2070846
2070847
2070848
2070849
2070850
2070851
2070853
2070854
2070855
2070856
2070857
2070858
2070859
2070861
2070862
2070863
2070864
2070865
2070866
2070867
2070869
2070870
2070871
2070872
2070873
2070874
2070875
2070888
2070889
2070890
2070891
2070892
2070893
2070895
2070896
2070897
2070898
2070899
2070900
2070901
2070903
2070904
2070905
2070906
2070907
2070908
2070909
2070911
2070912
2070913
2070914
2070915
2070916
2070917
2070919
2070920
2070921
2070922
2070923
2070924
2070925
2070929
2070930
2070931
2070932
2070933
2070934
2070935
2070936
2070937
2070960
2070961
2070962
2070963
2070964
2070965
2070966
2070968
2070969
2070970
2070971
2070972
2070973
2070974
2070976
2070977
2070978
2070979
2070980
2070981
2070982
2070984
2070985
2070986
2070987
2070988
2070989
2070990
2070994
2070995
2070996
2070997
2070998
2070999
2071000
2071002
2071003
2071004
2071005
2071006
2071007
2071008
2071010
2071011
2071012
2071013
2071014
2071015
2071016
2071018
2071019
2071020
2071021
2071022
2071023
2071024
2071027
2071028
2071029
2071030
2071031
2071032
2071033
2071036
2071037
2071038
2071039
2071040
2071041
2071042
2071043
2071044
2071045
2071046
2071047
2071048
2071049
2071050
2071051
2071052
2071053
2071054
2071055
2071056
2071057
2071058
2071059
2071060
2071061
2071062
2071063
2071064
2071065
2071066
2071085
2071086
2071087
2071088
2071089
2071090
2071091
2071092
2071095
2071096
2071097
2071098
2071099
2071100
2071101
2071103
2071104
2071105
2071106
2071107
2071108
2071109
2071111
2071112
2071113
2071114
2071115
2071116
2071117
2071121
2071122
2071123
2071124
2071125
2071126
2071127
2071129
2071130
2071131
2071132
2071133
2071134
2071135
2071137
2071138
2071140
2071172
2071173
2071179
2071180
2071181
2071182
2071183
2071184
2071185
2071187
2071188
2071189
2071190
2071191
2071192
2071193
2071195
2071196
2071197
2071198
2071199
2071200
2071201
2071203
2071204
2071205
2071206
2071207
2071208
2071209
2071213
2071214
2071216
2071217
2071218
2071219
2071220
2071221
2071222
2071224
2071225
2071226
2071227
2071228
2071229
2071230
2071232
2071233
2071234
2071235
2071236
2071237
2071238
2071240
2071241
2071242
2071243
2071244
2071245
2071246
2071250
2071251
2071252
2071253
2071254
2071255
2071256
2071258
2071259
2071260
2071261
2071262
2071263
2071264
2071266
2071267
2071268
2071269
2071270
2071271
2071272
2071274
2071275
2071276
2071277
2071278
2071279
2071280
2071282
2071283
2071284
2071285
2071286
2071287
2071288
2071290
2071291
2071292
2071293
2071294
2071295
2071296
2071298
2071299
2071300
2071301
2071302
2071303
2071304
2071306
2071307
2071308
2071309
2071310
2071311
2071312
2071325
2071326
2071327
2071328
2071329
2071330
2071331
2071332
2071333
2071334
2071335
2071336
2071337
2071338
2071339
2071340
2071341
2071342
2071343
2071345
2071346
2071347
2071349
2071350
2071351
2071352
2071353
2071354
2071355
2071356
2071357
2071358
2071359
2071360
2071361
2071362
2071368
2071369
2071370
2071371
2071372
2071374
2071375
2071376
2071377
2071378
2071379
2071380
2071381
2071382
2071383
2071384
2071385
2071386
2071387
2071388
2071389
2071390
2071391
2071392
2071395
2071396
2071397
2071399
2071400
2071401
2071402
2071403
2071404
2071405
2071406
2071408
2071409
2071410
2071411
2071412
2071413
2071414
2071419
2071420
2071421
2071422
2071423
2071424
2071425
2071426
2071428
2071429
2071431
2071432
2071433
2071434
2071435
2071436
2071437
2071438
2071439
2071440
2071441
2071442
2071443
2071444
2071448
2071449
2071450
2071451
2071452
2071453
2071454
2071456
2071457
2071458
2071459
2071460
2071461
2071462
2071464
2071465
2071466
2071467
2071468
2071469
2071470
2071472
2071473
2071474
2071475
2071476
2071477
2071478
2071489
2071490
2071491
2071492
2071493
2071494
2071495
2071497
2071498
2071499
2071500
2071501
2071502
2071503
2071505
2071506
2071507
2071508
2071509
2071510
2071511
2071513
2071514
2071515
2071516
2071517
2071518
2071519
2071525
2071526
2071527
2071528
2071529
2071530
2071531
2071533
2071534
2071535
2071536
2071537
2071538
2071539
2071541
2071542
2071543
2071544
2071545
2071546
2071547
2071549
2071550
2071551
2071552
2071553
2071554
2071555
2071559
2071560
2071561
2071562
2071563
2071564
2071565
2071567
2071568
2071569
2071570
2071571
2071572
2071573
2071575
2071576
2071577
2071578
2071579
2071580
2071581
2071583
2071584
2071585
2071586
2071587
2071588
2071589
2071591
2071592
2071593
2071594
2071595
2071596
2071597
2071599
2071600
2071601
2071602
2071603
2071604
2071605
2071607
2071608
2071609
2071610
2071611
2071612
2071613
2071615
2071616
2071617
2071618
2071619
2071620
2071621
2071625
2071626
2071627
2071628
2071629
2071630
2071631
2071633
2071634
2071635
2071636
2071637
2071638
2071639
2071641
2071642
2071643
2071644
2071645
2071646
2071647
2071649
2071650
2071651
2071652
2071653
2071654
2071655
2071657
2071658
2071659
2071660
2071661
2071662
2071663
2071665
2071666
2071667
2071668
2071669
2071670
2071671
2071673
2071674
2071675
2071676
2071677
2071678
2071679
2071681
2071682
2071683
2071684
2071685
2071686
2071687
2071696
2071697
2071698
2071699
2071700
2071701
2071702
2071704
2071705
2071706
2071707
2071708
2071709
2071710
2071712
2071713
2071714
2071715
2071716
2071717
2071718
2071720
2071721
2071722
2071723
2071724
2071725
2071726
2071730
2071731
2071732
2071733
2071734
2071735
2071736
2071738
2071739
2071740
2071741
2071742
2071743
2071744
2071746
2071747
2071748
2071749
2071750
2071751
2071752
2071754
2071755
2071756
2071757
2071758
2071759
2071760
2071764
2071765
2071766
2071767
2071768
2071769
2071770
2071772
2071773
2071774
2071775
2071776
2071777
2071778
2071780
2071781
2071782
2071783
2071784
2071785
2071786
2071788
2071789
2071790
2071791
2071792
2071793
2071794
2071799
2071800
2071801
2071802
2071803
2071804
2071805
2071807
2071808
2071809
2071810
2071811
2071812
2071813
2071815
2071816
2071817
2071818
2071819
2071820
2071821
2071823
2071824
2071825
2071826
2071827
2071828
2071829
2071837
2071838
2071839
2071840
2071841
2071842
2071843
2071845
2071846
2071847
2071848
2071849
2071850
2071851
2071853
2071854
2071855
2071856
2071857
2071858
2071859
2071861
2071862
2071863
2071864
2071865
2071866
2071867
2071870
2071871
2071872
2071873
2071874
2071875
2071876
2071886
2071897
2071898
2071899
2071900
2071901
2071902
2071903
2071905
2071906
2071907
2071908
2071909
2071910
2071911
2071913
2071914
2071915
2071916
2071917
2071918
2071919
2071921
2071922
2071923
2071924
2071925
2071926
2071927
2071929
2071930
2071931
2071932
2071933
2071934
2071935
2071937
2071938
2071939
2071940
2071941
2071943
2071944
2071945
2071947
2071948
2071949
2071950
2071951
2071952
2071953
2071954
2071955
2071956
2071957
2071958
2071959
2071960
2071962
2071963
2071964
2071965
2071966
2071967
2071968
2071970
2071971
2071972
2071973
2071974
2071975
2071976
2071978
2071979
2071980
2071981
2071982
2071983
2071984
2071986
2071987
2071988
2071989
2071990
2071991
2071992
2071994
2071995
2071996
2071997
2071998
2071999
2072000
2072002
2072003
2072004
2072005
2072006
2072007
2072008
2072010
2072011
2072012
2072013
2072014
2072015
2072016
2072020
2072021
2072022
2072023
2072024
2072025
2072026
2072028
2072029
2072030
2072031
2072032
2072033
2072034
2072036
2072037
2072038
2072039
2072040
2072041
2072042
2072044
2072045
2072046
2072047
2072048
2072049
2072050
2072054
2072055
2072056
2072057
2072058
2072059
2072060
2072062
2072063
2072064
2072065
2072066
2072067
2072068
2072070
2072071
2072072
2072073
2072074
2072075
2072076
2072078
2072079
2072080
2072081
2072082
2072083
2072084
2072088
2072089
2072090
2072091
2072092
2072093
2072094
2072096
2072097
2072098
2072099
2072100
2072101
2072102
2072104
2072105
2072106
2072107
2072108
2072109
2072110
2072112
2072113
2072114
2072115
2072116
2072117
2072118
2072122
2072123
2072124
2072125
2072126
2072127
2072128
2072130
2072131
2072132
2072133
2072134
2072135
2072136
2072138
2072139
2072140
2072141
2072142
2072143
2072144
2072146
2072147
2072148
2072149
2072150
2072151
2072152
2072154
2072155
2072156
2072157
2072158
2072159
2072160
2072162
2072163
2072164
2072165
2072166
2072167
2072168
2072170
2072171
2072172
2072173
2072174
2072175
2072176
2072178
2072179
2072180
2072181
2072182
2072183
2072184
2072186
2072187
2072188
2072189
2072190
2072191
2072192
2072194
2072195
2072196
2072197
2072198
2072199
2072200
2072202
2072203
2072204
2072205
2072206
2072207
2072208
2072210
2072211
2072212
2072213
2072214
2072215
2072216
2072218
2072219
2072220
2072221
2072222
2072223
2072224
2072226
2072227
2072228
2072229
2072230
2072231
2072232
2072234
2072235
2072236
2072237
2072238
2072239
2072240
2072242
2072243
2072244
2072245
2072246
2072247
2072248
2072252
2072253
2072254
2072255
2072256
2072257
2072258
2072259
2072260
2072261
2072262
2072263
2072264
2072265
2072266
2072267
2072268
2072269
2072271
2072272
2072273
2072274
2072275
2072276
2072277
2072279
2072280
2072281
2072282
2072283
2072284
2072285
2072287
2072288
2072289
2072290
2072291
2072292
2072293
2072295
2072296
2072297
2072298
2072299
2072300
2072301
2072303
2072304
2072305
2072306
2072307
2072308
2072309
2072311
2072312
2072313
2072314
2072315
2072316
2072317
2072319
2072320
2072321
2072322
2072323
2072324
2072325
2072327
2072328
2072329
2072330
2072331
2072332
2072333
2072335
2072336
2072337
2072338
2072339
2072340
2072341
2072343
2072344
2072345
2072346
2072347
2072348
2072349
2072351
2072352
2072353
2072354
2072355
2072356
2072357
2072359
2072360
2072361
2072362
2072363
2072364
2072365
2072367
2072368
2072369
2072370
2072371
2072372
2072373
2072377
2072378
2072379
2072380
2072381
2072382
2072383
2072384
2072385
2072386
2072387
2072388
2072389
2072390
2072391
2072392
2072393
2072394
2072395
2072396
2072397
2072399
2072400
2072401
2072402
2072403
2072404
2072405
2072407
2072408
2072409
2072410
2072411
2072412
2072413
2072415
2072416
2072417
2072418
2072419
2072420
2072421
2072423
2072424
2072425
2072426
2072427
2072428
2072429
2072433
2072434
2072435
2072436
2072437
2072438
2072439
2072441
2072442
2072443
2072444
2072445
2072446
2072447
2072449
2072450
2072451
2072452
2072453
2072454
2072455
2072457
2072458
2072459
2072460
2072461
2072462
2072463
2072465
2072466
2072467
2072468
2072469
2072470
2072471
2072473
2072474
2072475
2072476
2072477
2072478
2072479
2072481
2072482
2072483
2072484
2072485
2072486
2072487
2072489
2072490
2072491
2072492
2072493
2072494
2072495
2072497
2072498
2072499
2072500
2072501
2072502
2072503
2072505
2072506
2072507
2072508
2072509
2072510
2072511
2072513
2072514
2072515
2072516
2072517
2072518
2072519
2072521
2072522
2072523
2072524
2072525
2072526
2072527
2072529
2072530
2072531
2072532
2072533
2072534
2072535
2072537
2072538
2072539
2072540
2072541
2072542
2072543
2072545
2072546
2072547
2072548
2072549
2072550
2072551
2072553
2072554
2072555
2072556
2072557
2072558
2072559
2072562
2072563
2072564
2072565
2072566
2072567
2072568
2072570
2072571
2072572
2072573
2072574
2072575
2072576
2072578
2072579
2072580
2072581
2072582
2072583
2072584
2072586
2072587
2072588
2072589
2072590
2072591
2072592
2072596
2072597
2072598
2072599
2072600
2072601
2072602
2072604
2072605
2072606
2072607
2072608
2072609
2072610
2072612
2072613
2072614
2072615
2072616
2072617
2072618
2072620
2072621
2072622
2072623
2072624
2072625
2072626
2072628
2072629
2072630
2072631
2072632
2072633
2072634
2072636
2072637
2072638
2072639
2072640
2072641
2072642
2072644
2072645
2072646
2072647
2072648
2072649
2072650
2072652
2072653
2072654
2072655
2072656
2072657
2072658
2072662
2072664
2072665
2072666
2072667
2072668
2072669
2072670
2072672
2072673
2072674
2072675
2072676
2072677
2072678
2072680
2072681
2072682
2072683
2072684
2072685
2072686
2072688
2072689
2072690
2072691
2072692
2072693
2072694
2072696
2072697
2072698
2072699
2072700
2072701
2072702
2072704
2072705
2072706
2072707
2072708
2072709
2072710
2072712
2072713
2072714
2072715
2072716
2072717
2072718
2072720
2072721
2072722
2072723
2072724
2072725
2072727
2072782
2072783
2072784
2072785
2072786
2072787
2072788
2072790
2072791
2072792
2072793
2072794
2072795
2072796
2072798
2072799
2072800
2072801
2072802
2072803
2072804
2072806
2072807
2072808
2072809
2072810
2072811
2072812
2072816
2072817
2072818
2072819
2072820
2072821
2072822
2072824
2072825
2072826
2072827
2072828
2072829
2072830
2072832
2072833
2072834
2072835
2072836
2072837
2072838
2072840
2072841
2072842
2072843
2072844
2072845
2072846
2072850
2072851
2072852
2072853
2072854
2072855
2072856
2072858
2072859
2072860
2072861
2072862
2072863
2072864
2072866
2072867
2072868
2072869
2072870
2072871
2072872
2072874
2072875
2072876
2072877
2072878
2072879
2072880
2072882
2072883
2072884
2072885
2072886
2072887
2072888
2072899
2072900
2072901
2072902
2072903
2072904
2072905
2072907
2072908
2072909
2072910
2072911
2072912
2072913
2072915
2072916
2072917
2072918
2072919
2072920
2072921
2072923
2072924
2072925
2072926
2072927
2072928
2072929
2072932
2072933
2072934
2072935
2072936
2072937
2072938
2072940
2072941
2072942
2072943
2072944
2072945
2072946
2072948
2072949
2072950
2072951
2072952
2072953
2072954
2072956
2072957
2072958
2072959
2072960
2072961
2072962
2072964
2072965
2072966
2072967
2072968
2072969
2072970
2072972
2072973
2072974
2072975
2072976
2072977
2072978
2072980
2072981
2072982
2072983
2072984
2072985
2072986
2072988
2072989
2072990
2072991
2072992
2072993
2072994
2072996
2072997
2072998
2072999
2073000
2073001
2073002
2073003
2073004
2073005
2073006
2073007
2073008
2073009
2073011
2073012
2073013
2073014
2073015
2073016
2073017
2073019
2073020
2073021
2073022
2073023
2073024
2073025
2073027
2073028
2073029
2073030
2073031
2073032
2073033
2073035
2073036
2073037
2073041
2073042
2073043
2073044
2073045
2073046
2073047
2073048
2073049
2073050
2073051
2073052
2073053
2073054
2073055
2073056
2073057
2073058
2073059
2073060
2073061
2073062
2073063
2073064
2073065
2073066
2073067
2073068
2073069
2073070
2073071
2073072
2073102
2073709
2074213
2074367
2074481
2075199
2075243
2075277
2075278
2075346
2075658
2075971
2077221
2077493
2077497
2077501
2077507
2077511
2077527
2077528
2077534
2077538
2077540
2077546
2077600
2077803
2077874
2078079
2078266
2078978
2079055
2079190
2079307
2079598
2079705
2080567
2080622
2080656
2080660
2080664
2080676
2080680
2080682
2080686
2080690
2080692
2080694
2080695
2080699
2080703
2080723
2080725
2080727
2080754
2080772
2080821
2080831
2080839
2080843
2080844
2080858
2080860
2080862
2080864
2080865
2080867
2080869
2080873
2080874
2080875
2080878
2080879
2080881
2080883
2080885
2080887
2080889
2080891
2080893
2080894
2080897
2080898
2080900
2080910
2080911
2080912
2080914
2080915
2080987
2081083
2081294
2081545
2081546
2081548
2081550
2081557
2081575
2081577
2082441
2084138
2085005
2085355
2085862
2086003
2086055
2086056
2086058
2086062
2086063
2086064
2086065
2086066
2086067
2086068
2086073
2086074
2086076
2086077
2086078
2086079
2086087
2086088
2086093
2086095
2086096
2086098
2086104
2086106
2086107
2086108
2086109
2086110
2086111
2086112
2086113
2086123
2086213
2086228
2086244
2086270
2086325
2086385
2087016
2088202
2089501
2090817
2091875
2092288
2092666
2093283
2093888
2094301
2094584
2094881
2094882
2094883
2094893
2094906
2094907
2094916
2095059
2095060
2095061
2095062
2095064
2095065
2095066
2095067
2095202
2095227
2095241
2095283
2095447
2095467
2095477
2095479
2095572
2095764
2095978
2096258
2096586
2096829
2096948
2097104
2097549
2098178
2098881
2099556
2100238
2101417
2101436
2101524
2101543
2101561
2101628
2101676
2101709
2101710
2101711
2101726
2101727
2101728
2101768
2101769
2101770
2101907
2101908
2101909
2101910
2101911
2101912
2101919
2101920
2101921
2101942
2101943
2101944
2101946
2101958
2101960
2101961
2101966
2101967
2101970
2101971
2102001
2102002
2102016
2102017
2102019
2102021
2102029
2102030
2102031
2102032
2102033
2102034
2102035
2102036
2102037
2102040
2102041
2102043
2102044
2102045
2102047
2102049
2102051
2102052
2102053
2102054
2102055
2102065
2102074
2102075
2102076
2102257
2102259
2102503
2102504
2102505
2102506
2102541
2102542
2102543
2102544
2102577
2102611
2102629
2102630
2102853
2102854
2102855
2102857
2102858
2102860
2102870
2102873
2102875
2102876
2102878
2102879
2102881
2102882
2102883
2102884
2102885
2102886
2102887
2102888
2102889
2102890
2102891
2102892
2102893
2102894
2102895
2102896
2102897
2102899
2102900
2102901
2102902
2102903
2102905
2102911
2102942
2102943
2102944
2102949
2102950
2102952
2102953
2102954
2102955
2102956
2102957
2102958
2102959
2102960
2102963
2102976
2102977
2102979
2102980
2102981
2102982
2102983
2102985
2102986
2102987
2102995
2102997
2102998
2103000
2103001
2103002
2103003
2103005
2103006
2103008
2103009
2103012
2103013
2103015
2103016
2103018
2103020
2103021
2103022
2103023
2103024
2103025
2103026
2103027
2103035
2103036
2103038
2103039
2103041
2103042
2103044
2103045
2103049
2103050
2103052
2103053
2103055
2103056
2103058
2103059
2103062
2103063
2103065
2103066
2103068
2103069
2103071
2103072
2103074
2103075
2103077
2103078
2103080
2103081
2103085
2103086
2103087
2103088
2103089
2103090
2103091
2103092
2103093
2103094
2103095
2103096
2103097
2103098
2103099
2103114
2103120
2103121
2103123
2103124
2103126
2103127
2103129
2103130
2103132
2103135
2103136
2103138
2103139
2103141
2103142
2103144
2103145
2103146
2103147
2103156
2103157
2103159
2103160
2103162
2103163
2103165
2103166
2103174
2103175
2103177
2103178
2103180
2103181
2103183
2103184
2103186
2103187
2103188
2103189
2103191
2103192
2103194
2103195
2103197
2103198
2103200
2103201
2103203
2103204
2103205
2103206
2103207
2103208
2103209
2103210
2103211
2103212
2103213
2103214
2103215
2103217
2103218
2103220
2103221
2103223
2103224
2103226
2103227
2103236
2103237
2103239
2103240
2103242
2103243
2103245
2103246
2103248
2103249
2103250
2103251
2103252
2103253
2103254
2103255
2103257
2103258
2103260
2103261
2103263
2103264
2103266
2103267
2103273
2103274
2103276
2103277
2103279
2103280
2103282
2103283
2103285
2103286
2103287
2103288
2103289
2103290
2103291
2103293
2103294
2103296
2103297
2103299
2103300
2103302
2103303
2103305
2103306
2103307
2103308
2103309
2103311
2103312
2103314
2103315
2103317
2103318
2103320
2103321
2103329
2103330
2103331
2103333
2103334
2103336
2103337
2103339
2103340
2103342
2103343
2103358
2103359
2103361
2103362
2103364
2103365
2103367
2103368
2103372
2103373
2103374
2103375
2103376
2103377
2103378
2103379
2103386
2103387
2103389
2103390
2103392
2103393
2103395
2103396
2103401
2103402
2103404
2103405
2103407
2103408
2103410
2103411
2103412
2103413
2103414
2103415
2103416
2103417
2103419
2103420
2103422
2103423
2103425
2103426
2103428
2103429
2103432
2103433
2103434
2103435
2103437
2103439
2103465
2103466
2103468
2103469
2103471
2103472
2103474
2103475
2103477
2103478
2103479
2103487
2103489
2103490
2103492
2103493
2103495
2103496
2103498
2103499
2103501
2103502
2103504
2103505
2103507
2103508
2103510
2103511
2103513
2103514
2103515
2103516
2103517
2103518
2103519
2103521
2103522
2103524
2103525
2103527
2103528
2103530
2103531
2103533
2103534
2103535
2103554
2103555
2103557
2103558
2103560
2103561
2103563
2103564
2103568
2103569
2103571
2103572
2103574
2103575
2103577
2103578
2103580
2103581
2103583
2103584
2103585
2103587
2103588
2103589
2103591
2103592
2103593
2103595
2103596
2103597
2103599
2103600
2103601
2103603
2103604
2103605
2103607
2103608
2103609
2103611
2103612
2103613
2103614
2103615
2103616
2103617
2103618
2103619
2103620
2103621
2103622
2103623
2103624
2103625
2103626
2103627
2103628
2103629
2103632
2103633
2103634
2103636
2103637
2103638
2103640
2103641
2103642
2103644
2103645
2103646
2103648
2103649
2103650
2103652
2103653
2103654
2103656
2103657
2103658
2103675
2103676
2103677
2103678
2103679
2103680
2103681
2103682
2103683
2103684
2103685
2103686
2103687
2103688
2103690
2103691
2103692
2103694
2103695
2103696
2103698
2103699
2103700
2103702
2103703
2103704
2103706
2103707
2103708
2103709
2103715
2103716
2103717
2103719
2103720
2103721
2103723
2103724
2103725
2103727
2103728
2103729
2103736
2103737
2103738
2103740
2103741
2103742
2103744
2103745
2103746
2103748
2103749
2103750
2103753
2103754
2103755
2103756
2103757
2103758
2103759
2103760
2103761
2103762
2103763
2103764
2103765
2103766
2103767
2103768
2103769
2103770
2103771
2103773
2103774
2103775
2103777
2103778
2103779
2103781
2103782
2103783
2103787
2103788
2103790
2103791
2103792
2103794
2103795
2103796
2103798
2103799
2103800
2103801
2103802
2103803
2103804
2103805
2103806
2103807
2103808
2103809
2103810
2103811
2103812
2103813
2103814
2103815
2103816
2103817
2103818
2103820
2103821
2103822
2103824
2103825
2103826
2103828
2103829
2103830
2103832
2103833
2103834
2103856
2103857
2103858
2103860
2103861
2103862
2103864
2103865
2103866
2103868
2103869
2103870
2103872
2103873
2103874
2103876
2103877
2103878
2103880
2103881
2103882
2103884
2103885
2103886
2103888
2103889
2103890
2103891
2103892
2103893
2103894
2103895
2103896
2103897
2103898
2103899
2103900
2103901
2103903
2103904
2103905
2103907
2103908
2103909
2103911
2103912
2103913
2103915
2103916
2103917
2103919
2103920
2103921
2103922
2103924
2103926
2103927
2103928
2103930
2103931
2103932
2103934
2103935
2103936
2103938
2103939
2103940
2103942
2103943
2103952
2103953
2103954
2103956
2103957
2103958
2103960
2103961
2103963
2103964
2103965
2103975
2103976
2103977
2103979
2103980
2103981
2103983
2103984
2103985
2103987
2103988
2103989
2103991
2103992
2103993
2103994
2103995
2103996
2103997
2103999
2104000
2104001
2104003
2104004
2104005
2104007
2104008
2104009
2104011
2104012
2104013
2104015
2104016
2104017
2104019
2104020
2104021
2104023
2104024
2104025
2104027
2104028
2104030
2104036
2104037
2104038
2104039
2104040
2104041
2104042
2104082
2104083
2104084
2104086
2104087
2104088
2104090
2104091
2104092
2104094
2104095
2104096
2104098
2104100
2104101
2104102
2104104
2104105
2104106
2104108
2104109
2104110
2104112
2104113
2104114
2104116
2104117
2104118
2104120
2104121
2104122
2104124
2104125
2104126
2104128
2104129
2104130
2104132
2104133
2104134
2104135
2104137
2104138
2104139
2104141
2104142
2104143
2104145
2104146
2104147
2104149
2104150
2104151
2104153
2104154
2104155
2104157
2104158
2104159
2104161
2104162
2104163
2104165
2104166
2104167
2104169
2104170
2104171
2104173
2104174
2104175
2104177
2104178
2104179
2104181
2104182
2104183
2104185
2104186
2104187
2104188
2104189
2104190
2104191
2104192
2104193
2104194
2104195
2104196
2104197
2104198
2104199
2104201
2104202
2104203
2104205
2104206
2104207
2104209
2104210
2104211
2104213
2104214
2104215
2104217
2104218
2104219
2104221
2104222
2104223
2104228
2104229
2104230
2104232
2104233
2104234
2104236
2104237
2104238
2104240
2104241
2104242
2104244
2104245
2104246
2104247
2104248
2104249
2104250
2104251
2104252
2104253
2104254
2104255
2104256
2104258
2104259
2104260
2104262
2104263
2104264
2104266
2104267
2104268
2104270
2104271
2104272
2104278
2104279
2104280
2104281
2104282
2104284
2104285
2104286
2104288
2104289
2104290
2104292
2104293
2104294
2104296
2104297
2104298
2104300
2104301
2104302
2104303
2104305
2104306
2104307
2104309
2104310
2104311
2104313
2104314
2104315
2104317
2104318
2104319
2104321
2104322
2104323
2104324
2104325
2104327
2104328
2104329
2104331
2104332
2104333
2104335
2104336
2104337
2104339
2104340
2104341
2104345
2104346
2104348
2104349
2104350
2104352
2104353
2104354
2104356
2104357
2104358
2104360
2104361
2104362
2104364
2104365
2104367
2104368
2104369
2104371
2104372
2104373
2104375
2104376
2104377
2104379
2104380
2104381
2104383
2104384
2104385
2104387
2104388
2104389
2104391
2104392
2104393
2104411
2104412
2104413
2104414
2104415
2104416
2104417
2104418
2104419
2104420
2104422
2104423
2104424
2104426
2104427
2104428
2104430
2104431
2104432
2104434
2104435
2104436
2104451
2104452
2104453
2104455
2104456
2104457
2104459
2104460
2104461
2104463
2104464
2104465
2104467
2104468
2104469
2104470
2104471
2104472
2104473
2104475
2104476
2104477
2104479
2104480
2104481
2104483
2104484
2104485
2104487
2104488
2104489
2104498
2104499
2104500
2104502
2104503
2104504
2104506
2104507
2104508
2104510
2104511
2104512
2104520
2104521
2104522
2104524
2104525
2104526
2104528
2104529
2104530
2104532
2104533
2104534
2104536
2104537
2104538
2104539
2104541
2104542
2104543
2104545
2104546
2104547
2104549
2104550
2104551
2104553
2104554
2104555
2104557
2104558
2104559
2104561
2104562
2104563
2104565
2104566
2104567
2104569
2104570
2104571
2104573
2104574
2104575
2104577
2104578
2104579
2104581
2104582
2104583
2104585
2104586
2104587
2104589
2104590
2104591
2104592
2104594
2104595
2104596
2104598
2104599
2104600
2104602
2104603
2104604
2104606
2104607
2104608
2104611
2104613
2104629
2104645
2104646
2104647
2104649
2104650
2104651
2104653
2104654
2104655
2104657
2104658
2104659
2104661
2104662
2104663
2104665
2104666
2104667
2104669
2104670
2104671
2104673
2104674
2104675
2104677
2104678
2104679
2104680
2104681
2104682
2104683
2104684
2104685
2104687
2104688
2104689
2104691
2104692
2104693
2104695
2104696
2104697
2104699
2104700
2104701
2104703
2104704
2104705
2104706
2104712
2104713
2104714
2104716
2104717
2104718
2104720
2104721
2104722
2104724
2104725
2104726
2104728
2104729
2104730
2104731
2104732
2104734
2104735
2104736
2104738
2104739
2104740
2104742
2104743
2104744
2104746
2104747
2104748
2104750
2104751
2104752
2104753
2104755
2104756
2104757
2104759
2104760
2104761
2104763
2104764
2104765
2104767
2104768
2104769
2104771
2104772
2104773
2104774
2104793
2104794
2104795
2104796
2104797
2104798
2104799
2104801
2104802
2104803
2104805
2104806
2104807
2104809
2104810
2104811
2104813
2104814
2104815
2104826
2104827
2104828
2104830
2104831
2104832
2104834
2104835
2104836
2104838
2104839
2104840
2104842
2104843
2104844
2104845
2104846
2104847
2104855
2104856
2104857
2104859
2104860
2104861
2104863
2104864
2104865
2104867
2104868
2104869
2104871
2104872
2104873
2104875
2104876
2104877
2104879
2104880
2104881
2104887
2104888
2104889
2104891
2104892
2104893
2104895
2104896
2104897
2104899
2104900
2104901
2104903
2104904
2104905
2104906
2104907
2104908
2104909
2104910
2104911
2104912
2104913
2104914
2104916
2104917
2104918
2104920
2104921
2104922
2104924
2104925
2104926
2104928
2104929
2104930
2104932
2104933
2104934
2104936
2104937
2104938
2104940
2104941
2104942
2104944
2104945
2104946
2104947
2104948
2104949
2104950
2104951
2104953
2104954
2104956
2104957
2104958
2104960
2104961
2104962
2104964
2104965
2104966
2104968
2104969
2104970
2104976
2104977
2104978
2104980
2104981
2104982
2104984
2104985
2104986
2104988
2104989
2104990
2104993
2104994
2104995
2104997
2104998
2104999
2105001
2105002
2105003
2105005
2105006
2105007
2105009
2105010
2105011
2105012
2105013
2105014
2105015
2105016
2105017
2105018
2105019
2105021
2105022
2105024
2105025
2105026
2105028
2105029
2105030
2105032
2105033
2105034
2105036
2105037
2105038
2105050
2105051
2105052
2105053
2105054
2105055
2105062
2105063
2105064
2105066
2105067
2105068
2105070
2105071
2105072
2105074
2105075
2105076
2105080
2105081
2105082
2105084
2105085
2105086
2105088
2105089
2105090
2105102
2105103
2105104
2105106
2105107
2105108
2105110
2105111
2105112
2105116
2105117
2105118
2105119
2105120
2105121
2105123
2105124
2105125
2105127
2105128
2105129
2105130
2105131
2105132
2105133
2105134
2105135
2105136
2105137
2105138
2105139
2105140
2105142
2105143
2105144
2105145
2105157
2105158
2105159
2105161
2105162
2105163
2105165
2105166
2105167
2105169
2105170
2105171
2105181
2105182
2105183
2105184
2105185
2105187
2105188
2105189
2105191
2105192
2105193
2105195
2105196
2105197
2105199
2105200
2105201
2105203
2105204
2105205
2105207
2105208
2105210
2105258
2105259
2105260
2105261
2105295
2105296
2105297
2105298
2105308
2105309
2105310
2105311
2105313
2105333
2105334
2105335
2105337
2105338
2105339
2105341
2105342
2105343
2105345
2105346
2105347
2105350
2105351
2105352
2105354
2105355
2105356
2105358
2105359
2105360
2105363
2105364
2105365
2105366
2105367
2105368
2105369
2105375
2105376
2105377
2105379
2105380
2105381
2105383
2105384
2105385
2105387
2105388
2105389
2105391
2105392
2105393
2105394
2105395
2105396
2105397
2105398
2105399
2105400
2105401
2105408
2105409
2105410
2105412
2105413
2105414
2105416
2105417
2105418
2105420
2105421
2105422
2105429
2105430
2105431
2105433
2105434
2105435
2105437
2105438
2105439
2105441
2105442
2105443
2105444
2105445
2105446
2105447
2105449
2105450
2105451
2105453
2105454
2105455
2105457
2105458
2105459
2105461
2105462
2105463
2105466
2105467
2105468
2105470
2105471
2105472
2105474
2105475
2105476
2105481
2105482
2105483
2105485
2105486
2105487
2105489
2105490
2105491
2105493
2105494
2105495
2105507
2105508
2105509
2105511
2105512
2105513
2105515
2105516
2105517
2105519
2105520
2105521
2105523
2105524
2105525
2105526
2105527
2105528
2105529
2105530
2105531
2105532
2105539
2105540
2105541
2105543
2105544
2105545
2105547
2105548
2105549
2105552
2105553
2105554
2105556
2105557
2105558
2105559
2105560
2105561
2105562
2105563
2105564
2105565
2105566
2105569
2105570
2105571
2105573
2105574
2105575
2105577
2105578
2105579
2105581
2105582
2105583
2105585
2105586
2105587
2105589
2105590
2105591
2105593
2105594
2105595
2105597
2105598
2105599
2105601
2105602
2105603
2105604
2105605
2105606
2105607
2105614
2105615
2105616
2105618
2105619
2105620
2105622
2105623
2105624
2105626
2105627
2105628
2105629
2105630
2105631
2105632
2105633
2105634
2105635
2105636
2105652
2105653
2105654
2105656
2105657
2105658
2105660
2105661
2105662
2105664
2105665
2105666
2105690
2105691
2105692
2105694
2105695
2105696
2105698
2105699
2105700
2105702
2105703
2105704
2105707
2105708
2105709
2105710
2105711
2105712
2105713
2105714
2105715
2105716
2105717
2105718
2105719
2105720
2105721
2105722
2105723
2105724
2105725
2105727
2105728
2105729
2105730
2105741
2105742
2105743
2105744
2105746
2105747
2105748
2105750
2105751
2105752
2105754
2105755
2105756
2105777
2105778
2105779
2105781
2105782
2105783
2105785
2105786
2105787
2105789
2105790
2105791
2105799
2105800
2105801
2105803
2105804
2105805
2105807
2105808
2105809
2105811
2105812
2105813
2105815
2105816
2105817
2105819
2105820
2105821
2105823
2105824
2105825
2105827
2105828
2105829
2105836
2105837
2105838
2105839
2105840
2105841
2105842
2105843
2105844
2105845
2105846
2105847
2105848
2105849
2105850
2105851
2105853
2105854
2105855
2105857
2105858
2105859
2105861
2105862
2105863
2105865
2105866
2105867
2105869
2105870
2105871
2105876
2105877
2105878
2105879
2105880
2105883
2105884
2105885
2105893
2105894
2105895
2105897
2105898
2105899
2105901
2105902
2105903
2105905
2105906
2105907
2105909
2105910
2105911
2105913
2105919
2105920
2105921
2105922
2105923
2105927
2105928
2105929
2105931
2105932
2105933
2105935
2105936
2105937
2105939
2105940
2105941
2105946
2105947
2105948
2105950
2105951
2105952
2105954
2105955
2105956
2105958
2105959
2105960
2105962
2105963
2105964
2105968
2105969
2105970
2105972
2105973
2105975
2105976
2105977
2105979
2105980
2105981
2105983
2105984
2105985
2105986
2105987
2105989
2105990
2105991
2105993
2105994
2105995
2105997
2105998
2105999
2106001
2106002
2106003
2106008
2106009
2106010
2106011
2106012
2106014
2106015
2106016
2106018
2106019
2106020
2106022
2106023
2106024
2106026
2106027
2106028
2106031
2106032
2106033
2106034
2106035
2106036
2106038
2106039
2106040
2106042
2106043
2106044
2106046
2106047
2106048
2106050
2106051
2106052
2106054
2106055
2106056
2106057
2106058
2106059
2106060
2106061
2106062
2106063
2106064
2106066
2106067
2106068
2106070
2106071
2106072
2106074
2106075
2106076
2106078
2106079
2106080
2106082
2106083
2106084
2106086
2106087
2106088
2106090
2106091
2106092
2106094
2106095
2106096
2106098
2106099
2106100
2106102
2106103
2106104
2106106
2106107
2106108
2106110
2106111
2106112
2106114
2106115
2106117
2106118
2106119
2106123
2106124
2106125
2106127
2106128
2106129
2106131
2106132
2106133
2106135
2106136
2106139
2106140
2106141
2106142
2106143
2106144
2106145
2106146
2106147
2106148
2106149
2106150
2106151
2106152
2106153
2106154
2106155
2106157
2106158
2106159
2106161
2106162
2106163
2106165
2106166
2106167
2106169
2106170
2106171
2106181
2106182
2106183
2106184
2106185
2106186
2106188
2106189
2106190
2106192
2106193
2106194
2106196
2106197
2106198
2106200
2106201
2106202
2106204
2106205
2106206
2106216
2106217
2106218
2106220
2106221
2106222
2106224
2106225
2106226
2106228
2106229
2106230
2106231
2106232
2106233
2106234
2106237
2106238
2106239
2106241
2106242
2106243
2106245
2106246
2106247
2106263
2106264
2106265
2106266
2106268
2106269
2106270
2106272
2106273
2106274
2106276
2106277
2106278
2106280
2106281
2106282
2106291
2106292
2106293
2106295
2106296
2106297
2106299
2106300
2106301
2106303
2106304
2106305
2106309
2106310
2106311
2106312
2106313
2106314
2106315
2106322
2106323
2106324
2106326
2106327
2106328
2106330
2106331
2106332
2106334
2106335
2106336
2106345
2106346
2106347
2106348
2106349
2106350
2106352
2106353
2106354
2106356
2106357
2106358
2106360
2106361
2106362
2106364
2106365
2106366
2106372
2106373
2106374
2106375
2106377
2106378
2106379
2106381
2106382
2106383
2106385
2106386
2106387
2106389
2106390
2106391
2106398
2106399
2106400
2106402
2106404
2106405
2106406
2106408
2106409
2106410
2106412
2106413
2106414
2106416
2106417
2106418
2106420
2106421
2106422
2106429
2106430
2106431
2106432
2106433
2106434
2106436
2106437
2106438
2106440
2106441
2106442
2106444
2106445
2106446
2106450
2106451
2106452
2106454
2106455
2106456
2106458
2106459
2106460
2106462
2106463
2106465
2106467
2106468
2106469
2106470
2106471
2106507
2106508
2106509
2106511
2106512
2106513
2106515
2106516
2106517
2106519
2106520
2106521
2106523
2106524
2106525
2106526
2106528
2106529
2106530
2106532
2106533
2106534
2106536
2106537
2106538
2106540
2106541
2106542
2106544
2106545
2106546
2106547
2106548
2106549
2106550
2106552
2106554
2106555
2106556
2106558
2106559
2106560
2106562
2106563
2106564
2106566
2106567
2106568
2106570
2106571
2106572
2106574
2106575
2106576
2106578
2106579
2106580
2106582
2106583
2106584
2106586
2106587
2106588
2106589
2106590
2106591
2106592
2106594
2106595
2106596
2106598
2106599
2106600
2106602
2106603
2106604
2106606
2106607
2106608
2106610
2106611
2106612
2106614
2106615
2106616
2106618
2106619
2106620
2106622
2106623
2106624
2106626
2106627
2106628
2106629
2106631
2106632
2106634
2106635
2106636
2106638
2106639
2106640
2106642
2106643
2106644
2106650
2106651
2106652
2106653
2106655
2106656
2106657
2106659
2106660
2106661
2106663
2106664
2106665
2106667
2106668
2106669
2106673
2106674
2106675
2106677
2106678
2106679
2106681
2106682
2106683
2106685
2106686
2106687
2106689
2106690
2106691
2106693
2106694
2106695
2106697
2106698
2106699
2106701
2106702
2106703
2106705
2106706
2106707
2106708
2106709
2106710
2106711
2106712
2106713
2106714
2106715
2106725
2106726
2106727
2106729
2106730
2106731
2106733
2106734
2106735
2106737
2106738
2106739
2106743
2106744
2106745
2106746
2106747
2106748
2106750
2106751
2106752
2106754
2106755
2106756
2106758
2106759
2106760
2106762
2106763
2106764
2106766
2106767
2106768
2106770
2106771
2106772
2106774
2106775
2106776
2106783
2106784
2106785
2106787
2106788
2106789
2106791
2106792
2106793
2106797
2106798
2106799
2106801
2106802
2106803
2106805
2106806
2106807
2106811
2106812
2106813
2106815
2106816
2106817
2106819
2106820
2106821
2106823
2106824
2106825
2106827
2106828
2106829
2106830
2106831
2106832
2106833
2106834
2106835
2106836
2106837
2106838
2106839
2106840
2106841
2106842
2106843
2106844
2106845
2106846
2106847
2106848
2106850
2106851
2106852
2106854
2106855
2106856
2106858
2106859
2106860
2106862
2106863
2106864
2106866
2106867
2106868
2106870
2106871
2106872
2106874
2106875
2106876
2106878
2106879
2106880
2106882
2106883
2106884
2106886
2106887
2106888
2106890
2106891
2106892
2106894
2106895
2106896
2106922
2106923
2106924
2106926
2106927
2106928
2106930
2106931
2106932
2106934
2106935
2106936
2106955
2106956
2106957
2106958
2106959
2106960
2106961
2106962
2106963
2106964
2106965
2106966
2106967
2106968
2106970
2106971
2106972
2106974
2106975
2106976
2106978
2106979
2106980
2106982
2106983
2106984
2106986
2106987
2106988
2106989
2106990
2106996
2106997
2106998
2107000
2107001
2107002
2107004
2107005
2107006
2107008
2107009
2107010
2107020
2107021
2107022
2107024
2107025
2107026
2107028
2107029
2107030
2107032
2107033
2107034
2107036
2107037
2107038
2107039
2107040
2107042
2107043
2107044
2107046
2107047
2107048
2107050
2107051
2107053
2107055
2107056
2107057
2107065
2107104
2107105
2107106
2107108
2107109
2107110
2107112
2107113
2107114
2107116
2107117
2107118
2107121
2107122
2107123
2107125
2107126
2107127
2107129
2107130
2107131
2107133
2107134
2107135
2107136
2107137
2107139
2107140
2107141
2107143
2107144
2107145
2107147
2107148
2107149
2107151
2107152
2107153
2107155
2107156
2107157
2107158
2107159
2107161
2107162
2107163
2107165
2107166
2107167
2107169
2107170
2107171
2107173
2107174
2107175
2107181
2107182
2107184
2107185
2107186
2107188
2107189
2107190
2107192
2107193
2107194
2107196
2107197
2107198
2107200
2107201
2107202
2107203
2107205
2107206
2107207
2107209
2107210
2107211
2107213
2107214
2107215
2107217
2107218
2107219
2107220
2107222
2107223
2107224
2107226
2107227
2107228
2107230
2107231
2107232
2107234
2107235
2107236
2107238
2107239
2107240
2107243
2107244
2107245
2107247
2107248
2107249
2107251
2107252
2107253
2107255
2107256
2107257
2107258
2107259
2107260
2107261
2107263
2107264
2107265
2107267
2107268
2107269
2107271
2107272
2107273
2107275
2107276
2107277
2107279
2107280
2107281
2107283
2107284
2107285
2107287
2107288
2107289
2107291
2107292
2107293
2107295
2107296
2107297
2107298
2107300
2107301
2107302
2107304
2107305
2107306
2107308
2107309
2107310
2107312
2107313
2107314
2107316
2107317
2107318
2107319
2107321
2107322
2107323
2107325
2107326
2107327
2107329
2107330
2107331
2107333
2107334
2107335
2107337
2107338
2107339
2107341
2107342
2107343
2107345
2107346
2107347
2107349
2107350
2107351
2107353
2107354
2107355
2107356
2107357
2107358
2107359
2107360
2107362
2107363
2107364
2107366
2107367
2107368
2107370
2107371
2107372
2107374
2107375
2107376
2107378
2107379
2107380
2107382
2107383
2107384
2107386
2107387
2107388
2107390
2107391
2107392
2107396
2107397
2107398
2107400
2107401
2107402
2107404
2107405
2107406
2107408
2107409
2107410
2107411
2107412
2107413
2107414
2107415
2107416
2107417
2107418
2107422
2107423
2107424
2107426
2107427
2107428
2107430
2107431
2107432
2107434
2107435
2107436
2107438
2107439
2107440
2107442
2107443
2107444
2107446
2107447
2107448
2107450
2107451
2107452
2107454
2107455
2107456
2107458
2107459
2107460
2107462
2107463
2107464
2107466
2107467
2107468
2107470
2107471
2107472
2107474
2107475
2107476
2107478
2107479
2107480
2107482
2107483
2107484
2107486
2107487
2107488
2107490
2107491
2107493
2107494
2107495
2107497
2107498
2107499
2107501
2107502
2107503
2107504
2107505
2107506
2107507
2107508
2107509
2107510
2107511
2107512
2107513
2107514
2107516
2107517
2107518
2107520
2107521
2107522
2107524
2107525
2107526
2107528
2107529
2107530
2107532
2107533
2107534
2107535
2107537
2107538
2107539
2107541
2107542
2107543
2107545
2107546
2107547
2107549
2107550
2107551
2107553
2107554
2107555
2107557
2107558
2107559
2107561
2107562
2107563
2107565
2107566
2107567
2107569
2107570
2107571
2107572
2107583
2107584
2107585
2107587
2107588
2107589
2107591
2107592
2107593
2107595
2107596
2107597
2107629
2107630
2107631
2107632
2107635
2107641
2107642
2107643
2107644
2107645
2107646
2107714
2107715
2107716
2107718
2107719
2107720
2107722
2107723
2107724
2107726
2107727
2107728
2107730
2107731
2107733
2107734
2107735
2107737
2107738
2107739
2107741
2107742
2107743
2107745
2107746
2107747
2107749
2107750
2107751
2107752
2107754
2107755
2107756
2107758
2107759
2107760
2107762
2107763
2107764
2107766
2107767
2107768
2107772
2107773
2107775
2107776
2107777
2107779
2107780
2107781
2107783
2107784
2107785
2107787
2107788
2107789
2107791
2107792
2107793
2107795
2107796
2107797
2107799
2107800
2107801
2107803
2107804
2107805
2107811
2107812
2107813
2107814
2107816
2107817
2107818
2107820
2107821
2107822
2107824
2107825
2107826
2107828
2107829
2107830
2107836
2107837
2107838
2107839
2107840
2107848
2107849
2107850
2107852
2107853
2107854
2107856
2107857
2107858
2107860
2107861
2107862
2107864
2107865
2107866
2107867
2107869
2107870
2107871
2107873
2107874
2107875
2107877
2107878
2107879
2107881
2107882
2107883
2107885
2107886
2107887
2107888
2107889
2107890
2107891
2107892
2107894
2107895
2107896
2107898
2107899
2107900
2107902
2107903
2107904
2107906
2107907
2107908
2107910
2107911
2107912
2107914
2107915
2107916
2107918
2107919
2107920
2107923
2107924
2107925
2107926
2107927
2107928
2107929
2107930
2107931
2107932
2107933
2107934
2107935
2107936
2107937
2107938
2107939
2107941
2107942
2107943
2107945
2107946
2107947
2107949
2107950
2107951
2107953
2107954
2107955
2107958
2107959
2107960
2107961
2107962
2107963
2107966
2107967
2107968
2107970
2107971
2107972
2107974
2107975
2107976
2107978
2107979
2107980
2107982
2107983
2107984
2107986
2107987
2107988
2107990
2107991
2107992
2107994
2107995
2107996
2107998
2107999
2108000
2108002
2108003
2108004
2108005
2108006
2108007
2108016
2108017
2108018
2108020
2108021
2108022
2108024
2108025
2108026
2108028
2108029
2108030
2108032
2108033
2108034
2108035
2108062
2108064
2108065
2108066
2108068
2108069
2108070
2108072
2108073
2108074
2108076
2108077
2108078
2108085
2108086
2108087
2108088
2108089
2108090
2108091
2108093
2108094
2108095
2108097
2108098
2108099
2108103
2108105
2108106
2108107
2108109
2108110
2108111
2108113
2108114
2108115
2108117
2108118
2108119
2108122
2108123
2108124
2108125
2108128
2108129
2108130
2108132
2108133
2108134
2108136
2108137
2108138
2108140
2108141
2108142
2108144
2108145
2108146
2108148
2108149
2108150
2108152
2108153
2108154
2108156
2108157
2108158
2108159
2108160
2108161
2108162
2108163
2108182
2108183
2108184
2108186
2108187
2108188
2108190
2108191
2108192
2108194
2108195
2108196
2108200
2108201
2108202
2108204
2108205
2108206
2108208
2108209
2108210
2108212
2108213
2108214
2108216
2108217
2108218
2108219
2108220
2108221
2108222
2108223
2108225
2108226
2108227
2108229
2108230
2108231
2108233
2108234
2108235
2108237
2108238
2108239
2108242
2108244
2108245
2108246
2108247
2108248
2108249
2108289
2108290
2108291
2108293
2108294
2108295
2108297
2108298
2108299
2108301
2108302
2108303
2108305
2108306
2108307
2108309
2108310
2108311
2108313
2108314
2108315
2108317
2108318
2108319
2108321
2108322
2108323
2108325
2108326
2108327
2108329
2108330
2108331
2108333
2108334
2108335
2108337
2108338
2108339
2108343
2108344
2108345
2108347
2108348
2108349
2108351
2108352
2108353
2108355
2108356
2108357
2108358
2108359
2108360
2108361
2108362
2108363
2108364
2108365
2108368
2108369
2108370
2108372
2108373
2108374
2108376
2108377
2108378
2108386
2108387
2108388
2108390
2108391
2108392
2108394
2108395
2108396
2108398
2108399
2108400
2108402
2108403
2108404
2108406
2108407
2108408
2108410
2108411
2108412
2108414
2108415
2108416
2108418
2108419
2108420
2108421
2108422
2108423
2108424
2108425
2108426
2108427
2108433
2108434
2108435
2108437
2108438
2108439
2108441
2108442
2108443
2108445
2108446
2108447
2108449
2108450
2108451
2108453
2108454
2108455
2108457
2108458
2108459
2108461
2108462
2108463
2108467
2108468
2108469
2108470
2108471
2108472
2108473
2108474
2108475
2108476
2108478
2108479
2108481
2108482
2108483
2108485
2108486
2108487
2108489
2108490
2108491
2108493
2108494
2108495
2108497
2108498
2108499
2108501
2108502
2108503
2108505
2108506
2108507
2108509
2108510
2108511
2108513
2108514
2108515
2108517
2108518
2108519
2108521
2108522
2108523
2108525
2108526
2108527
2108529
2108530
2108531
2108533
2108534
2108535
2108537
2108538
2108539
2108541
2108542
2108543
2108545
2108546
2108547
2108549
2108550
2108551
2108565
2108566
2108567
2108569
2108570
2108571
2108573
2108574
2108575
2108577
2108578
2108579
2108580
2108581
2108582
2108583
2108584
2108585
2108586
2108587
2108588
2108589
2108590
2108591
2108592
2108593
2108594
2108595
2108596
2108597
2108598
2108599
2108600
2108604
2108605
2108606
2108608
2108609
2108610
2108612
2108613
2108614
2108616
2108617
2108618
2108626
2108627
2108628
2108629
2108631
2108632
2108633
2108635
2108636
2108637
2108639
2108640
2108641
2108643
2108644
2108645
2108652
2108653
2108654
2108655
2108657
2108658
2108659
2108661
2108662
2108663
2108665
2108666
2108667
2108669
2108670
2108671
2108673
2108674
2108675
2108677
2108678
2108679
2108681
2108682
2108683
2108685
2108686
2108687
2108689
2108690
2108691
2108693
2108694
2108695
2108701
2108702
2108703
2108704
2108705
2108706
2108707
2108708
2108709
2108710
2108712
2108713
2108714
2108716
2108717
2108718
2108720
2108721
2108722
2108724
2108725
2108726
2108732
2108733
2108734
2108736
2108737
2108738
2108740
2108741
2108742
2108744
2108745
2108746
2108748
2108749
2108750
2108751
2108752
2108753
2108754
2108755
2108758
2108759
2108760
2108762
2108763
2108764
2108766
2108767
2108769
2108770
2108771
2108773
2108774
2108775
2108777
2108778
2108779
2108781
2108782
2108783
2108787
2108790
2108791
2108792
2108793
2108794
2108798
2108812
2108813
2108814
2108816
2108817
2108818
2108820
2108821
2108822
2108824
2108825
2108826
2108828
2108829
2108830
2108832
2108833
2108834
2108836
2108837
2108838
2108840
2108841
2108842
2108845
2108846
2108847
2108849
2108850
2108851
2108853
2108854
2108855
2108857
2108858
2108859
2108861
2108862
2108863
2108869
2108870
2108872
2108873
2108874
2108876
2108877
2108878
2108880
2108881
2108883
2108884
2108885
2108896
2108903
2108904
2108905
2108907
2108908
2108909
2108911
2108912
2108913
2108915
2108916
2108917
2108921
2108922
2108923
2108925
2108926
2108927
2108929
2108930
2108931
2108938
2108939
2108940
2108941
2108942
2108944
2108945
2108946
2108948
2108949
2108950
2108952
2108953
2108954
2108956
2108957
2108959
2108960
2108961
2108963
2108964
2108965
2108967
2108968
2108969
2108971
2108972
2108973
2108975
2108976
2108997
2108998
2108999
2109001
2109002
2109003
2109005
2109006
2109007
2109009
2109010
2109011
2109018
2109019
2109020
2109022
2109023
2109024
2109026
2109027
2109028
2109030
2109031
2109032
2109034
2109035
2109036
2109040
2109041
2109043
2109044
2109045
2109047
2109048
2109049
2109051
2109052
2109053
2109055
2109056
2109057
2109061
2109062
2109063
2109065
2109066
2109067
2109069
2109070
2109071
2109073
2109074
2109075
2109077
2109078
2109079
2109081
2109082
2109083
2109085
2109086
2109087
2109089
2109090
2109091
2109093
2109094
2109095
2109097
2109098
2109099
2109101
2109102
2109103
2109105
2109106
2109107
2109109
2109110
2109111
2109113
2109114
2109115
2109117
2109118
2109119
2109121
2109122
2109123
2109125
2109126
2109127
2109128
2109129
2109130
2109131
2109132
2109133
2109134
2109135
2109136
2109138
2109139
2109140
2109142
2109143
2109144
2109146
2109147
2109148
2109150
2109151
2109152
2109154
2109155
2109156
2109165
2109171
2109172
2109173
2109175
2109176
2109177
2109179
2109180
2109181
2109183
2109184
2109185
2109187
2109188
2109189
2109191
2109192
2109193
2109195
2109196
2109197
2109199
2109200
2109201
2109218
2109219
2109220
2109222
2109223
2109224
2109226
2109227
2109228
2109230
2109231
2109232
2109234
2109235
2109236
2109238
2109239
2109240
2109242
2109243
2109244
2109246
2109247
2109248
2109250
2109251
2109252
2109253
2109254
2109255
2109290
2109291
2109292
2109294
2109295
2109296
2109298
2109299
2109300
2109302
2109303
2109304
2109317
2109318
2109320
2109321
2109322
2109324
2109325
2109326
2109328
2109329
2109330
2109332
2109333
2109334
2109337
2109338
2109340
2109341
2109342
2109344
2109345
2109346
2109348
2109349
2109350
2109352
2109356
2109357
2109475
2109476
2109477
2109479
2109480
2109481
2109483
2109484
2109485
2109487
2109488
2109489
2109491
2109492
2109493
2109495
2109496
2109497
2109499
2109500
2109501
2109519
2109520
2109521
2109522
2109523
2109524
2109528
2109529
2109530
2109532
2109533
2109534
2109536
2109537
2109538
2109540
2109541
2109542
2109560
2109561
2109563
2109564
2109565
2109567
2109568
2109569
2109571
2109572
2109573
2109575
2109576
2109577
2109628
2109629
2109630
2109632
2109633
2109634
2109636
2109637
2109638
2109640
2109641
2109642
2109644
2109645
2109646
2109653
2109655
2109656
2109657
2109659
2109660
2109661
2109663
2109664
2109665
2109667
2109668
2109669
2109672
2109673
2109675
2109676
2109677
2109679
2109680
2109681
2109683
2109684
2109685
2109687
2109688
2109689
2109691
2109692
2109694
2109695
2109696
2109698
2109699
2109700
2109702
2109703
2109704
2109706
2109707
2109708
2109710
2109711
2109712
2109741
2109742
2109743
2109745
2109746
2109747
2109749
2109750
2109751
2109752
2109754
2109755
2109756
2109758
2109759
2109760
2109762
2109763
2109764
2109766
2109767
2109768
2109825
2109826
2109827
2109829
2109830
2109831
2109833
2109834
2109835
2109837
2109838
2109839
2109841
2109842
2109843
2109847
2109848
2109849
2109851
2109852
2109853
2109855
2109856
2109857
2109859
2109860
2109861
2109863
2109864
2109865
2109867
2109868
2109869
2109871
2109872
2109873
2109875
2109876
2109877
2109881
2109882
2109883
2109885
2109886
2109887
2109889
2109890
2109891
2109893
2109894
2109895
2109902
2109903
2109904
2109905
2109908
2109909
2109910
2109912
2109913
2109914
2109916
2109917
2109918
2109920
2109921
2109922
2109926
2109927
2109928
2109930
2109931
2109932
2109934
2109935
2109936
2109938
2109939
2109940
2109947
2109948
2109949
2109951
2109952
2109953
2109955
2109956
2109957
2109959
2109960
2109961
2109964
2109965
2109966
2109967
2109970
2109971
2109972
2109974
2109975
2109976
2109978
2109979
2109980
2109982
2109983
2109984
2109993
2109994
2109995
2109997
2109998
2109999
2110001
2110002
2110003
2110005
2110006
2110007
2110014
2110015
2110016
2110017
2110018
2110019
2110020
2110021
2110022
2110023
2110024
2110025
2110026
2110027
2110028
2110029
2110030
2110031
2110032
2110033
2110034
2110035
2110037
2110038
2110039
2110040
2110042
2110043
2110044
2110046
2110047
2110048
2110050
2110052
2110055
2110056
2110057
2110058
2110059
2110074
2110075
2110076
2110078
2110079
2110080
2110082
2110083
2110084
2110086
2110087
2110088
2110090
2110091
2110092
2110094
2110095
2110096
2110098
2110099
2110100
2110102
2110103
2110104
2110106
2110107
2110108
2110109
2110110
2110111
2110113
2110114
2110115
2110117
2110118
2110119
2110121
2110122
2110123
2110125
2110126
2110127
2110131
2110132
2110133
2110135
2110136
2110137
2110139
2110140
2110141
2110143
2110144
2110145
2110146
2110147
2110151
2110152
2110153
2110155
2110156
2110157
2110159
2110160
2110161
2110163
2110164
2110165
2110177
2110178
2110179
2110181
2110182
2110183
2110185
2110186
2110187
2110189
2110190
2110191
2110201
2110202
2110203
2110204
2110206
2110207
2110208
2110210
2110211
2110212
2110214
2110215
2110216
2110218
2110219
2110220
2110222
2110223
2110224
2110226
2110227
2110228
2110230
2110231
2110232
2110234
2110235
2110236
2110240
2110241
2110242
2110243
2110252
2110253
2110254
2110256
2110257
2110258
2110260
2110261
2110262
2110264
2110265
2110266
2110268
2110269
2110270
2110272
2110273
2110274
2110276
2110277
2110278
2110280
2110281
2110282
2110286
2110287
2110288
2110293
2110294
2110295
2110297
2110298
2110299
2110301
2110302
2110303
2110305
2110306
2110307
2110308
2110312
2110313
2110314
2110316
2110317
2110318
2110320
2110321
2110322
2110324
2110325
2110326
2110332
2110333
2110334
2110336
2110337
2110338
2110340
2110341
2110342
2110344
2110345
2110346
2110348
2110349
2110350
2110351
2110352
2110354
2110355
2110356
2110358
2110359
2110360
2110362
2110363
2110364
2110366
2110367
2110368
2110370
2110371
2110373
2110374
2110375
2110377
2110378
2110379
2110381
2110382
2110383
2110385
2110386
2110387
2110389
2110390
2110391
2110393
2110394
2110395
2110397
2110398
2110399
2110401
2110402
2110403
2110405
2110406
2110407
2110409
2110410
2110411
2110413
2110414
2110415
2110417
2110418
2110419
2110421
2110422
2110423
2110425
2110426
2110427
2110429
2110430
2110431
2110433
2110434
2110435
2110437
2110438
2110439
2110441
2110442
2110443
2110445
2110446
2110447
2110449
2110450
2110451
2110453
2110454
2110455
2110456
2110457
2110458
2110459
2110460
2110461
2110462
2110463
2110464
2110467
2110468
2110469
2110471
2110472
2110473
2110475
2110476
2110477
2110485
2110486
2110487
2110489
2110490
2110491
2110493
2110494
2110495
2110497
2110498
2110499
2110501
2110502
2110503
2110505
2110506
2110507
2110509
2110510
2110511
2110513
2110514
2110515
2110517
2110518
2110519
2110521
2110522
2110523
2110524
2110525
2110526
2110528
2110529
2110530
2110532
2110533
2110534
2110536
2110537
2110538
2110545
2110546
2110547
2110549
2110551
2110568
2110569
2110570
2110571
2110572
2110573
2110574
2110575
2110577
2110582
2110583
2110584
2110586
2110587
2110588
2110590
2110591
2110592
2110594
2110595
2110596
2110599
2110600
2110601
2110602
2110603
2110604
2110605
2110606
2110608
2110609
2110610
2110612
2110613
2110614
2110616
2110617
2110618
2110620
2110621
2110622
2110623
2110625
2110626
2110627
2110629
2110630
2110631
2110633
2110634
2110635
2110637
2110638
2110639
2110642
2110643
2110644
2110646
2110647
2110648
2110650
2110651
2110652
2110654
2110655
2110656
2110658
2110659
2110662
2110663
2110664
2110666
2110667
2110668
2110670
2110671
2110672
2110673
2110674
2110676
2110677
2110678
2110679
2110680
2110682
2110683
2110684
2110685
2110686
2110688
2110689
2110690
2110691
2110692
2110694
2110695
2110696
2110697
2110698
2110700
2110701
2110702
2110703
2110704
2110706
2110707
2110708
2110709
2110710
2110712
2110713
2110714
2110715
2110716
2110718
2110719
2110720
2110721
2110722
2110724
2110725
2110726
2110727
2110728
2110729
2110730
2110731
2110733
2110734
2110735
2110736
2110737
2110739
2110740
2110741
2110742
2110743
2110745
2110746
2110747
2110748
2110749
2110751
2110752
2110753
2110754
2110755
2110757
2110758
2110759
2110760
2110762
2110763
2110764
2110765
2110766
2110768
2110769
2110770
2110771
2110772
2110774
2110775
2110776
2110777
2110778
2110780
2110781
2110782
2110783
2110784
2110786
2110787
2110788
2110790
2110791
2110792
2110793
2110794
2110796
2110797
2110798
2110799
2110800
2110802
2110803
2110804
2110805
2110806
2110808
2110809
2110810
2110811
2110812
2110814
2110815
2110816
2110818
2110819
2110820
2110821
2110822
2110824
2110825
2110826
2110827
2110828
2110830
2110831
2110832
2110833
2110834
2110836
2110837
2110838
2110839
2110840
2110843
2110844
2110845
2110846
2110847
2110849
2110850
2110851
2110852
2110853
2110855
2110856
2110857
2110858
2110859
2110861
2110862
2110863
2110864
2110865
2110867
2110868
2110869
2110870
2110871
2110873
2110874
2110875
2110876
2110877
2110879
2110880
2110881
2110882
2110883
2110885
2110886
2110887
2110888
2110889
2110892
2110893
2110894
2110895
2110896
2110898
2110899
2110900
2110901
2110902
2110904
2110905
2110906
2110907
2110908
2110910
2110911
2110912
2110913
2110914
2110915
2110916
2110917
2110918
2110919
2110932
2110933
2110934
2110935
2110936
2110938
2110939
2110940
2110941
2110942
2110944
2110945
2110946
2110947
2110948
2110950
2110951
2110952
2110953
2110954
2110956
2110957
2110958
2110959
2110960
2110962
2110963
2110964
2110965
2110966
2110968
2110969
2110970
2110971
2110972
2110974
2110975
2110976
2110977
2110978
2110980
2110981
2110982
2110983
2110984
2110985
2110986
2110987
2110988
2110989
2110990
2110991
2110992
2110993
2110994
2110995
2111004
2111005
2111006
2111007
2111008
2111009
2111010
2111011
2111012
2111013
2111014
2111015
2111016
2111018
2111019
2111020
2111021
2111022
2111023
2111025
2111026
2111028
2111029
2111030
2111031
2111032
2111034
2111035
2111036
2111038
2111039
2111040
2111041
2111042
2111051
2111052
2111053
2111054
2111055
2111056
2111057
2111058
2111059
2111060
2111061
2111062
2111064
2111065
2111066
2111067
2111068
2111069
2111070
2111071
2111072
2111075
2111076
2111077
2111084
2111085
2111086
2111087
2111089
2111090
2111092
2111093
2111094
2111098
2111099
2111100
2111101
2111102
2111103
2111104
2111105
2111106
2111107
2111109
2111110
2111111
2111112
2111114
2111115
2111117
2111118
2111119
2111120
2111121
2111123
2111124
2111125
2111126
2111127
2111129
2111130
2111131
2111132
2111133
2111134
2111135
2111136
2111137
2111138
2111140
2111141
2111142
2111144
2111145
2111147
2111148
2111149
2111150
2111151
2111155
2111156
2111157
2111158
2111159
2111161
2111162
2111163
2111164
2111165
2111167
2111168
2111169
2111170
2111171
2111173
2111174
2111175
2111176
2111177
2111180
2111181
2111183
2111184
2111185
2111193
2111194
2111195
2111197
2111198
2111199
2111200
2111201
2111203
2111204
2111205
2111206
2111207
2111209
2111210
2111211
2111212
2111213
2111215
2111216
2111217
2111218
2111221
2111222
2111224
2111225
2111226
2111227
2111228
2111230
2111231
2111232
2111233
2111234
2111236
2111237
2111238
2111239
2111240
2111242
2111243
2111244
2111246
2111247
2111248
2111249
2111250
2111252
2111253
2111254
2111256
2111257
2111258
2111259
2111260
2111262
2111263
2111264
2111265
2111266
2111268
2111269
2111271
2111272
2111273
2111274
2111275
2111276
2111277
2111278
2111280
2111281
2111282
2111284
2111285
2111287
2111288
2111289
2111290
2111291
2111296
2111298
2111299
2111300
2111301
2111302
2111303
2111304
2111305
2111306
2111307
2111308
2111309
2111310
2111311
2111312
2111313
2111314
2111315
2111337
2111338
2111340
2111341
2111343
2111344
2111345
2111346
2111347
2111349
2111353
2111354
2111355
2111356
2111357
2111359
2111360
2111361
2111362
2111363
2111365
2111366
2111367
2111368
2111369
2111371
2111372
2111373
2111392
2111393
2111394
2111395
2111396
2111398
2111399
2111400
2111402
2111403
2111405
2111406
2111407
2111408
2111409
2111417
2111418
2111419
2111420
2111421
2111423
2111424
2111425
2111426
2111427
2111429
2111430
2111431
2111432
2111433
2111435
2111436
2111437
2111438
2111439
2111441
2111442
2111443
2111444
2111445
2111447
2111448
2111449
2111450
2111451
2111453
2111454
2111455
2111456
2111457
2111466
2111467
2111468
2111469
2111470
2111471
2111472
2111475
2111476
2111477
2111478
2111479
2111481
2111482
2111483
2111484
2111485
2111487
2111488
2111489
2111490
2111491
2111495
2111496
2111498
2111499
2111500
2111501
2111502
2111504
2111505
2111506
2111507
2111508
2111510
2111511
2111512
2111513
2111514
2111516
2111517
2111518
2111519
2111520
2111522
2111523
2111524
2111525
2111526
2111528
2111529
2111530
2111531
2111532
2111534
2111535
2111536
2111537
2111538
2111540
2111541
2111542
2111543
2111544
2111546
2111547
2111548
2111549
2111552
2111553
2111554
2111555
2111556
2111558
2111559
2111560
2111561
2111562
2111564
2111565
2111566
2111567
2111568
2111570
2111571
2111572
2111573
2111574
2111576
2111577
2111578
2111579
2111580
2111582
2111583
2111584
2111585
2111586
2111588
2111589
2111590
2111591
2111592
2111596
2111597
2111598
2111599
2111600
2111601
2111602
2111604
2111605
2111606
2111607
2111608
2111610
2111611
2111612
2111613
2111614
2111616
2111617
2111618
2111619
2111620
2111622
2111623
2111624
2111625
2111626
2111628
2111629
2111630
2111631
2111632
2111634
2111635
2111636
2111637
2111638
2111640
2111641
2111642
2111643
2111644
2111646
2111647
2111648
2111649
2111650
2111652
2111653
2111654
2111655
2111656
2111658
2111659
2111660
2111661
2111662
2111664
2111665
2111666
2111667
2111668
2111670
2111671
2111672
2111673
2111674
2111681
2111682
2111683
2111684
2111685
2111686
2111687
2111688
2111689
2111690
2111691
2111694
2111695
2111696
2111697
2111698
2111700
2111701
2111702
2111703
2111704
2111706
2111707
2111708
2111709
2111710
2111712
2111713
2111714
2111715
2111716
2111717
2111720
2111721
2111725
2111726
2111727
2111728
2111730
2111755
2111756
2111843
2111844
2111845
2111846
2111847
2111849
2111850
2111851
2111852
2111853
2111855
2111856
2111857
2111858
2111859
2111861
2111862
2111863
2111864
2111865
2111868
2111869
2111876
2111877
2111878
2111879
2111880
2111882
2111883
2111884
2111885
2111886
2111888
2111889
2111890
2111891
2111892
2111894
2111895
2111896
2111897
2111898
2111918
2111919
2111920
2111921
2111922
2111924
2111925
2111926
2111927
2111928
2111930
2111931
2111932
2111933
2111934
2111937
2111938
2111939
2111940
2111941
2111953
2111954
2111955
2111956
2111957
2111965
2111966
2111967
2111968
2111969
2111971
2111972
2111973
2111974
2111975
2111977
2111978
2111979
2111982
2111983
2111984
2111985
2111986
2111988
2111995
2111996
2111997
2111998
2111999
2112000
2112001
2112002
2112011
2112012
2112014
2112124
2112125
2112126
2112127
2112128
2112131
2112132
2112159
2112163
2112164
2112165
2112166
2112167
2112180
2112181
2112182
2112228
2112229
2112231
2112232
2112233
2112234
2112235
2112289
2112290
2112291
2112292
2112294
2112295
2112296
2112297
2112298
2112299
2112300
2112301
2112302
2112303
2112304
2112305
2112306
2112307
2112308
2112311
2112315
2112317
2112318
2112319
2112324
2112325
2112327
2112328
2112329
2112330
2112331
2112333
2112334
2112335
2112336
2112338
2112339
2112341
2112342
2112343
2112344
2112345
2112346
2112347
2112348
2112349
2112350
2112352
2112353
2112354
2112355
2112356
2112362
2112363
2112364
2112365
2112366
2112368
2112369
2112370
2112371
2112372
2112373
2112374
2112375
2112377
2112378
2112382
2112383
2112384
2112385
2112386
2112387
2112388
2112389
2112390
2112391
2112392
2112393
2112394
2112413
2112414
2112415
2112416
2112417
2112426
2112427
2112428
2112457
2112458
2112459
2112460
2112461
2112463
2112464
2112465
2112467
2112468
2112470
2112471
2112473
2112474
2112476
2112478
2112480
2112481
2112482
2112484
2112498
2112499
2112501
2112502
2112504
2112505
2112506
2112507
2112508
2112510
2112511
2112512
2112513
2112514
2112516
2112517
2112518
2112519
2112520
2112522
2112523
2112524
2112525
2112526
2112527
2112528
2112529
2112531
2112533
2112534
2112536
2112537
2112538
2112539
2112540
2112542
2112543
2112544
2112545
2112546
2112557
2112558
2112559
2112560
2112561
2112563
2112564
2112565
2112566
2112567
2112569
2112570
2112571
2112573
2112574
2112576
2112577
2112578
2112579
2112580
2112582
2112583
2112584
2112585
2112586
2112588
2112589
2112590
2112591
2112592
2112594
2112595
2112596
2112597
2112598
2112600
2112601
2112603
2112604
2112605
2112606
2112607
2112609
2112610
2112611
2112613
2112614
2112615
2112616
2112617
2112624
2112625
2112626
2112627
2112628
2112629
2112630
2112631
2112632
2112633
2112634
2112635
2112636
2112637
2112638
2112639
2112640
2112648
2112649
2112650
2112651
2112652
2112654
2112655
2112656
2112657
2112658
2112660
2112661
2112662
2112663
2112664
2112666
2112667
2112668
2112669
2112670
2112682
2112683
2112684
2112685
2112686
2112688
2112689
2112690
2112691
2112692
2112694
2112695
2112696
2112697
2112698
2112700
2112701
2112702
2112703
2112704
2112705
2112706
2112707
2112708
2112709
2112710
2112711
2112712
2112713
2112714
2112721
2112722
2112723
2112724
2112725
2112727
2112728
2112729
2112730
2112731
2112733
2112734
2112735
2112736
2112737
2112738
2112739
2112741
2112742
2112743
2112744
2112745
2112751
2112752
2112753
2112754
2112755
2112756
2112757
2112759
2112760
2112761
2112762
2112763
2112765
2112766
2112767
2112768
2112769
2112771
2112772
2112773
2112774
2112775
2112777
2112778
2112779
2112780
2112781
2112790
2112791
2112792
2112793
2112794
2112796
2112797
2112798
2112799
2112800
2112802
2112803
2112804
2112805
2112806
2112808
2112809
2112810
2112811
2112812
2112814
2112815
2112816
2112817
2112818
2112820
2112821
2112822
2112823
2112824
2112826
2112827
2112828
2112829
2112830
2112835
2112836
2112837
2112838
2112839
2112841
2112842
2112843
2112844
2112845
2112847
2112848
2112849
2112850
2112851
2112854
2112855
2112856
2112857
2112858
2112859
2112860
2112861
2112862
2112863
2112864
2112865
2112866
2112867
2112868
2112869
2112870
2112871
2112872
2112873
2112874
2112875
2112876
2112877
2112878
2112879
2112880
2112881
2112882
2112883
2112884
2112885
2112886
2112887
2112888
2112889
2112890
2112892
2112893
2112894
2112895
2112896
2112898
2112899
2112900
2112901
2112902
2112904
2112905
2112906
2112907
2112908
2112910
2112911
2112912
2112913
2112914
2112920
2112921
2112922
2112923
2112924
2112926
2112927
2112928
2112929
2112930
2112932
2112933
2112934
2112935
2112936
2112938
2112939
2112940
2112941
2112942
2112948
2112949
2112950
2112951
2112952
2112953
2112954
2112955
2112956
2112957
2112958
2112959
2112960
2112961
2112962
2112963
2112966
2112967
2112968
2112969
2112970
2112972
2112973
2112974
2112975
2112976
2112978
2112979
2112980
2112981
2112982
2112986
2112987
2112988
2112989
2112990
2112992
2112993
2112994
2112995
2112996
2112998
2112999
2113000
2113001
2113002
2113004
2113005
2113006
2113007
2113008
2113012
2113013
2113014
2113015
2113016
2113018
2113019
2113020
2113021
2113022
2113024
2113025
2113026
2113027
2113028
2113034
2113035
2113036
2113037
2113038
2113040
2113041
2113042
2113043
2113044
2113046
2113047
2113048
2113049
2113050
2113052
2113053
2113054
2113055
2113056
2113058
2113059
2113060
2113061
2113063
2113064
2113065
2113066
2113067
2113069
2113070
2113071
2113072
2113073
2113075
2113076
2113077
2113078
2113079
2113081
2113082
2113083
2113084
2113085
2113087
2113088
2113089
2113090
2113093
2113094
2113095
2113096
2113097
2113099
2113100
2113101
2113102
2113103
2113105
2113106
2113107
2113108
2113109
2113112
2113113
2113114
2113115
2113116
2113117
2113118
2113119
2113120
2113121
2113122
2113123
2113124
2113125
2113126
2113127
2113128
2113129
2113130
2113131
2113132
2113133
2113134
2113135
2113136
2113137
2113138
2113139
2113140
2113141
2113142
2113143
2113144
2113145
2113146
2113147
2113148
2113149
2113151
2113152
2113153
2113154
2113155
2113156
2113157
2113158
2113159
2113160
2113161
2113162
2113163
2113164
2113165
2113166
2113167
2113168
2113169
2113170
2113171
2113172
2113173
2113174
2113175
2113176
2113177
2113178
2113179
2113180
2113181
2113182
2113183
2113185
2113276
2113277
2113278
2113279
2113280
2113282
2113283
2113284
2113285
2113286
2113288
2113289
2113290
2113291
2113292
2113294
2113295
2113296
2113297
2113298
2113302
2113303
2113304
2113305
2113306
2113308
2113309
2113310
2113311
2113312
2113314
2113315
2113316
2113317
2113318
2113320
2113321
2113322
2113323
2113324
2113326
2113327
2113328
2113329
2113330
2113332
2113333
2113334
2113335
2113336
2113338
2113339
2113340
2113341
2113342
2113344
2113345
2113346
2113347
2113348
2113354
2113355
2113356
2113357
2113358
2113359
2113360
2113361
2113362
2113363
2113364
2113365
2113366
2113367
2113368
2113369
2113370
2113371
2113372
2113373
2113374
2113375
2113376
2113377
2113378
2113380
2113381
2113382
2113383
2113384
2113386
2113387
2113388
2113389
2113390
2113392
2113393
2113394
2113395
2113396
2113398
2113399
2113400
2113401
2113402
2113404
2113405
2113406
2113407
2113408
2113409
2113410
2113411
2113412
2113413
2113414
2113415
2113423
2113424
2113425
2113426
2113427
2113429
2113430
2113431
2113432
2113433
2113435
2113436
2113437
2113438
2113439
2113441
2113442
2113443
2113444
2113445
2113455
2113456
2113457
2113458
2113459
2113461
2113462
2113463
2113464
2113465
2113467
2113468
2113469
2113470
2113471
2113473
2113474
2113475
2113476
2113477
2113480
2113481
2113482
2113483
2113484
2113485
2113486
2113487
2113488
2113489
2113490
2113491
2113492
2113493
2113494
2113495
2113496
2113497
2113498
2113499
2113500
2113501
2113516
2113517
2113518
2113519
2113520
2113522
2113523
2113524
2113525
2113526
2113528
2113529
2113530
2113531
2113532
2113534
2113535
2113536
2113537
2113538
2113543
2113544
2113545
2113546
2113547
2113548
2113559
2113560
2113561
2113562
2113563
2113565
2113566
2113567
2113568
2113569
2113571
2113572
2113573
2113574
2113575
2113577
2113578
2113579
2113580
2113581
2113583
2113584
2113585
2113586
2113587
2113592
2113593
2113594
2113595
2113596
2113598
2113599
2113600
2113601
2113602
2113604
2113605
2113606
2113607
2113608
2113610
2113611
2113612
2113613
2113614
2113619
2113620
2113621
2113622
2113623
2113624
2113625
2113626
2113627
2113635
2113636
2113637
2113638
2113639
2113641
2113642
2113643
2113644
2113645
2113647
2113648
2113649
2113650
2113651
2113653
2113654
2113655
2113656
2113657
2113659
2113660
2113661
2113662
2113663
2113665
2113666
2113667
2113668
2113669
2113671
2113672
2113673
2113674
2113675
2113677
2113678
2113679
2113680
2113681
2113685
2113689
2113690
2113691
2113692
2113693
2113695
2113696
2113697
2113698
2113699
2113701
2113702
2113703
2113704
2113705
2113707
2113708
2113709
2113710
2113711
2113713
2113714
2113715
2113716
2113717
2113719
2113720
2113721
2113722
2113723
2113725
2113726
2113727
2113728
2113729
2113734
2113735
2113736
2113737
2113738
2113740
2113741
2113742
2113743
2113744
2113746
2113747
2113748
2113749
2113750
2113752
2113753
2113754
2113755
2113756
2113757
2113758
2113759
2113760
2113766
2113767
2113768
2113769
2113770
2113772
2113773
2113774
2113775
2113776
2113778
2113779
2113780
2113781
2113782
2113784
2113785
2113786
2113787
2113788
2113800
2113801
2113802
2113803
2113804
2113806
2113807
2113808
2113809
2113810
2113812
2113813
2113814
2113815
2113816
2113818
2113819
2113820
2113821
2113822
2113824
2113825
2113826
2113827
2113828
2113829
2113830
2113832
2113833
2113834
2113835
2113836
2113838
2113839
2113840
2113841
2113842
2113844
2113845
2113846
2113847
2113848
2113850
2113851
2113852
2113853
2113854
2113859
2113860
2113861
2113862
2113863
2113865
2113866
2113867
2113868
2113869
2113871
2113872
2113873
2113874
2113875
2113877
2113878
2113879
2113880
2113881
2113883
2113884
2113885
2113886
2113887
2113888
2113889
2113890
2113892
2113893
2113894
2113895
2113896
2113898
2113899
2113900
2113901
2113902
2113904
2113905
2113906
2113907
2113908
2113910
2113911
2113912
2113913
2113914
2113917
2113918
2113919
2113920
2113921
2113923
2113924
2113925
2113926
2113927
2113929
2113930
2113931
2113932
2113933
2113935
2113936
2113937
2113938
2113939
2113941
2113942
2113943
2113944
2113945
2113947
2113948
2113949
2113950
2113951
2113953
2113954
2113955
2113956
2113957
2113975
2113976
2113977
2113978
2113988
2113989
2113990
2113991
2113995
2113996
2114006
2114007
2114008
2114009
2114010
2114011
2114096
2114097
2114098
2114099
2114100
2114102
2114103
2114104
2114105
2114106
2114107
2114108
2114109
2114110
2114111
2114113
2114114
2114115
2114116
2114117
2114119
2114120
2114121
2114123
2114124
2114126
2114127
2114128
2114129
2114130
2114132
2114133
2114134
2114135
2114136
2114144
2114150
2114151
2114152
2114153
2114154
2114155
2114161
2114192
2114194
2114195
2114197
2114198
2114199
2114200
2114201
2114203
2114204
2114205
2114219
2114220
2114221
2114222
2114223
2114224
2114225
2114226
2114227
2114228
2114229
2114230
2114231
2114232
2114233
2114243
2114244
2114245
2114246
2114247
2114248
2114249
2114269
2114270
2114271
2114272
2114302
2114303
2114305
2114306
2114307
2114308
2114309
2114311
2114312
2114313
2114322
2114323
2114325
2114326
2114327
2114328
2114329
2114330
2114331
2114332
2114333
2114334
2114335
2114336
2114337
2114338
2114339
2114359
2114360
2114362
2114363
2114364
2114365
2114366
2114368
2114369
2114370
2114378
2114379
2114381
2114382
2114383
2114384
2114385
2114386
2114387
2114388
2114389
2114390
2114391
2114392
2114393
2114394
2114395
2114410
2114411
2114412
2114433
2114434
2114436
2114437
2114438
2114440
2114441
2114443
2114444
2114445
2114446
2114447
2114453
2114454
2114455
2114456
2114457
2114459
2114460
2114461
2114462
2114463
2114465
2114466
2114467
2114468
2114469
2114471
2114472
2114473
2114475
2114476
2114477
2114486
2114487
2114488
2114489
2114490
2114492
2114493
2114494
2114495
2114496
2114498
2114499
2114500
2114501
2114502
2114504
2114505
2114506
2114507
2114508
2114518
2114519
2114520
2114522
2114523
2114525
2114526
2114527
2114528
2114529
2114531
2114532
2114533
2114534
2114535
2114545
2114546
2114547
2114548
2114549
2114551
2114552
2114553
2114554
2114555
2114557
2114558
2114559
2114560
2114561
2114565
2114566
2114575
2114576
2114577
2114578
2114579
2114581
2114582
2114583
2114584
2114585
2114587
2114588
2114589
2114590
2114591
2114600
2114601
2114602
2114603
2114604
2114606
2114607
2114608
2114609
2114610
2114612
2114613
2114614
2114615
2114616
2114618
2114619
2114620
2114621
2114622
2114630
2114631
2114632
2114633
2114634
2114636
2114637
2114638
2114639
2114640
2114642
2114643
2114644
2114645
2114646
2114648
2114649
2114650
2114651
2114652
2114654
2114655
2114656
2114657
2114658
2114679
2114680
2114683
2114684
2114685
2114686
2114687
2114688
2114689
2114690
2114691
2114692
2114693
2114694
2114695
2114696
2114697
2114698
2114699
2114700
2114701
2114702
2114703
2114704
2114705
2114706
2114707
2114708
2114709
2114710
2114711
2114712
2114713
2114714
2114715
2114716
2114717
2114785
2114786
2114787
2114788
2114789
2114791
2114792
2114793
2114794
2114795
2114797
2114798
2114799
2114800
2114801
2114803
2114804
2114805
2114806
2114807
2114809
2114810
2114811
2114814
2114815
2114816
2114817
2114818
2114820
2114821
2114822
2114823
2114824
2114826
2114827
2114828
2114829
2114830
2114840
2114841
2114842
2114843
2114844
2114846
2114847
2114848
2114849
2114850
2114852
2114853
2114854
2114855
2114856
2114858
2114859
2114860
2114861
2114862
2114864
2114865
2114866
2114867
2114868
2114873
2114874
2114875
2114876
2114877
2114879
2114880
2114881
2114882
2114883
2114885
2114886
2114887
2114888
2114889
2114891
2114892
2114893
2114894
2114895
2114897
2114898
2114899
2114900
2114901
2114902
2114903
2114904
2114905
2114906
2114907
2114908
2114909
2114910
2114912
2114919
2114920
2114921
2114922
2114923
2114925
2114926
2114927
2114928
2114929
2114931
2114932
2114933
2114934
2114935
2114937
2114938
2114939
2114940
2114941
2114943
2114944
2114945
2114946
2114947
2114949
2114950
2114951
2114952
2114953
2114955
2114956
2114957
2114958
2114959
2114961
2114962
2114963
2114964
2114965
2114969
2114970
2114971
2114972
2114973
2114975
2114976
2114977
2114978
2114979
2114981
2114982
2114983
2114984
2114985
2114987
2114988
2114989
2114990
2114991
2114995
2114998
2114999
2115000
2115001
2115002
2115003
2115004
2115005
2115006
2115007
2115009
2115010
2115011
2115012
2115013
2115015
2115016
2115017
2115018
2115019
2115021
2115022
2115023
2115024
2115025
2115027
2115028
2115029
2115030
2115031
2115033
2115034
2115035
2115036
2115038
2115039
2115040
2115041
2115042
2115044
2115045
2115046
2115047
2115048
2115050
2115051
2115052
2115053
2115054
2115056
2115057
2115058
2115059
2115060
2115062
2115063
2115064
2115065
2115066
2115068
2115069
2115070
2115071
2115072
2115074
2115075
2115076
2115077
2115078
2115080
2115081
2115082
2115083
2115084
2115088
2115089
2115090
2115091
2115092
2115094
2115095
2115096
2115097
2115098
2115100
2115101
2115102
2115103
2115104
2115106
2115107
2115108
2115109
2115110
2115112
2115113
2115114
2115115
2115116
2115117
2115118
2115119
2115120
2115121
2115122
2115123
2115124
2115132
2115133
2115134
2115135
2115136
2115138
2115139
2115140
2115141
2115142
2115144
2115145
2115146
2115147
2115148
2115150
2115151
2115152
2115153
2115154
2115156
2115157
2115158
2115159
2115160
2115162
2115163
2115164
2115165
2115166
2115168
2115169
2115170
2115171
2115172
2115174
2115175
2115176
2115177
2115192
2115193
2115194
2115195
2115197
2115198
2115199
2115200
2115201
2115203
2115204
2115205
2115206
2115207
2115209
2115210
2115211
2115212
2115213
2115215
2115216
2115217
2115218
2115219
2115221
2115222
2115223
2115224
2115225
2115226
2115227
2115234
2115235
2115236
2115237
2115238
2115240
2115241
2115242
2115243
2115244
2115246
2115247
2115248
2115249
2115250
2115252
2115253
2115254
2115255
2115256
2115258
2115259
2115260
2115261
2115262
2115263
2115271
2115272
2115273
2115274
2115275
2115277
2115278
2115279
2115280
2115281
2115283
2115284
2115285
2115286
2115287
2115289
2115290
2115291
2115292
2115293
2115303
2115304
2115305
2115306
2115307
2115309
2115310
2115311
2115312
2115313
2115315
2115316
2115317
2115318
2115319
2115334
2115335
2115336
2115337
2115338
2115340
2115341
2115342
2115343
2115344
2115346
2115347
2115348
2115349
2115350
2115352
2115353
2115354
2115355
2115356
2115362
2115363
2115364
2115365
2115366
2115367
2115368
2115369
2115370
2115371
2115372
2115373
2115374
2115375
2115376
2115378
2115379
2115380
2115381
2115382
2115384
2115385
2115386
2115387
2115388
2115390
2115391
2115392
2115393
2115394
2115396
2115397
2115398
2115399
2115400
2115403
2115404
2115405
2115406
2115407
2115409
2115410
2115411
2115412
2115413
2115415
2115416
2115417
2115418
2115419
2115422
2115423
2115424
2115425
2115427
2115428
2115429
2115430
2115431
2115433
2115434
2115435
2115436
2115437
2115439
2115440
2115441
2115442
2115443
2115445
2115446
2115447
2115448
2115449
2115456
2115457
2115458
2115459
2115462
2115463
2115464
2115465
2115466
2115467
2115468
2115564
2115565
2115566
2115567
2115568
2115570
2115571
2115572
2115573
2115574
2115576
2115577
2115578
2115579
2115580
2115582
2115583
2115584
2115585
2115586
2115590
2115591
2115592
2115593
2115594
2115596
2115597
2115598
2115599
2115600
2115602
2115603
2115604
2115605
2115606
2115608
2115609
2115610
2115611
2115612
2115614
2115615
2115616
2115617
2115618
2115620
2115621
2115622
2115623
2115624
2115626
2115627
2115628
2115629
2115630
2115632
2115633
2115634
2115635
2115636
2115639
2115640
2115641
2115642
2115643
2115644
2115645
2115646
2115647
2115648
2115650
2115651
2115652
2115653
2115654
2115655
2115656
2115658
2115659
2115660
2115661
2115662
2115663
2115664
2115666
2115667
2115668
2115669
2115670
2115671
2115672
2115674
2115675
2115676
2115677
2115678
2115679
2115680
2115686
2115687
2115688
2115689
2115696
2115697
2115698
2115699
2115701
2115702
2115703
2115704
2115705
2115706
2115707
2115709
2115710
2115711
2115712
2115713
2115714
2115715
2115717
2115718
2115719
2115720
2115721
2115722
2115723
2115725
2115726
2115727
2115728
2115729
2115730
2115731
2115733
2115734
2115735
2115736
2115737
2115742
2115743
2115744
2115745
2115746
2115747
2115748
2115750
2115751
2115752
2115753
2115754
2115755
2115756
2115758
2115759
2115760
2115761
2115762
2115763
2115764
2115768
2115769
2115770
2115771
2115772
2115773
2115774
2115776
2115777
2115778
2115779
2115780
2115781
2115782
2115784
2115785
2115786
2115787
2115788
2115789
2115790
2115792
2115793
2115794
2115795
2115796
2115797
2115798
2115800
2115801
2115802
2115803
2115804
2115805
2115806
2115807
2115808
2115809
2115811
2115812
2115813
2115814
2115815
2115816
2115817
2115819
2115820
2115821
2115822
2115823
2115824
2115825
2115827
2115828
2115829
2115830
2115831
2115832
2115833
2115835
2115836
2115837
2115838
2115839
2115840
2115841
2115853
2115854
2115855
2115856
2115857
2115858
2115859
2115862
2115863
2115864
2115865
2115866
2115867
2115868
2115870
2115871
2115872
2115873
2115874
2115875
2115876
2115878
2115879
2115880
2115881
2115882
2115883
2115884
2115892
2115893
2115894
2115895
2115896
2115897
2115898
2115900
2115901
2115902
2115903
2115904
2115905
2115906
2115908
2115909
2115910
2115911
2115912
2115913
2115914
2115916
2115917
2115918
2115919
2115920
2115921
2115922
2115924
2115925
2115926
2115927
2115929
2115930
2115931
2115932
2115933
2115934
2115935
2115937
2115938
2115939
2115940
2115941
2115942
2115943
2115945
2115946
2115947
2115948
2115949
2115950
2115951
2115953
2115954
2115955
2115956
2115957
2115958
2115959
2115962
2115963
2115964
2115965
2115966
2115967
2115974
2115975
2115976
2115977
2115978
2115979
2115980
2115981
2115982
2115983
2115984
2115985
2115986
2115987
2115988
2115989
2115990
2115991
2115993
2115994
2115995
2115996
2115997
2115998
2115999
2116001
2116002
2116003
2116004
2116005
2116006
2116007
2116009
2116010
2116011
2116012
2116013
2116014
2116015
2116028
2116029
2116030
2116031
2116032
2116033
2116034
2116036
2116037
2116038
2116039
2116040
2116041
2116042
2116044
2116045
2116046
2116047
2116048
2116049
2116050
2116052
2116053
2116054
2116055
2116056
2116057
2116058
2116060
2116061
2116062
2116063
2116064
2116065
2116066
2116068
2116069
2116070
2116071
2116072
2116073
2116074
2116076
2116077
2116078
2116079
2116080
2116081
2116082
2116084
2116085
2116086
2116087
2116088
2116089
2116090
2116117
2116118
2116119
2116120
2116121
2116122
2116123
2116125
2116126
2116127
2116128
2116129
2116130
2116131
2116133
2116134
2116135
2116136
2116137
2116138
2116139
2116141
2116142
2116143
2116144
2116145
2116146
2116147
2116150
2116151
2116152
2116153
2116154
2116155
2116156
2116158
2116159
2116160
2116161
2116162
2116163
2116164
2116166
2116167
2116168
2116169
2116172
2116173
2116174
2116175
2116176
2116177
2116178
2116179
2116180
2116181
2116182
2116183
2116184
2116185
2116186
2116187
2116188
2116189
2116190
2116191
2116192
2116193
2116194
2116195
2116196
2116197
2116198
2116199
2116200
2116201
2116202
2116203
2116204
2116205
2116206
2116216
2116218
2116219
2116220
2116221
2116222
2116223
2116225
2116226
2116227
2116228
2116229
2116230
2116231
2116233
2116234
2116235
2116236
2116237
2116238
2116239
2116241
2116242
2116243
2116244
2116245
2116246
2116247
2116250
2116251
2116252
2116253
2116254
2116255
2116256
2116258
2116259
2116260
2116261
2116262
2116263
2116264
2116266
2116267
2116268
2116269
2116270
2116271
2116272
2116274
2116275
2116276
2116277
2116278
2116279
2116280
2116281
2116282
2116284
2116285
2116286
2116287
2116288
2116289
2116290
2116292
2116293
2116294
2116295
2116296
2116297
2116298
2116300
2116301
2116302
2116303
2116304
2116305
2116306
2116308
2116309
2116310
2116311
2116312
2116313
2116314
2116316
2116317
2116318
2116319
2116320
2116321
2116322
2116324
2116325
2116326
2116327
2116328
2116329
2116330
2116332
2116333
2116334
2116335
2116336
2116338
2116339
2116340
2116341
2116342
2116343
2116344
2116346
2116347
2116348
2116349
2116350
2116351
2116352
2116354
2116355
2116356
2116357
2116358
2116359
2116360
2116362
2116363
2116364
2116365
2116366
2116367
2116369
2116371
2116377
2116378
2116379
2116380
2116381
2116382
2116383
2116384
2116385
2116386
2116387
2116388
2116444
2116445
2116446
2116447
2116448
2116449
2116450
2116452
2116453
2116454
2116455
2116456
2116457
2116458
2116460
2116461
2116462
2116463
2116464
2116465
2116466
2116467
2116468
2116469
2116471
2116472
2116473
2116474
2116475
2116477
2116478
2116479
2116480
2116481
2116484
2116485
2116512
2116513
2116514
2116515
2116516
2116517
2116518
2116525
2116526
2116527
2116528
2116529
2116532
2116533
2116534
2116538
2116539
2116541
2116542
2116543
2116544
2116545
2116547
2116548
2116549
2116550
2116552
2116553
2116554
2116555
2116556
2116557
2116558
2116559
2116560
2116561
2116562
2116563
2116564
2116567
2116568
2116569
2116577
2116578
2116579
2116580
2116585
2116586
2116587
2116588
2116589
2116621
2116622
2116623
2116644
2116645
2116646
2116647
2116654
2116655
2116657
2116658
2116659
2116660
2116662
2116663
2116664
2116665
2116666
2116667
2116668
2116669
2116670
2116671
2116672
2116673
2116674
2116675
2116696
2116697
2116698
2116699
2116700
2116705
2116706
2116707
2116732
2116733
2116734
2116735
2116736
2116761
2116762
2116823
2116824
2116825
2116826
2116828
2116829
2116830
2116831
2116832
2116833
2116834
2116835
2116836
2116837
2116838
2116839
2116840
2116841
2116842
2116860
2116861
2116863
2116864
2116866
2116867
2116868
2116869
2116870
2116871
2116872
2116882
2116883
2116884
2116885
2116886
2116896
2116897
2116898
2116899
2116900
2116901
2116902
2116904
2116905
2116906
2116907
2116909
2116910
2116911
2116912
2116967
2116968
2116969
2116970
2117012
2117013
2117014
2117016
2117018
2117019
2117139
2117140
2117141
2117151
2117152
2117154
2117155
2117156
2117157
2117158
2117159
2117160
2117161
2117162
2117163
2117164
2117165
2117166
2117167
2117168
2117169
2117181
2117233
2117234
2117235
2117236
2117237
2117238
2117239
2117249
2117260
2117261
2117263
2117264
2117265
2117267
2117268
2117269
2117270
2117271
2117276
2117277
2117290
2117291
2117292
2117304
2117305
2117307
2117308
2117309
2117310
2117311
2117312
2117313
2117314
2117315
2117316
2117317
2117318
2117319
2117339
2117395
2117396
2117398
2117399
2117400
2117401
2117402
2117411
2117412
2117413
2117414
2117415
2117416
2117417
2117435
2117436
2117453
2117454
2117455
2117456
2117457
2117458
2117459
2117460
2117461
2117462
2117473
2117475
2117476
2117477
2117478
2117479
2117480
2117481
2117483
2117484
2117485
2117486
2117487
2117488
2117490
2117491
2117492
2117495
2117496
2117497
2117498
2117499
2117500
2117501
2117503
2117504
2117505
2117506
2117507
2117509
2117510
2117512
2117513
2117514
2117515
2117516
2117517
2117518
2117523
2117524
2117532
2117534
2117535
2117536
2117537
2117538
2117539
2117540
2117542
2117543
2117544
2117545
2117546
2117548
2117549
2117550
2117552
2117553
2117554
2117555
2117556
2117565
2117580
2117581
2117582
2117584
2117585
2117587
2117588
2117589
2117590
2117591
2117592
2117593
2117595
2117596
2117597
2117598
2117599
2117600
2117601
2117617
2117618
2117619
2117620
2117621
2117622
2117623
2117625
2117626
2117627
2117628
2117629
2117632
2117633
2117634
2117640
2117641
2117642
2117643
2117644
2117645
2117648
2117649
2117650
2117651
2117652
2117654
2117655
2117656
2117658
2117659
2117669
2117670
2117671
2117674
2117675
2117676
2117677
2117678
2117679
2117680
2117682
2117683
2117684
2117685
2117686
2117687
2117688
2117690
2117691
2117692
2117693
2117694
2117695
2117696
2117698
2117699
2117700
2117701
2117703
2117704
2117705
2117706
2117707
2117709
2117710
2117711
2117713
2117714
2117715
2117716
2117717
2117718
2117719
2117721
2117722
2117723
2117724
2117725
2117726
2117727
2117729
2117730
2117731
2117732
2117733
2117734
2117735
2117737
2117738
2117739
2117740
2117741
2117742
2117743
2117745
2117746
2117747
2117748
2117749
2117751
2117752
2117753
2117766
2117767
2117768
2117769
2117770
2117771
2117772
2117773
2117774
2117775
2117776
2117777
2117780
2117781
2117782
2117783
2117784
2117785
2117786
2117788
2117789
2117790
2117791
2117792
2117793
2117795
2117797
2117798
2117799
2117800
2117801
2117802
2117803
2117925
2117926
2117927
2117928
2117929
2117930
2117931
2117933
2117934
2117935
2117936
2117937
2117938
2117939
2117941
2117942
2117943
2117944
2117945
2117946
2117947
2117949
2117950
2117951
2117952
2117953
2117954
2117955
2117957
2117958
2117959
2117960
2117961
2117965
2117966
2117967
2117968
2117969
2117970
2117971
2117973
2117974
2117975
2117976
2117977
2117978
2117979
2117981
2117982
2117983
2117984
2117985
2117986
2117987
2117989
2117990
2117991
2117992
2117994
2117995
2117996
2117997
2117998
2117999
2118000
2118002
2118003
2118004
2118005
2118006
2118007
2118008
2118010
2118011
2118012
2118013
2118014
2118016
2118017
2118018
2118020
2118021
2118022
2118023
2118025
2118026
2118027
2118028
2118029
2118030
2118031
2118033
2118034
2118035
2118036
2118037
2118038
2118039
2118041
2118042
2118043
2118044
2118045
2118046
2118047
2118049
2118050
2118051
2118052
2118053
2118054
2118055
2118057
2118058
2118059
2118060
2118061
2118062
2118063
2118065
2118066
2118067
2118068
2118069
2118070
2118071
2118073
2118074
2118075
2118076
2118077
2118078
2118079
2118081
2118082
2118083
2118084
2118085
2118086
2118087
2118094
2118095
2118096
2118097
2118098
2118099
2118100
2118102
2118103
2118104
2118105
2118106
2118107
2118108
2118110
2118111
2118112
2118113
2118114
2118115
2118116
2118118
2118119
2118120
2118121
2118122
2118123
2118124
2118126
2118127
2118128
2118129
2118130
2118131
2118132
2118133
2118134
2118135
2118146
2118147
2118148
2118149
2118150
2118151
2118152
2118154
2118155
2118156
2118157
2118158
2118159
2118160
2118162
2118163
2118164
2118165
2118166
2118168
2118169
2118170
2118171
2118172
2118173
2118174
2118180
2118181
2118182
2118197
2118198
2118199
2118200
2118201
2118202
2118203
2118205
2118206
2118207
2118208
2118209
2118210
2118211
2118213
2118214
2118215
2118216
2118217
2118218
2118219
2118221
2118222
2118223
2118224
2118225
2118226
2118227
2118233
2118234
2118235
2118236
2118239
2118240
2118241
2118242
2118243
2118244
2118245
2118246
2118247
2118248
2118249
2118250
2118251
2118253
2118254
2118255
2118256
2118257
2118258
2118259
2118261
2118262
2118263
2118264
2118265
2118266
2118267
2118269
2118270
2118271
2118272
2118273
2118274
2118275
2118277
2118278
2118279
2118280
2118281
2118282
2118283
2118285
2118286
2118287
2118288
2118289
2118290
2118291
2118292
2118294
2118295
2118296
2118297
2118298
2118299
2118300
2118302
2118303
2118304
2118305
2118306
2118307
2118308
2118310
2118311
2118312
2118313
2118314
2118315
2118316
2118318
2118319
2118320
2118321
2118322
2118323
2118324
2118326
2118327
2118328
2118329
2118330
2118332
2118333
2118334
2118335
2118336
2118337
2118338
2118340
2118341
2118342
2118343
2118344
2118345
2118346
2118348
2118349
2118350
2118351
2118352
2118353
2118354
2118356
2118357
2118358
2118359
2118360
2118362
2118364
2118367
2118368
2118369
2118370
2118371
2118372
2118373
2118375
2118376
2118377
2118378
2118379
2118380
2118381
2118383
2118384
2118385
2118386
2118387
2118388
2118389
2118391
2118392
2118393
2118394
2118395
2118396
2118397
2118399
2118400
2118401
2118402
2118403
2118404
2118405
2118407
2118408
2118409
2118410
2118411
2118412
2118413
2118415
2118416
2118417
2118418
2118419
2118420
2118421
2118423
2118424
2118425
2118426
2118427
2118441
2118442
2118443
2118444
2118446
2118447
2118448
2118449
2118450
2118451
2118452
2118454
2118455
2118456
2118457
2118458
2118459
2118460
2118462
2118463
2118464
2118465
2118466
2118467
2118468
2118470
2118471
2118472
2118473
2118474
2118475
2118476
2118490
2118491
2118492
2118493
2118494
2118495
2118496
2118498
2118499
2118500
2118501
2118502
2118503
2118504
2118506
2118507
2118508
2118509
2118510
2118511
2118512
2118514
2118515
2118516
2118517
2118518
2118519
2118520
2118522
2118523
2118524
2118525
2118526
2118527
2118528
2118529
2118530
2118531
2118532
2118533
2118534
2118543
2118544
2118545
2118546
2118547
2118548
2118549
2118551
2118552
2118553
2118554
2118555
2118556
2118557
2118559
2118560
2118561
2118562
2118563
2118564
2118565
2118567
2118568
2118569
2118570
2118571
2118572
2118573
2118575
2118576
2118577
2118578
2118579
2118580
2118581
2118583
2118584
2118585
2118586
2118587
2118588
2118589
2118591
2118592
2118593
2118594
2118595
2118596
2118597
2118599
2118600
2118601
2118602
2118603
2118604
2118605
2118606
2118607
2118608
2118609
2118617
2118618
2118619
2118620
2118621
2118622
2118623
2118625
2118626
2118627
2118628
2118629
2118630
2118631
2118633
2118634
2118635
2118636
2118637
2118638
2118639
2118641
2118642
2118643
2118644
2118645
2118646
2118647
2118648
2118649
2118650
2118651
2118652
2118653
2118654
2118655
2118656
2118658
2118659
2118660
2118661
2118662
2118663
2118664
2118666
2118667
2118668
2118669
2118670
2118671
2118672
2118674
2118675
2118676
2118677
2118678
2118679
2118680
2118682
2118683
2118684
2118685
2118686
2118687
2118688
2118690
2118691
2118692
2118693
2118694
2118695
2118696
2118698
2118699
2118700
2118701
2118702
2118703
2118704
2118706
2118707
2118708
2118709
2118710
2118711
2118712
2118714
2118715
2118716
2118717
2118718
2118719
2118720
2118722
2118723
2118724
2118725
2118726
2118727
2118728
2118729
2118730
2118731
2118741
2118742
2118743
2118744
2118745
2118746
2118747
2118749
2118750
2118751
2118752
2118753
2118754
2118755
2118757
2118758
2118759
2118760
2118761
2118762
2118764
2118779
2118780
2118781
2118782
2118783
2118845
2118846
2118847
2118848
2118849
2118850
2118851
2118853
2118854
2118855
2118856
2118857
2118858
2118859
2118861
2118862
2118863
2118864
2118865
2118866
2118867
2118869
2118870
2118871
2118872
2118873
2118874
2118875
2118877
2118878
2118879
2118880
2118881
2118882
2118883
2118885
2118886
2118887
2118888
2118889
2118890
2118891
2118893
2118894
2118895
2118896
2118897
2118898
2118899
2118901
2118902
2118903
2118904
2118905
2118906
2118907
2118910
2118911
2118912
2118913
2118914
2118915
2118916
2118919
2118920
2118921
2118922
2118923
2118924
2118925
2118927
2118928
2118929
2118930
2118931
2118932
2118933
2118935
2118936
2118937
2118938
2118939
2118940
2118941
2118943
2118944
2118945
2118946
2118947
2118948
2118949
2118951
2118952
2118953
2118954
2118955
2118956
2118957
2118959
2118960
2118961
2118962
2118963
2118964
2118965
2118967
2118968
2118969
2118970
2118971
2118972
2118973
2118975
2118976
2118977
2118978
2118979
2118980
2118981
2118982
2118983
2118984
2118985
2118987
2118988
2118989
2118990
2118991
2118992
2118993
2118994
2118997
2118998
2118999
2119000
2119001
2119002
2119003
2119005
2119006
2119007
2119008
2119009
2119010
2119011
2119013
2119014
2119015
2119016
2119017
2119018
2119019
2119021
2119022
2119023
2119025
2119026
2119029
2119030
2119031
2119032
2119033
2119034
2119035
2119037
2119038
2119039
2119040
2119041
2119042
2119043
2119045
2119046
2119047
2119048
2119049
2119050
2119051
2119053
2119054
2119055
2119056
2119057
2119058
2119060
2119061
2119062
2119063
2119064
2119065
2119066
2119068
2119069
2119070
2119071
2119072
2119073
2119074
2119076
2119077
2119078
2119079
2119080
2119081
2119082
2119084
2119085
2119086
2119087
2119088
2119089
2119090
2119092
2119093
2119099
2119100
2119101
2119102
2119103
2119104
2119105
2119107
2119108
2119109
2119110
2119111
2119112
2119113
2119115
2119116
2119117
2119118
2119119
2119120
2119121
2119123
2119124
2119125
2119126
2119127
2119128
2119129
2119131
2119132
2119133
2119134
2119135
2119136
2119137
2119139
2119140
2119141
2119142
2119143
2119144
2119145
2119147
2119148
2119149
2119150
2119151
2119152
2119153
2119157
2119158
2119159
2119160
2119161
2119162
2119163
2119165
2119166
2119167
2119168
2119169
2119170
2119171
2119173
2119174
2119175
2119176
2119177
2119178
2119179
2119181
2119182
2119183
2119184
2119185
2119186
2119187
2119189
2119190
2119191
2119192
2119193
2119194
2119195
2119196
2119197
2119198
2119204
2119205
2119206
2119207
2119208
2119209
2119210
2119212
2119213
2119214
2119215
2119216
2119217
2119218
2119220
2119221
2119222
2119223
2119224
2119225
2119226
2119228
2119229
2119230
2119231
2119232
2119233
2119234
2119240
2119241
2119242
2119244
2119245
2119246
2119247
2119248
2119249
2119250
2119252
2119253
2119254
2119255
2119256
2119257
2119258
2119260
2119261
2119262
2119263
2119264
2119265
2119266
2119268
2119269
2119270
2119271
2119272
2119273
2119274
2119276
2119277
2119278
2119279
2119280
2119283
2119284
2119285
2119286
2119287
2119288
2119289
2119291
2119292
2119293
2119294
2119295
2119296
2119297
2119299
2119300
2119301
2119302
2119303
2119304
2119305
2119307
2119308
2119309
2119310
2119311
2119312
2119313
2119315
2119316
2119317
2119318
2119319
2119320
2119330
2119331
2119332
2119333
2119334
2119335
2119336
2119338
2119339
2119340
2119341
2119342
2119343
2119344
2119346
2119347
2119348
2119349
2119350
2119351
2119352
2119356
2119357
2119358
2119359
2119360
2119361
2119362
2119364
2119365
2119366
2119367
2119368
2119370
2119371
2119372
2119373
2119374
2119375
2119376
2119378
2119379
2119380
2119381
2119382
2119383
2119384
2119386
2119387
2119388
2119390
2119391
2119392
2119393
2119394
2119395
2119396
2119398
2119399
2119400
2119401
2119402
2119403
2119404
2119406
2119407
2119408
2119409
2119410
2119411
2119412
2119414
2119415
2119416
2119417
2119418
2119419
2119420
2119422
2119423
2119424
2119431
2119432
2119433
2119434
2119435
2119436
2119437
2119439
2119440
2119441
2119442
2119443
2119444
2119445
2119447
2119448
2119449
2119450
2119451
2119453
2119454
2119455
2119456
2119457
2119458
2119459
2119461
2119462
2119463
2119464
2119465
2119466
2119467
2119469
2119470
2119471
2119472
2119473
2119474
2119475
2119477
2119478
2119479
2119480
2119481
2119482
2119483
2119485
2119486
2119487
2119488
2119489
2119490
2119491
2119494
2119495
2119496
2119497
2119503
2119504
2119505
2119506
2119507
2119508
2119509
2119511
2119512
2119513
2119514
2119515
2119516
2119517
2119519
2119520
2119521
2119522
2119523
2119524
2119525
2119527
2119528
2119529
2119530
2119531
2119532
2119533
2119537
2119538
2119539
2119540
2119541
2119542
2119543
2119545
2119546
2119547
2119548
2119549
2119550
2119551
2119553
2119554
2119555
2119556
2119557
2119558
2119559
2119561
2119562
2119563
2119564
2119565
2119566
2119567
2119573
2119574
2119575
2119576
2119577
2119578
2119579
2119581
2119582
2119583
2119584
2119585
2119586
2119587
2119589
2119590
2119591
2119592
2119593
2119594
2119595
2119597
2119598
2119599
2119600
2119601
2119602
2119603
2119606
2119619
2119620
2119621
2119622
2119623
2119624
2119625
2119626
2119627
2119628
2119629
2119630
2119631
2119632
2119633
2119634
2119635
2119636
2119754
2119755
2119756
2119757
2119758
2119759
2119760
2119762
2119763
2119764
2119765
2119766
2119767
2119768
2119770
2119771
2119772
2119773
2119774
2119775
2119776
2119786
2119787
2119788
2119789
2119790
2119791
2119792
2119794
2119795
2119796
2119797
2119798
2119799
2119800
2119802
2119803
2119804
2119805
2119806
2119807
2119808
2119810
2119811
2119812
2119813
2119814
2119815
2119816
2119818
2119819
2119820
2119821
2119822
2119823
2119824
2119826
2119827
2119828
2119829
2119830
2119831
2119832
2119834
2119835
2119836
2119837
2119838
2119839
2119840
2119841
2119844
2119845
2119846
2119847
2119848
2119849
2119850
2119852
2119853
2119854
2119855
2119856
2119857
2119858
2119860
2119861
2119862
2119863
2119864
2119865
2119866
2119871
2119872
2119873
2119874
2119875
2119876
2119877
2119879
2119880
2119881
2119882
2119883
2119884
2119885
2119887
2119888
2119889
2119890
2119891
2119892
2119893
2119895
2119896
2119897
2119898
2119899
2119900
2119901
2119902
2119903
2119906
2119907
2119908
2119909
2119910
2119911
2119912
2119914
2119915
2119916
2119917
2119918
2119919
2119920
2119922
2119923
2119924
2119925
2119926
2119927
2119928
2119930
2119931
2119932
2119933
2119934
2119935
2119936
2119938
2119939
2119940
2119941
2119942
2119943
2119944
2119946
2119947
2119948
2119949
2119950
2119951
2119952
2119954
2119955
2119956
2119957
2119958
2119959
2119960
2119963
2119964
2119965
2119966
2119967
2119968
2119969
2119970
2119971
2119972
2119973
2119974
2119975
2119976
2119977
2119978
2119979
2119980
2119981
2119982
2119983
2119984
2119986
2119987
2119988
2119989
2119990
2119992
2119993
2119994
2119995
2119996
2119997
2119998
2120000
2120001
2120002
2120003
2120004
2120005
2120006
2120008
2120009
2120010
2120011
2120012
2120013
2120014
2120015
2120016
2120017
2120019
2120020
2120021
2120022
2120023
2120024
2120025
2120027
2120028
2120029
2120030
2120031
2120032
2120033
2120035
2120036
2120037
2120038
2120039
2120040
2120041
2120043
2120044
2120045
2120046
2120047
2120048
2120049
2120051
2120052
2120053
2120054
2120055
2120064
2120065
2120066
2120067
2120068
2120069
2120070
2120072
2120073
2120074
2120075
2120076
2120077
2120078
2120080
2120081
2120082
2120083
2120084
2120085
2120086
2120088
2120089
2120090
2120091
2120092
2120093
2120094
2120096
2120097
2120098
2120099
2120100
2120101
2120102
2120103
2120104
2120105
2120106
2120114
2120115
2120116
2120117
2120118
2120119
2120120
2120122
2120123
2120124
2120125
2120126
2120127
2120128
2120130
2120131
2120132
2120133
2120134
2120135
2120136
2120138
2120139
2120140
2120141
2120142
2120143
2120144
2120147
2120148
2120149
2120150
2120151
2120154
2120155
2120156
2120157
2120158
2120159
2120160
2120162
2120163
2120164
2120165
2120166
2120167
2120168
2120170
2120171
2120172
2120173
2120174
2120175
2120176
2120178
2120179
2120180
2120181
2120182
2120183
2120184
2120186
2120187
2120188
2120189
2120190
2120191
2120192
2120194
2120195
2120196
2120197
2120198
2120199
2120200
2120202
2120203
2120204
2120205
2120206
2120207
2120208
2120214
2120215
2120216
2120217
2120218
2120219
2120220
2120222
2120223
2120224
2120225
2120226
2120227
2120228
2120230
2120231
2120232
2120233
2120234
2120235
2120236
2120238
2120239
2120240
2120241
2120242
2120243
2120244
2120246
2120247
2120248
2120249
2120250
2120251
2120252
2120253
2120254
2120256
2120257
2120258
2120259
2120260
2120261
2120262
2120264
2120265
2120266
2120267
2120268
2120270
2120271
2120272
2120273
2120274
2120275
2120276
2120278
2120279
2120280
2120281
2120282
2120283
2120284
2120286
2120287
2120288
2120289
2120290
2120291
2120292
2120294
2120295
2120296
2120297
2120298
2120299
2120300
2120302
2120303
2120304
2120305
2120306
2120308
2120319
2120320
2120321
2120322
2120323
2120324
2120325
2120326
2120327
2120328
2120450
2120942
2121086
2121193
2121316
2121396
2121474
2121486
2121612
2121694
2121766
2121820
2121850
2122056
2122141
2122142
2122143
2122144
2122146
2122148
2122161
2122163
2122165
2122166
2122167
2122168
2122169
2122173
2122174
2122175
2122176
2122177
2122178
2122179
2122180
2122181
2122182
2122183
2122184
2122185
2122187
2122188
2122189
2122190
2122191
2122192
2122193
2122194
2122195
2122196
2122197
2122198
2122199
2122200
2122201
2122202
2122203
2122204
2122205
2122206
2122209
2122211
2122212
2122213
2122214
2122215
2122217
2122218
2122219
2122220
2122221
2122223
2122224
2122225
2122226
2122227
2122228
2122229
2122230
2122231
2122233
2122234
2122235
2122236
2122237
2122239
2122240
2122241
2122242
2122243
2122245
2122246
2122247
2122248
2122249
2122250
2122251
2122252
2122254
2122255
2122256
2122257
2122258
2122259
2122260
2122261
2122262
2122263
2122264
2122265
2122266
2122267
2122268
2122277
2122278
2122280
2122281
2122282
2122283
2122284
2122285
2122286
2122287
2122288
2122289
2122290
2122295
2122297
2122298
2122299
2122300
2122302
2122303
2122304
2122305
2122306
2122307
2122308
2122309
2122311
2122312
2122313
2122314
2122315
2122316
2122318
2122319
2122321
2122322
2122323
2122324
2122325
2122326
2122327
2122328
2122329
2122330
2122331
2122333
2122335
2122349
2122350
2122351
2122352
2122418
2122484
2122542
2122569
2122613
2122647
2122684
2122715
2122723
2123095
2123264
2123303
2123421
2123444
2123478
2123480
2123482
2123484
2123486
2123488
2123490
2123497
2123498
2123500
2123501
2123502
2123503
2123504
2123506
2123507
2123512
2123514
2123516
2123522
2123523
2123596
2123614
2123618
2123622
2123631
2123648
2123652
2123713
2123719
2123720
2123721
2123722
2123725
2123727
2123729
2123731
2124098
2124297
2124751
2125000
2125245
2125328
2125455
2125458
2125462
2125465
2125466
2125467
2125469
2125470
2125471
2125472
2125476
2125480
2125484
2125774
2126376
2126556
2126991
2127021
2127107
2127188
2127216
2127222
2127224
2127257
2127280
2127296
2127305
2127321
2127329
2127341
2127389
2127392
2127396
2127400
2127402
2127406
2127412
2127415
2127417
2127424
2127425
2127427
2127428
2127429
2127435
2127439
2127444
2127448
2127450
2127451
2127453
2127457
2127464
2127489
2127519
2127537
2127538
2127539
2127540
2127541
2127542
2127543
2127544
2127545
2127546
2127548
2127550
2127552
2127554
2127560
2127601
2127627
2127649
2127883
2127930
2127965
2127977
2127986
2127990
2127991
2127992
2127993
2127995
2127996
2127998
2127999
2128001
2128003
2128004
2128006
2128008
2128010
2128012
2128025
2128032
2128044
2128054
2128093
2128103
2128105
2128128
2128145
2128158
2128165
2128175
2128236
2128255
2128275
2128301
2128320
2128361
2128375
2128398
2128413
2128493
2128499
2128501
2128504
2128507
2128511
2128513
2128514
2128516
2128517
2128518
2128519
2128520
2128521
2128522
2128524
2128525
2128526
2128527
2128528
2128529
2128530
2128531
2128533
2128534
2128536
2128537
2128541
2128542
2128546
2128548
2128550
2128551
2128552
2128553
2128557
2128558
2128562
2128563
2128564
2128566
2128567
2128568
2128569
2128571
2128573
2128574
2128575
2128576
2128578
2128579
2128580
2128581
2128582
2128583
2128585
2128586
2128587
2128589
2128590
2128594
2128595
2128599
2128600
2128601
2128602
2128603
2128604
2128605
2128609
2128611
2128615
2128617
2128618
2128620
2128621
2128622
2128623
2128624
2128625
2128626
2128627
2128628
2128629
2128631
2128632
2128633
2128634
2128635
2128636
2128637
2128638
2128639
2128640
2128642
2128643
2128644
2128645
2128646
2128647
2128648
2128649
2128656
2128657
2128661
2128663
2128664
2128665
2128666
2128670
2128671
2128675
2128677
2128678
2128679
2128680
2128681
2128682
2128683
2128684
2128686
2128687
2128688
2128689
2128690
2128691
2128692
2128693
2128695
2128696
2128697
2128698
2128699
2128700
2128701
2128702
2128704
2128705
2128706
2128708
2128712
2128713
2128718
2128719
2128720
2128721
2128722
2128723
2128724
2128725
2128726
2128727
2128728
2128729
2128733
2128735
2128739
2128741
2128742
2128743
2128744
2128745
2128746
2128747
2128748
2128749
2128750
2128752
2128753
2128754
2128755
2128756
2128757
2128758
2128759
2128760
2128761
2128763
2128764
2128765
2128766
2128767
2128768
2128769
2128770
2128771
2128772
2128774
2128775
2128776
2128777
2128778
2128783
2128787
2128788
2128792
2128793
2128794
2128795
2128796
2128797
2128798
2128799
2128800
2128801
2128802
2128807
2128808
2128810
2128811
2128812
2128813
2128814
2128815
2128816
2128818
2128819
2128820
2128821
2128822
2128823
2128824
2128825
2128826
2128827
2128829
2128830
2128831
2128832
2128833
2128834
2128835
2128836
2128837
2128838
2128840
2128841
2128842
2128843
2128844
2128845
2128846
2128847
2128851
2128852
2128854
2128858
2128859
2128860
2128861
2128862
2128863
2128864
2128865
2128866
2128867
2128868
2128869
2128870
2128871
2128872
2128873
2128877
2128878
2128881
2128882
2128883
2128884
2128885
2128886
2128887
2128888
2128890
2128891
2128892
2128893
2128894
2128895
2128896
2128897
2128898
2128899
2128901
2128902
2128903
2128904
2128905
2128906
2128907
2128908
2128909
2128910
2128912
2128913
2128914
2128915
2128916
2128917
2128918
2128919
2128920
2128921
2128926
2128927
2128929
2128930
2128932
2128936
2128937
2128938
2128939
2128940
2128941
2128942
2128943
2128944
2128945
2128946
2128947
2128948
2128949
2128950
2128951
2128954
2128958
2128959
2128960
2128961
2128965
2128966
2128967
2128969
2128970
2128971
2128972
2128973
2128974
2128975
2128976
2128977
2128978
2128980
2128981
2128982
2128983
2128984
2128985
2128986
2128987
2128988
2128989
2128991
2129003
2129004
2129008
2129010
2129011
2129012
2129013
2129014
2129015
2129016
2129017
2129018
2129019
2129020
2129021
2129022
2129023
2129025
2129026
2129027
2129028
2129029
2129030
2129031
2129033
2129034
2129035
2129036
2129037
2129038
2129039
2129040
2129041
2129042
2129044
2129045
2129046
2129047
2129048
2129050
2129051
2129058
2129059
2129064
2129065
2129066
2129067
2129068
2129069
2129070
2129071
2129072
2129073
2129074
2129076
2129077
2129078
2129082
2129084
2129086
2129087
2129088
2129089
2129090
2129091
2129092
2129094
2129095
2129096
2129097
2129098
2129099
2129101
2129102
2129103
2129104
2129105
2129106
2129107
2129111
2129112
2129113
2129114
2129115
2129116
2129117
2129118
2129119
2129120
2129121
2129122
2129123
2129124
2129125
2129126
2129127
2129128
2129130
2129134
2129135
2129136
2129137
2129138
2129139
2129140
2129141
2129142
2129144
2129147
2129148
2129149
2129150
2129151
2129152
2129153
2129154
2129155
2129156
2129158
2129159
2129160
2129161
2129162
2129163
2129164
2129165
2129166
2129167
2129169
2129170
2129171
2129172
2129173
2129174
2129175
2129176
2129177
2129178
2129180
2129181
2129182
2129183
2129184
2129185
2129186
2129187
2129188
2129189
2129191
2129192
2129193
2129194
2129195
2129196
2129197
2129198
2129199
2129201
2129205
2129206
2129208
2129210
2129211
2129212
2129213
2129214
2129215
2129216
2129219
2129220
2129221
2129222
2129223
2129224
2129225
2129227
2129228
2129229
2129230
2129231
2129232
2129233
2129234
2129235
2129236
2129238
2129239
2129240
2129241
2129242
2129243
2129244
2129245
2129246
2129247
2129249
2129250
2129251
2129252
2129253
2129254
2129255
2129256
2129257
2129258
2129262
2129263
2129264
2129265
2129266
2129267
2129268
2129269
2129270
2129271
2129273
2129274
2129275
2129276
2129277
2129278
2129279
2129280
2129282
2129283
2129284
2129285
2129286
2129287
2129288
2129289
2129290
2129291
2129293
2129294
2129295
2129296
2129297
2129298
2129299
2129300
2129301
2129302
2129306
2129307
2129310
2129311
2129313
2129314
2129315
2129316
2129317
2129318
2129319
2129320
2129321
2129322
2129324
2129325
2129326
2129327
2129328
2129329
2129330
2129331
2129332
2129333
2129335
2129336
2129337
2129338
2129339
2129340
2129341
2129342
2129343
2129344
2129346
2129347
2129348
2129349
2129350
2129351
2129352
2129353
2129354
2129355
2129357
2129358
2129359
2129360
2129361
2129362
2129363
2129364
2129365
2129366
2129368
2129369
2129370
2129371
2129372
2129373
2129374
2129375
2129376
2129377
2129379
2129380
2129381
2129382
2129383
2129384
2129385
2129386
2129387
2129388
2129390
2129391
2129392
2129393
2129394
2129395
2129396
2129401
2129402
2129407
2129408
2129409
2129410
2129411
2129412
2129413
2129414
2129415
2129416
2129418
2129421
2129422
2129424
2129425
2129426
2129427
2129428
2129429
2129430
2129432
2129433
2129434
2129435
2129436
2129437
2129438
2129439
2129440
2129441
2129443
2129444
2129445
2129446
2129447
2129448
2129449
2129450
2129451
2129452
2129454
2129455
2129456
2129457
2129458
2129459
2129460
2129461
2129462
2129463
2129465
2129466
2129467
2129468
2129469
2129470
2129471
2129472
2129473
2129474
2129476
2129477
2129478
2129479
2129480
2129481
2129482
2129483
2129484
2129485
2129487
2129488
2129489
2129490
2129491
2129492
2129493
2129494
2129495
2129496
2129498
2129499
2129500
2129501
2129502
2129503
2129504
2129505
2129506
2129507
2129510
2129511
2129512
2129513
2129514
2129515
2129516
2129517
2129518
2129519
2129521
2129524
2129525
2129532
2129533
2129534
2129535
2129536
2129537
2129544
2129555
2129556
2129557
2129558
2129559
2129560
2129561
2129562
2129563
2129564
2129566
2129567
2129568
2129569
2129570
2129571
2129572
2129573
2129574
2129575
2129577
2129578
2129579
2129580
2129581
2129582
2129583
2129584
2129585
2129586
2129588
2129589
2129590
2129591
2129592
2129593
2129594
2129595
2129596
2129597
2129601
2129602
2129606
2129608
2129609
2129610
2129611
2129612
2129613
2129614
2129615
2129616
2129617
2129619
2129620
2129621
2129622
2129623
2129624
2129625
2129626
2129627
2129628
2129630
2129631
2129632
2129633
2129634
2129635
2129636
2129637
2129638
2129639
2129641
2129642
2129643
2129644
2129645
2129646
2129647
2129648
2129649
2129650
2129655
2129656
2129657
2129658
2129659
2129660
2129661
2129662
2129663
2129664
2129666
2129667
2129668
2129669
2129670
2129671
2129672
2129673
2129674
2129675
2129677
2129678
2129679
2129680
2129681
2129682
2129683
2129684
2129685
2129686
2129688
2129689
2129690
2129691
2129692
2129693
2129694
2129695
2129696
2129697
2129701
2129702
2129706
2129708
2129709
2129710
2129712
2129713
2129716
2129717
2129718
2129719
2129720
2129721
2129722
2129723
2129724
2129725
2129727
2129728
2129729
2129730
2129731
2129732
2129733
2129734
2129735
2129736
2129738
2129739
2129740
2129741
2129742
2129743
2129744
2129745
2129746
2129747
2129749
2129750
2129751
2129752
2129753
2129754
2129755
2129756
2129757
2129758
2129767
2129768
2129770
2129774
2129775
2129776
2129777
2129781
2129782
2129783
2129784
2129785
2129786
2129787
2129788
2129789
2129790
2129792
2129793
2129794
2129795
2129796
2129797
2129798
2129799
2129800
2129801
2129803
2129804
2129805
2129806
2129807
2129808
2129809
2129810
2129811
2129812
2129814
2129815
2129816
2129817
2129818
2129819
2129820
2129821
2129825
2129828
2129829
2129830
2129831
2129832
2129833
2129834
2129835
2129836
2129837
2129839
2129840
2129841
2129842
2129843
2129844
2129845
2129846
2129847
2129848
2129850
2129851
2129852
2129853
2129854
2129855
2129856
2129857
2129858
2129859
2129864
2129865
2129867
2129868
2129869
2129870
2129871
2129872
2129873
2129874
2129875
2129876
2129878
2129879
2129880
2129881
2129882
2129883
2129884
2129885
2129886
2129887
2129889
2129890
2129891
2129892
2129893
2129894
2129895
2129896
2129897
2129898
2129900
2129901
2129902
2129903
2129904
2129905
2129906
2129907
2129908
2129909
2129914
2129915
2129916
2129917
2129919
2129924
2129925
2129926
2129927
2129928
2129929
2129930
2129931
2129932
2129933
2129935
2129936
2129937
2129938
2129939
2129940
2129941
2129942
2129943
2129944
2129946
2129947
2129948
2129949
2129950
2129951
2129952
2129953
2129954
2129955
2129957
2129958
2129959
2129960
2129961
2129962
2129963
2129964
2129965
2129966
2129972
2129973
2129974
2129975
2129976
2129977
2129978
2129980
2129981
2129982
2129983
2129984
2129986
2129987
2129988
2129989
2129994
2129995
2129996
2129997
2129998
2129999
2130000
2130001
2130002
2130004
2130005
2130006
2130007
2130009
2130010
2130014
2130015
2130016
2130017
2130018
2130019
2130020
2130021
2130022
2130023
2130025
2130026
2130027
2130028
2130029
2130030
2130031
2130032
2130033
2130034
2130036
2130037
2130038
2130039
2130040
2130041
2130042
2130043
2130044
2130045
2130047
2130048
2130049
2130050
2130051
2130052
2130053
2130054
2130055
2130056
2130058
2130059
2130060
2130061
2130062
2130063
2130064
2130065
2130066
2130067
2130069
2130070
2130071
2130072
2130073
2130074
2130075
2130076
2130077
2130078
2130080
2130081
2130082
2130083
2130084
2130085
2130086
2130087
2130088
2130089
2130091
2130092
2130093
2130094
2130095
2130096
2130097
2130098
2130099
2130100
2130102
2130103
2130104
2130105
2130106
2130107
2130108
2130109
2130110
2130111
2130113
2130114
2130115
2130116
2130117
2130118
2130119
2130120
2130121
2130122
2130124
2130125
2130126
2130127
2130128
2130129
2130130
2130131
2130132
2130133
2130136
2130137
2130138
2130139
2130140
2130141
2130142
2130143
2130144
2130145
2130147
2130148
2130149
2130150
2130151
2130152
2130153
2130154
2130155
2130156
2130158
2130159
2130160
2130161
2130162
2130163
2130164
2130165
2130166
2130167
2130169
2130170
2130171
2130172
2130176
2130177
2130178
2130179
2130180
2130181
2130182
2130183
2130184
2130185
2130186
2130187
2130188
2130189
2130190
2130191
2130192
2130193
2130195
2130201
2130202
2130203
2130205
2130206
2130208
2130209
2130210
2130211
2130212
2130213
2130215
2130216
2130217
2130218
2130219
2130220
2130221
2130222
2130223
2130224
2130226
2130227
2130228
2130229
2130230
2130231
2130232
2130233
2130234
2130235
2130237
2130238
2130239
2130240
2130241
2130242
2130243
2130244
2130245
2130246
2130252
2130253
2130254
2130255
2130256
2130257
2130258
2130259
2130260
2130261
2130263
2130264
2130265
2130266
2130267
2130268
2130269
2130270
2130271
2130272
2130274
2130275
2130276
2130277
2130278
2130279
2130280
2130281
2130282
2130283
2130285
2130286
2130287
2130288
2130289
2130290
2130291
2130292
2130293
2130294
2130296
2130297
2130298
2130299
2130300
2130301
2130302
2130303
2130304
2130305
2130307
2130308
2130309
2130310
2130311
2130312
2130313
2130314
2130315
2130316
2130318
2130319
2130320
2130321
2130322
2130323
2130324
2130325
2130326
2130327
2130329
2130330
2130331
2130332
2130333
2130334
2130335
2130336
2130337
2130338
2130342
2130343
2130345
2130346
2130347
2130348
2130349
2130350
2130351
2130352
2130353
2130354
2130356
2130357
2130358
2130359
2130360
2130361
2130363
2130364
2130365
2130366
2130367
2130368
2130369
2130370
2130371
2130372
2130374
2130375
2130376
2130377
2130378
2130379
2130380
2130381
2130382
2130383
2130385
2130386
2130387
2130388
2130389
2130391
2130395
2130396
2130397
2130398
2130399
2130400
2130401
2130402
2130403
2130404
2130405
2130406
2130407
2130408
2130412
2130413
2130414
2130415
2130416
2130417
2130418
2130419
2130424
2130425
2130427
2130428
2130429
2130430
2130431
2130432
2130433
2130434
2130435
2130436
2130438
2130439
2130440
2130441
2130442
2130443
2130444
2130445
2130446
2130447
2130449
2130450
2130451
2130452
2130453
2130454
2130455
2130456
2130457
2130458
2130460
2130461
2130462
2130463
2130464
2130465
2130466
2130467
2130468
2130469
2130473
2130474
2130476
2130477
2130478
2130479
2130480
2130481
2130482
2130483
2130484
2130485
2130487
2130488
2130489
2130490
2130491
2130492
2130493
2130494
2130495
2130496
2130498
2130499
2130500
2130501
2130502
2130503
2130504
2130505
2130506
2130507
2130509
2130510
2130511
2130512
2130513
2130514
2130515
2130516
2130517
2130518
2130521
2130522
2130523
2130524
2130525
2130526
2130527
2130528
2130529
2130530
2130532
2130533
2130534
2130535
2130536
2130537
2130538
2130539
2130540
2130541
2130543
2130544
2130545
2130546
2130547
2130548
2130549
2130550
2130551
2130552
2130554
2130555
2130556
2130557
2130558
2130559
2130560
2130561
2130562
2130563
2130567
2130568
2130569
2130570
2130571
2130573
2130574
2130575
2130576
2130577
2130578
2130579
2130580
2130581
2130582
2130584
2130585
2130586
2130587
2130588
2130589
2130590
2130591
2130592
2130593
2130595
2130597
2130601
2130602
2130603
2130604
2130605
2130606
2130607
2130608
2130609
2130610
2130611
2130612
2130614
2130618
2130619
2130620
2130621
2130622
2130631
2130632
2130633
2130634
2130635
2130636
2130637
2130638
2130639
2130640
2130642
2130643
2130644
2130645
2130646
2130647
2130648
2130649
2130650
2130651
2130653
2130654
2130655
2130656
2130657
2130658
2130659
2130660
2130661
2130662
2130664
2130665
2130666
2130667
2130668
2130669
2130670
2130671
2130672
2130673
2130677
2130678
2130680
2130681
2130682
2130683
2130684
2130685
2130686
2130687
2130688
2130689
2130691
2130692
2130693
2130694
2130695
2130696
2130697
2130698
2130699
2130700
2130702
2130703
2130704
2130705
2130706
2130707
2130708
2130709
2130710
2130711
2130713
2130714
2130715
2130716
2130717
2130718
2130719
2130720
2130721
2130722
2130726
2130727
2130729
2130730
2130731
2130732
2130733
2130734
2130735
2130736
2130737
2130738
2130740
2130741
2130742
2130743
2130744
2130745
2130746
2130747
2130748
2130749
2130751
2130752
2130753
2130754
2130755
2130756
2130757
2130758
2130759
2130760
2130762
2130763
2130764
2130765
2130766
2130767
2130768
2130769
2130770
2130771
2130773
2130774
2130775
2130776
2130777
2130778
2130779
2130780
2130781
2130782
2130784
2130785
2130786
2130787
2130788
2130789
2130790
2130791
2130792
2130793
2130795
2130796
2130797
2130798
2130799
2130800
2130801
2130802
2130803
2130804
2130806
2130807
2130808
2130809
2130810
2130811
2130812
2130813
2130814
2130815
2130817
2130818
2130819
2130820
2130821
2130822
2130823
2130824
2130825
2130826
2130828
2130829
2130830
2130831
2130832
2130833
2130834
2130835
2130836
2130837
2130839
2130840
2130841
2130842
2130843
2130844
2130845
2130846
2130847
2130848
2130850
2130851
2130852
2130853
2130854
2130855
2130856
2130857
2130858
2130859
2130864
2130865
2130866
2130867
2130868
2130869
2130870
2130871
2130872
2130873
2130874
2130875
2130876
2130877
2130878
2130879
2130880
2130881
2130882
2130883
2130884
2130885
2130886
2130888
2130889
2130890
2130891
2130892
2130893
2130894
2130895
2130896
2130897
2130899
2130900
2130901
2130902
2130903
2130905
2130906
2130907
2130908
2130909
2130910
2130911
2130912
2130913
2130914
2130916
2130917
2130918
2130919
2130920
2130921
2130922
2130923
2130924
2130925
2130929
2130930
2130931
2130932
2130936
2130938
2130939
2130941
2130942
2130943
2130944
2130945
2130946
2130947
2130948
2130949
2130950
2130952
2130953
2130954
2130955
2130956
2130957
2130958
2130959
2130960
2130961
2130963
2130964
2130965
2130966
2130967
2130968
2130969
2130970
2130971
2130972
2130974
2130975
2130976
2130977
2130978
2130979
2130980
2130981
2130982
2130983
2130987
2130988
2130990
2130991
2130992
2130993
2130994
2130995
2130996
2130997
2130998
2130999
2131001
2131002
2131003
2131004
2131005
2131006
2131007
2131008
2131009
2131010
2131012
2131013
2131014
2131015
2131016
2131017
2131018
2131019
2131020
2131021
2131023
2131024
2131025
2131026
2131027
2131028
2131029
2131030
2131031
2131032
2131034
2131035
2131036
2131037
2131038
2131039
2131040
2131041
2131042
2131043
2131045
2131046
2131047
2131048
2131049
2131050
2131051
2131052
2131053
2131054
2131056
2131057
2131058
2131059
2131060
2131061
2131062
2131063
2131064
2131065
2131067
2131068
2131069
2131070
2131071
2131072
2131073
2131074
2131075
2131076
2131080
2131081
2131082
2131083
2131085
2131086
2131087
2131088
2131089
2131090
2131091
2131092
2131093
2131094
2131095
2131096
2131097
2131098
2131099
2131100
2131102
2131103
2131104
2131105
2131106
2131107
2131108
2131109
2131110
2131111
2131113
2131114
2131115
2131116
2131117
2131118
2131119
2131120
2131121
2131122
2131124
2131125
2131126
2131127
2131128
2131129
2131130
2131131
2131132
2131133
2131135
2131136
2131137
2131138
2131139
2131140
2131141
2131142
2131143
2131144
2131146
2131147
2131148
2131149
2131150
2131151
2131152
2131153
2131154
2131155
2131157
2131158
2131159
2131160
2131161
2131162
2131163
2131164
2131165
2131166
2131168
2131169
2131170
2131171
2131172
2131173
2131174
2131175
2131176
2131177
2131179
2131180
2131181
2131182
2131183
2131184
2131185
2131186
2131187
2131188
2131190
2131191
2131192
2131193
2131194
2131195
2131196
2131197
2131198
2131199
2131201
2131202
2131203
2131204
2131205
2131206
2131207
2131208
2131209
2131210
2131212
2131213
2131214
2131215
2131216
2131217
2131218
2131219
2131220
2131221
2131223
2131224
2131225
2131226
2131227
2131228
2131229
2131230
2131231
2131232
2131234
2131235
2131236
2131237
2131238
2131239
2131240
2131241
2131242
2131243
2131245
2131246
2131247
2131248
2131249
2131250
2131251
2131252
2131253
2131254
2131256
2131257
2131258
2131259
2131260
2131261
2131262
2131263
2131264
2131265
2131267
2131268
2131269
2131270
2131274
2131275
2131276
2131277
2131278
2131279
2131280
2131281
2131282
2131283
2131284
2131285
2131286
2131287
2131288
2131289
2131290
2131291
2131295
2131296
2131297
2131298
2131299
2131300
2131304
2131306
2131307
2131308
2131309
2131310
2131311
2131313
2131314
2131315
2131316
2131317
2131318
2131319
2131320
2131321
2131322
2131324
2131325
2131326
2131327
2131328
2131329
2131330
2131331
2131332
2131333
2131335
2131336
2131337
2131338
2131339
2131340
2131341
2131342
2131343
2131344
2131348
2131349
2131351
2131352
2131353
2131354
2131355
2131356
2131357
2131358
2131359
2131360
2131362
2131363
2131364
2131365
2131366
2131367
2131368
2131369
2131370
2131371
2131373
2131374
2131375
2131376
2131377
2131378
2131379
2131380
2131381
2131382
2131384
2131385
2131386
2131387
2131388
2131389
2131390
2131391
2131392
2131393
2131395
2131396
2131397
2131398
2131399
2131400
2131401
2131402
2131403
2131404
2131406
2131407
2131408
2131409
2131410
2131411
2131412
2131413
2131414
2131415
2131417
2131418
2131419
2131420
2131421
2131422
2131423
2131424
2131425
2131426
2131428
2131429
2131430
2131431
2131432
2131433
2131434
2131435
2131436
2131437
2131439
2131440
2131441
2131442
2131443
2131444
2131445
2131446
2131447
2131448
2131450
2131451
2131452
2131453
2131454
2131455
2131456
2131457
2131458
2131459
2131461
2131462
2131463
2131464
2131465
2131466
2131467
2131468
2131469
2131470
2131472
2131473
2131474
2131475
2131476
2131477
2131478
2131479
2131480
2131481
2131485
2131486
2131487
2131489
2131490
2131491
2131492
2131493
2131494
2131495
2131496
2131497
2131498
2131502
2131503
2131504
2131505
2131506
2131507
2131508
2131509
2131510
2131511
2131512
2131513
2131514
2131515
2131517
2131518
2131519
2131520
2131521
2131522
2131523
2131524
2131525
2131526
2131528
2131529
2131530
2131531
2131532
2131533
2131534
2131535
2131536
2131537
2131539
2131540
2131541
2131542
2131543
2131544
2131545
2131546
2131547
2131548
2131550
2131551
2131552
2131553
2131554
2131555
2131556
2131557
2131558
2131559
2131563
2131564
2131566
2131567
2131568
2131569
2131570
2131571
2131572
2131573
2131574
2131575
2131577
2131578
2131579
2131580
2131581
2131582
2131583
2131584
2131585
2131586
2131588
2131589
2131590
2131591
2131592
2131593
2131594
2131595
2131596
2131597
2131599
2131600
2131601
2131602
2131603
2131604
2131605
2131606
2131607
2131608
2131612
2131613
2131614
2131615
2131616
2131617
2131619
2131620
2131621
2131622
2131623
2131624
2131625
2131626
2131627
2131628
2131630
2131631
2131632
2131633
2131634
2131635
2131636
2131637
2131638
2131639
2131641
2131642
2131643
2131644
2131645
2131646
2131647
2131648
2131649
2131650
2131652
2131653
2131654
2131655
2131656
2131657
2131658
2131659
2131660
2131661
2131665
2131666
2131667
2131668
2131670
2131671
2131672
2131673
2131674
2131675
2131676
2131677
2131678
2131679
2131681
2131682
2131683
2131684
2131685
2131686
2131687
2131688
2131689
2131690
2131692
2131693
2131694
2131695
2131696
2131697
2131698
2131699
2131700
2131701
2131703
2131704
2131705
2131706
2131707
2131708
2131709
2131710
2131711
2131712
2131716
2131717
2131718
2131719
2131720
2131721
2131722
2131724
2131725
2131726
2131727
2131728
2131729
2131730
2131731
2131732
2131733
2131735
2131736
2131737
2131738
2131739
2131740
2131741
2131742
2131743
2131744
2131746
2131747
2131748
2131749
2131750
2131751
2131752
2131753
2131754
2131755
2131757
2131758
2131759
2131760
2131761
2131762
2131763
2131764
2131765
2131766
2131771
2131772
2131773
2131774
2131776
2131779
2131780
2131781
2131782
2131783
2131784
2131785
2131792
2131793
2131794
2131795
2131796
2131797
2131798
2131799
2131800
2131801
2131803
2131804
2131805
2131806
2131807
2131808
2131809
2131810
2131811
2131812
2131814
2131815
2131816
2131817
2131818
2131819
2131820
2131821
2131822
2131823
2131825
2131826
2131827
2131828
2131829
2131830
2131831
2131832
2131833
2131834
2131836
2131837
2131838
2131839
2131840
2131841
2131842
2131843
2131844
2131845
2131847
2131848
2131849
2131850
2131851
2131852
2131853
2131854
2131855
2131856
2131858
2131859
2131860
2131861
2131862
2131863
2131864
2131865
2131866
2131867
2131869
2131870
2131871
2131872
2131873
2131874
2131875
2131876
2131877
2131878
2131880
2131881
2131882
2131883
2131884
2131885
2131886
2131887
2131888
2131889
2131891
2131892
2131893
2131894
2131895
2131896
2131897
2131898
2131899
2131900
2131902
2131903
2131904
2131905
2131906
2131907
2131908
2131909
2131910
2131911
2131913
2131914
2131915
2131916
2131917
2131918
2131919
2131920
2131921
2131922
2131926
2131927
2131928
2131929
2131930
2131931
2131932
2131933
2131934
2131935
2131936
2131937
2131938
2131939
2131940
2131941
2131942
2131943
2131945
2131946
2131947
2131948
2131949
2131950
2131951
2131952
2131953
2131954
2131956
2131957
2131958
2131959
2131960
2131961
2131962
2131963
2131964
2131965
2131967
2131968
2131969
2131970
2131971
2131972
2131973
2131974
2131975
2131976
2131978
2131979
2131980
2131981
2131982
2131983
2131984
2131985
2131986
2131987
2131991
2131992
2131996
2131997
2131999
2132000
2132004
2132006
2132008
2132009
2132010
2132011
2132012
2132013
2132014
2132015
2132016
2132017
2132019
2132020
2132021
2132022
2132023
2132024
2132025
2132026
2132027
2132028
2132030
2132031
2132032
2132033
2132034
2132035
2132036
2132037
2132038
2132039
2132041
2132042
2132043
2132044
2132045
2132046
2132047
2132048
2132049
2132050
2132056
2132057
2132059
2132060
2132061
2132062
2132063
2132064
2132065
2132066
2132067
2132068
2132069
2132070
2132071
2132072
2132073
2132074
2132078
2132079
2132080
2132081
2132082
2132083
2132084
2132085
2132086
2132087
2132089
2132090
2132091
2132092
2132093
2132094
2132095
2132096
2132097
2132098
2132100
2132101
2132102
2132103
2132104
2132105
2132106
2132107
2132108
2132109
2132111
2132112
2132113
2132114
2132115
2132116
2132117
2132118
2132119
2132120
2132133
2132134
2132135
2132136
2132137
2132138
2132139
2132140
2132141
2132142
2132144
2132145
2132146
2132147
2132148
2132149
2132150
2132151
2132152
2132153
2132155
2132156
2132157
2132158
2132159
2132160
2132161
2132162
2132163
2132164
2132166
2132167
2132168
2132169
2132170
2132171
2132172
2132173
2132174
2132175
2132179
2132180
2132181
2132182
2132183
2132184
2132185
2132186
2132187
2132188
2132189
2132190
2132191
2132192
2132193
2132194
2132195
2132196
2132200
2132202
2132203
2132204
2132205
2132206
2132207
2132208
2132209
2132210
2132212
2132213
2132214
2132215
2132216
2132217
2132218
2132219
2132220
2132221
2132223
2132224
2132225
2132226
2132227
2132228
2132229
2132230
2132231
2132232
2132234
2132235
2132236
2132237
2132238
2132239
2132240
2132241
2132242
2132243
2132245
2132246
2132247
2132248
2132249
2132250
2132251
2132252
2132253
2132254
2132258
2132259
2132261
2132262
2132263
2132264
2132265
2132266
2132267
2132268
2132269
2132270
2132272
2132273
2132274
2132275
2132276
2132277
2132278
2132279
2132280
2132281
2132283
2132284
2132285
2132286
2132287
2132288
2132289
2132290
2132291
2132292
2132294
2132295
2132296
2132297
2132298
2132299
2132300
2132301
2132302
2132303
2132305
2132306
2132307
2132308
2132309
2132310
2132311
2132312
2132313
2132314
2132316
2132317
2132318
2132319
2132320
2132321
2132322
2132323
2132324
2132325
2132327
2132328
2132329
2132330
2132331
2132332
2132333
2132334
2132335
2132336
2132338
2132339
2132340
2132341
2132342
2132343
2132344
2132345
2132346
2132347
2132351
2132352
2132353
2132354
2132355
2132356
2132357
2132358
2132359
2132360
2132361
2132362
2132363
2132364
2132365
2132366
2132367
2132368
2132369
2132370
2132371
2132372
2132373
2132374
2132375
2132376
2132377
2132379
2132380
2132381
2132382
2132383
2132384
2132385
2132386
2132387
2132388
2132389
2132390
2132391
2132392
2132393
2132394
2132396
2132397
2132398
2132399
2132400
2132401
2132402
2132403
2132404
2132405
2132407
2132408
2132409
2132410
2132411
2132412
2132413
2132414
2132415
2132416
2132418
2132419
2132420
2132421
2132422
2132423
2132424
2132425
2132426
2132427
2132429
2132430
2132431
2132432
2132433
2132434
2132435
2132436
2132437
2132438
2132442
2132443
2132445
2132446
2132447
2132448
2132449
2132450
2132451
2132452
2132453
2132454
2132456
2132457
2132458
2132459
2132460
2132461
2132462
2132463
2132464
2132465
2132467
2132468
2132469
2132470
2132471
2132472
2132473
2132474
2132475
2132476
2132478
2132479
2132480
2132481
2132482
2132483
2132484
2132485
2132486
2132487
2132489
2132490
2132491
2132492
2132493
2132494
2132495
2132496
2132497
2132498
2132500
2132501
2132502
2132503
2132504
2132505
2132506
2132507
2132508
2132509
2132511
2132512
2132513
2132514
2132515
2132516
2132517
2132518
2132519
2132520
2132522
2132523
2132524
2132525
2132526
2132527
2132528
2132529
2132530
2132531
2132535
2132536
2132537
2132538
2132539
2132540
2132541
2132542
2132543
2132544
2132545
2132546
2132547
2132548
2132549
2132550
2132551
2132552
2132553
2132554
2132555
2132556
2132557
2132559
2132560
2132561
2132562
2132563
2132564
2132565
2132566
2132567
2132568
2132570
2132571
2132572
2132573
2132574
2132575
2132576
2132577
2132578
2132579
2132581
2132582
2132583
2132584
2132585
2132586
2132587
2132588
2132589
2132590
2132592
2132593
2132594
2132595
2132596
2132597
2132598
2132599
2132600
2132601
2132605
2132606
2132607
2132608
2132609
2132610
2132611
2132612
2132613
2132614
2132615
2132616
2132617
2132618
2132619
2132621
2132622
2132623
2132624
2132625
2132626
2132627
2132628
2132629
2132630
2132632
2132633
2132634
2132635
2132636
2132637
2132638
2132639
2132640
2132641
2132643
2132644
2132645
2132646
2132647
2132648
2132649
2132650
2132651
2132652
2132654
2132655
2132656
2132657
2132658
2132659
2132660
2132661
2132662
2132663
2132666
2132667
2132668
2132669
2132670
2132671
2132672
2132673
2132674
2132675
2132677
2132678
2132679
2132680
2132681
2132682
2132683
2132684
2132685
2132686
2132688
2132689
2132690
2132691
2132692
2132693
2132694
2132695
2132696
2132697
2132699
2132700
2132701
2132702
2132703
2132704
2132705
2132706
2132707
2132708
2132712
2132713
2132714
2132715
2132716
2132717
2132718
2132719
2132720
2132721
2132722
2132723
2132724
2132725
2132726
2132727
2132728
2132729
2132730
2132731
2132732
2132733
2132734
2132735
2132736
2132737
2132738
2132739
2132740
2132741
2132742
2132743
2132745
2132746
2132747
2132748
2132749
2132750
2132751
2132752
2132753
2132754
2132756
2132757
2132758
2132759
2132760
2132761
2132762
2132763
2132765
2132766
2132767
2132768
2132769
2132770
2132771
2132772
2132773
2132774
2132776
2132777
2132778
2132779
2132780
2132781
2132782
2132783
2132784
2132785
2132789
2132790
2132791
2132792
2132793
2132794
2132795
2132796
2132797
2132798
2132799
2132800
2132801
2132802
2132804
2132805
2132806
2132807
2132808
2132809
2132810
2132811
2132812
2132813
2132815
2132816
2132817
2132818
2132819
2132820
2132821
2132822
2132823
2132824
2132826
2132827
2132828
2132829
2132830
2132831
2132832
2132833
2132834
2132835
2132837
2132838
2132839
2132840
2132841
2132842
2132843
2132844
2132845
2132846
2132850
2132851
2132852
2132853
2132854
2132855
2132856
2132857
2132858
2132859
2132860
2132861
2132862
2132863
2132864
2132865
2132866
2132867
2132868
2132869
2132870
2132871
2132872
2132873
2132874
2132875
2132876
2132877
2132878
2132880
2132881
2132882
2132883
2132884
2132885
2132886
2132887
2132888
2132889
2132891
2132892
2132893
2132894
2132895
2132896
2132897
2132898
2132899
2132900
2132902
2132903
2132904
2132905
2132906
2132907
2132908
2132909
2132910
2132911
2132913
2132914
2132915
2132916
2132917
2132918
2132919
2132920
2132921
2132922
2132926
2132927
2132928
2132930
2132931
2132932
2132933
2132934
2132935
2132936
2132937
2132938
2132939
2132941
2132942
2132943
2132944
2132945
2132946
2132947
2132948
2132949
2132950
2132952
2132953
2132954
2132955
2132956
2132957
2132958
2132959
2132960
2132961
2132963
2132964
2132965
2132966
2132967
2132968
2132969
2132970
2132971
2132972
2132974
2132975
2132976
2132977
2132978
2132979
2132980
2132981
2132982
2132983
2132985
2132986
2132987
2132988
2132989
2132990
2132991
2132992
2132993
2132994
2132996
2132997
2132998
2132999
2133000
2133001
2133002
2133003
2133004
2133005
2133007
2133008
2133009
2133010
2133011
2133012
2133013
2133014
2133015
2133016
2133018
2133019
2133020
2133021
2133022
2133023
2133024
2133025
2133026
2133027
2133029
2133030
2133031
2133032
2133033
2133034
2133035
2133036
2133037
2133038
2133040
2133041
2133042
2133043
2133044
2133045
2133047
2133062
2133063
2133064
2133065
2133066
2133067
2133068
2133069
2133070
2133071
2133072
2133073
2133074
2133075
2133076
2133077
2133078
2133079
2133080
2133081
2133082
2133083
2133084
2133085
2133086
2133087
2133088
2133089
2133090
2133091
2133092
2133093
2133095
2133096
2133097
2133098
2133099
2133100
2133101
2133102
2133103
2133104
2133105
2133106
2133107
2133108
2133109
2133110
2133111
2133112
2133113
2133114
2133115
2133116
2133117
2133118
2133119
2133120
2133121
2133122
2133123
2133124
2133125
2133129
2133130
2133131
2133132
2133133
2133134
2133135
2133136
2133137
2133138
2133139
2133140
2133141
2133143
2133144
2133145
2133146
2133147
2133148
2133149
2133150
2133151
2133152
2133154
2133155
2133156
2133157
2133158
2133159
2133160
2133161
2133162
2133163
2133165
2133166
2133167
2133168
2133169
2133170
2133171
2133172
2133173
2133174
2133176
2133177
2133178
2133179
2133180
2133181
2133182
2133183
2133184
2133185
2133189
2133190
2133192
2133193
2133194
2133195
2133196
2133197
2133198
2133199
2133200
2133201
2133203
2133204
2133205
2133206
2133207
2133208
2133209
2133210
2133211
2133212
2133214
2133215
2133216
2133217
2133218
2133219
2133220
2133221
2133222
2133223
2133225
2133226
2133227
2133228
2133229
2133230
2133231
2133232
2133233
2133234
2133238
2133239
2133240
2133241
2133242
2133243
2133244
2133245
2133246
2133248
2133249
2133250
2133251
2133252
2133253
2133254
2133255
2133256
2133257
2133259
2133260
2133261
2133262
2133263
2133264
2133265
2133266
2133267
2133268
2133270
2133271
2133272
2133273
2133274
2133275
2133276
2133277
2133278
2133279
2133281
2133282
2133283
2133284
2133285
2133286
2133287
2133288
2133289
2133290
2133298
2133299
2133300
2133301
2133302
2133303
2133304
2133305
2133306
2133307
2133308
2133309
2133310
2133319
2133320
2133321
2133323
2133324
2133325
2133326
2133327
2133328
2133329
2133330
2133331
2133332
2133334
2133335
2133336
2133337
2133338
2133339
2133340
2133341
2133342
2133343
2133345
2133346
2133347
2133348
2133349
2133350
2133351
2133352
2133353
2133354
2133356
2133357
2133358
2133359
2133360
2133361
2133362
2133363
2133364
2133365
2133367
2133368
2133369
2133370
2133371
2133372
2133373
2133374
2133375
2133376
2133378
2133379
2133380
2133381
2133382
2133383
2133384
2133385
2133386
2133387
2133389
2133390
2133391
2133392
2133393
2133394
2133395
2133396
2133397
2133398
2133400
2133401
2133402
2133403
2133404
2133405
2133406
2133407
2133408
2133409
2133413
2133414
2133415
2133416
2133417
2133418
2133419
2133420
2133421
2133422
2133423
2133424
2133425
2133426
2133427
2133428
2133429
2133430
2133431
2133433
2133434
2133435
2133436
2133437
2133438
2133439
2133440
2133441
2133442
2133444
2133445
2133446
2133447
2133448
2133449
2133450
2133451
2133452
2133453
2133455
2133456
2133457
2133458
2133459
2133460
2133461
2133462
2133463
2133464
2133466
2133467
2133468
2133469
2133470
2133471
2133472
2133473
2133474
2133475
2133479
2133480
2133481
2133482
2133483
2133484
2133485
2133486
2133487
2133488
2133489
2133490
2133494
2133495
2133496
2133497
2133498
2133499
2133500
2133501
2133507
2133508
2133509
2133510
2133511
2133515
2133517
2133518
2133520
2133521
2133522
2133523
2133524
2133525
2133526
2133527
2133528
2133529
2133531
2133532
2133533
2133534
2133535
2133536
2133537
2133538
2133540
2133541
2133542
2133543
2133544
2133545
2133546
2133547
2133548
2133549
2133551
2133552
2133553
2133554
2133555
2133556
2133557
2133558
2133559
2133560
2133562
2133563
2133564
2133565
2133566
2133567
2133568
2133569
2133570
2133571
2133573
2133574
2133575
2133576
2133577
2133578
2133579
2133580
2133581
2133582
2133584
2133585
2133586
2133587
2133588
2133589
2133590
2133591
2133592
2133593
2133595
2133596
2133597
2133598
2133599
2133600
2133601
2133602
2133603
2133604
2133607
2133608
2133609
2133610
2133611
2133612
2133613
2133614
2133615
2133616
2133618
2133619
2133620
2133621
2133622
2133623
2133624
2133625
2133626
2133627
2133629
2133630
2133631
2133632
2133633
2133634
2133635
2133636
2133637
2133638
2133645
2133646
2133647
2133648
2133649
2133650
2133651
2133652
2133653
2133654
2133656
2133657
2133658
2133659
2133660
2133661
2133662
2133663
2133664
2133665
2133667
2133668
2133669
2133670
2133671
2133672
2133673
2133674
2133675
2133676
2133678
2133679
2133680
2133681
2133682
2133683
2133684
2133685
2133686
2133687
2133689
2133690
2133691
2133692
2133693
2133694
2133695
2133696
2133697
2133698
2133700
2133701
2133702
2133703
2133704
2133705
2133706
2133707
2133708
2133709
2133711
2133712
2133713
2133714
2133715
2133716
2133717
2133718
2133719
2133720
2133722
2133723
2133724
2133725
2133726
2133727
2133728
2133729
2133730
2133731
2133735
2133736
2133737
2133738
2133739
2133740
2133741
2133742
2133743
2133744
2133745
2133746
2133747
2133748
2133749
2133750
2133751
2133752
2133753
2133754
2133755
2133756
2133757
2133758
2133759
2133760
2133761
2133762
2133763
2133764
2133765
2133766
2133768
2133769
2133770
2133771
2133772
2133773
2133774
2133775
2133776
2133777
2133778
2133779
2133780
2133781
2133782
2133783
2133784
2133785
2133786
2133787
2133788
2133789
2133790
2133791
2133792
2133793
2133794
2133795
2133796
2133797
2133798
2133799
2133801
2133802
2133803
2133804
2133805
2133806
2133807
2133808
2133809
2133810
2133811
2133812
2133813
2133814
2133815
2133816
2133817
2133818
2133819
2133820
2133821
2133822
2133823
2133824
2133825
2133826
2133827
2133828
2133829
2133830
2133831
2133832
2133834
2133835
2133837
2133838
2133839
2133840
2133841
2133842
2133843
2133844
2133846
2133847
2133848
2133849
2133850
2133851
2133852
2133853
2133854
2133855
2133857
2133858
2133859
2133860
2133861
2133862
2133863
2133864
2133865
2133866
2133868
2133869
2133870
2133871
2133872
2133873
2133874
2133875
2133876
2133877
2133879
2133880
2133881
2133882
2133883
2133884
2133885
2133886
2133887
2133888
2133890
2133891
2133892
2133893
2133894
2133895
2133896
2133897
2133898
2133899
2133901
2133902
2133903
2133904
2133905
2133906
2133907
2133908
2133909
2133910
2133912
2133913
2133914
2133915
2133916
2133917
2133918
2133919
2133920
2133921
2133925
2133926
2133927
2133928
2133929
2133930
2133931
2133932
2133933
2133934
2133935
2133936
2133937
2133938
2133939
2133940
2133941
2133942
2133943
2133944
2133945
2133946
2133947
2133948
2133949
2133950
2133951
2133952
2133953
2133954
2133955
2133956
2133958
2133959
2133960
2133961
2133963
2133964
2133965
2133966
2133967
2133968
2133969
2133970
2133971
2133972
2133974
2133975
2133976
2133977
2133978
2133979
2133980
2133981
2133982
2133983
2133985
2133986
2133987
2133988
2133989
2133990
2133991
2133992
2133993
2133994
2133996
2133997
2133998
2133999
2134000
2134001
2134002
2134003
2134004
2134005
2134007
2134008
2134009
2134010
2134011
2134012
2134013
2134014
2134015
2134016
2134018
2134019
2134020
2134021
2134022
2134023
2134024
2134025
2134026
2134027
2134029
2134030
2134031
2134032
2134033
2134034
2134035
2134036
2134037
2134038
2134040
2134041
2134042
2134043
2134044
2134045
2134046
2134047
2134048
2134049
2134052
2134053
2134054
2134055
2134056
2134057
2134058
2134059
2134060
2134061
2134063
2134064
2134065
2134066
2134067
2134068
2134069
2134070
2134071
2134072
2134074
2134075
2134076
2134077
2134078
2134079
2134080
2134081
2134082
2134083
2134089
2134090
2134091
2134092
2134093
2134094
2134095
2134096
2134097
2134098
2134099
2134100
2134101
2134102
2134103
2134104
2134105
2134106
2134107
2134108
2134109
2134110
2134111
2134112
2134113
2134114
2134115
2134116
2134117
2134118
2134119
2134120
2134122
2134123
2134124
2134125
2134126
2134127
2134128
2134129
2134130
2134131
2134132
2134133
2134134
2134135
2134136
2134137
2134138
2134139
2134140
2134141
2134142
2134143
2134144
2134145
2134146
2134147
2134149
2134150
2134151
2134152
2134153
2134154
2134155
2134156
2134157
2134158
2134160
2134161
2134162
2134163
2134164
2134165
2134166
2134167
2134168
2134169
2134171
2134172
2134173
2134174
2134175
2134176
2134177
2134178
2134179
2134180
2134182
2134183
2134184
2134185
2134186
2134187
2134188
2134189
2134190
2134191
2134200
2134201
2134202
2134203
2134204
2134205
2134206
2134207
2134209
2134210
2134211
2134212
2134213
2134214
2134215
2134216
2134217
2134218
2134220
2134221
2134222
2134223
2134224
2134225
2134226
2134227
2134228
2134229
2134231
2134232
2134233
2134234
2134235
2134236
2134237
2134238
2134239
2134240
2134242
2134243
2134244
2134245
2134246
2134247
2134248
2134249
2134250
2134251
2134253
2134254
2134255
2134256
2134257
2134258
2134259
2134260
2134261
2134262
2134264
2134265
2134266
2134267
2134268
2134269
2134270
2134271
2134272
2134273
2134275
2134276
2134277
2134278
2134279
2134280
2134281
2134282
2134283
2134284
2134286
2134287
2134288
2134289
2134290
2134291
2134292
2134293
2134294
2134295
2134297
2134298
2134299
2134300
2134301
2134302
2134303
2134304
2134305
2134306
2134308
2134309
2134310
2134311
2134312
2134313
2134314
2134315
2134316
2134317
2134319
2134320
2134321
2134322
2134323
2134324
2134325
2134326
2134327
2134328
2134330
2134331
2134332
2134333
2134334
2134335
2134336
2134337
2134338
2134339
2134343
2134344
2134345
2134346
2134347
2134348
2134349
2134350
2134351
2134352
2134353
2134354
2134355
2134356
2134357
2134358
2134359
2134360
2134361
2134362
2134363
2134364
2134365
2134366
2134367
2134368
2134369
2134370
2134371
2134372
2134373
2134374
2134376
2134377
2134378
2134379
2134380
2134381
2134382
2134383
2134384
2134385
2134386
2134387
2134388
2134389
2134390
2134391
2134392
2134393
2134394
2134395
2134396
2134397
2134398
2134399
2134400
2134401
2134403
2134404
2134405
2134406
2134407
2134408
2134409
2134410
2134411
2134412
2134414
2134415
2134416
2134417
2134418
2134419
2134420
2134421
2134422
2134423
2134425
2134426
2134428
2134432
2134433
2134434
2134435
2134436
2134437
2134438
2134439
2134440
2134444
2134445
2134446
2134447
2134449
2134450
2134451
2134452
2134453
2134454
2134458
2134459
2134463
2134467
2134470
2134471
2134472
2134473
2134474
2134475
2134476
2134477
2134478
2134479
2134481
2134482
2134483
2134484
2134485
2134486
2134487
2134488
2134489
2134490
2134492
2134493
2134494
2134495
2134496
2134497
2134498
2134499
2134500
2134501
2134503
2134504
2134505
2134506
2134507
2134508
2134509
2134510
2134511
2134512
2134516
2134517
2134519
2134520
2134521
2134522
2134523
2134524
2134525
2134526
2134527
2134528
2134530
2134531
2134532
2134533
2134534
2134535
2134536
2134537
2134538
2134539
2134541
2134542
2134543
2134544
2134545
2134546
2134547
2134548
2134549
2134550
2134552
2134553
2134554
2134555
2134556
2134557
2134558
2134559
2134560
2134561
2134565
2134566
2134567
2134568
2134569
2134570
2134571
2134572
2134573
2134575
2134576
2134577
2134578
2134579
2134580
2134581
2134582
2134583
2134584
2134586
2134587
2134588
2134589
2134590
2134591
2134592
2134593
2134594
2134595
2134597
2134598
2134599
2134600
2134601
2134602
2134603
2134604
2134605
2134606
2134608
2134609
2134610
2134611
2134612
2134613
2134614
2134615
2134616
2134617
2134621
2134622
2134623
2134624
2134625
2134626
2134627
2134628
2134629
2134631
2134632
2134633
2134634
2134635
2134636
2134637
2134638
2134639
2134640
2134642
2134643
2134644
2134645
2134646
2134647
2134648
2134649
2134650
2134651
2134653
2134654
2134655
2134656
2134657
2134658
2134659
2134660
2134661
2134662
2134664
2134665
2134666
2134667
2134668
2134669
2134670
2134671
2134672
2134673
2134675
2134676
2134677
2134678
2134679
2134680
2134681
2134682
2134683
2134684
2134686
2134687
2134688
2134689
2134690
2134691
2134692
2134693
2134694
2134695
2134697
2134698
2134699
2134700
2134701
2134702
2134703
2134704
2134705
2134706
2134708
2134709
2134710
2134711
2134712
2134713
2134714
2134715
2134716
2134717
2134719
2134720
2134721
2134722
2134723
2134724
2134725
2134726
2134727
2134728
2134730
2134731
2134732
2134733
2134734
2134735
2134736
2134737
2134738
2134739
2134741
2134742
2134743
2134744
2134745
2134746
2134747
2134748
2134749
2134750
2134752
2134753
2134754
2134755
2134756
2134757
2134758
2134759
2134760
2134761
2134765
2134766
2134767
2134768
2134769
2134770
2134771
2134772
2134773
2134774
2134775
2134776
2134777
2134778
2134779
2134780
2134781
2134782
2134783
2134784
2134785
2134786
2134787
2134788
2134789
2134790
2134791
2134792
2134793
2134794
2134795
2134796
2134798
2134799
2134800
2134801
2134802
2134803
2134804
2134805
2134806
2134807
2134808
2134809
2134810
2134811
2134812
2134813
2134814
2134815
2134816
2134817
2134818
2134819
2134820
2134821
2134822
2134823
2134824
2134825
2134832
2134833
2134834
2134835
2134836
2134837
2134838
2134839
2134840
2134842
2134843
2134844
2134845
2134846
2134847
2134848
2134849
2134850
2134851
2134853
2134854
2134855
2134856
2134857
2134858
2134859
2134860
2134861
2134862
2134864
2134865
2134866
2134867
2134868
2134869
2134870
2134871
2134872
2134873
2134875
2134876
2134877
2134878
2134879
2134880
2134881
2134882
2134883
2134884
2134888
2134889
2134891
2134892
2134893
2134894
2134895
2134896
2134897
2134898
2134899
2134900
2134902
2134903
2134904
2134905
2134906
2134907
2134908
2134909
2134910
2134911
2134913
2134914
2134915
2134916
2134917
2134918
2134919
2134920
2134921
2134922
2134924
2134925
2134926
2134927
2134928
2134929
2134930
2134931
2134932
2134933
2134937
2134938
2134939
2134940
2134941
2134942
2134943
2134944
2134945
2134946
2134947
2134948
2134949
2134950
2134951
2134952
2134953
2134954
2134955
2134956
2134957
2134958
2134959
2134960
2134961
2134962
2134963
2134964
2134966
2134967
2134968
2134969
2134970
2134971
2134972
2134973
2134974
2134975
2134977
2134978
2134979
2134980
2134981
2134982
2134983
2134984
2134985
2134986
2134988
2134989
2134990
2134991
2134992
2134993
2134994
2134995
2134996
2134997
2134999
2135000
2135001
2135002
2135003
2135004
2135005
2135006
2135007
2135008
2135013
2135014
2135015
2135016
2135017
2135018
2135019
2135020
2135021
2135022
2135023
2135024
2135025
2135026
2135027
2135028
2135029
2135030
2135031
2135032
2135033
2135034
2135035
2135036
2135038
2135039
2135040
2135041
2135042
2135043
2135044
2135045
2135046
2135047
2135049
2135050
2135051
2135052
2135053
2135054
2135055
2135056
2135057
2135058
2135060
2135061
2135062
2135063
2135064
2135065
2135066
2135067
2135068
2135069
2135071
2135072
2135073
2135074
2135075
2135076
2135077
2135078
2135079
2135080
2135084
2135085
2135086
2135087
2135088
2135089
2135090
2135091
2135092
2135093
2135094
2135095
2135096
2135097
2135099
2135100
2135101
2135102
2135103
2135104
2135105
2135106
2135107
2135108
2135110
2135111
2135112
2135113
2135114
2135115
2135116
2135117
2135118
2135119
2135121
2135122
2135123
2135124
2135125
2135126
2135127
2135128
2135129
2135130
2135132
2135133
2135134
2135135
2135136
2135137
2135138
2135139
2135140
2135141
2135146
2135147
2135148
2135149
2135150
2135151
2135152
2135153
2135154
2135155
2135156
2135157
2135158
2135159
2135160
2135161
2135162
2135163
2135164
2135165
2135166
2135167
2135169
2135170
2135171
2135172
2135173
2135174
2135175
2135176
2135177
2135178
2135180
2135181
2135182
2135183
2135184
2135185
2135186
2135187
2135188
2135189
2135191
2135192
2135193
2135194
2135195
2135196
2135197
2135198
2135199
2135200
2135202
2135203
2135204
2135205
2135206
2135207
2135208
2135209
2135210
2135211
2135213
2135214
2135215
2135216
2135217
2135218
2135219
2135220
2135221
2135222
2135224
2135225
2135226
2135227
2135228
2135229
2135230
2135231
2135232
2135233
2135235
2135236
2135237
2135238
2135239
2135240
2135241
2135242
2135243
2135244
2135246
2135247
2135248
2135249
2135250
2135251
2135252
2135253
2135254
2135255
2135257
2135258
2135259
2135260
2135261
2135262
2135263
2135264
2135265
2135266
2135268
2135269
2135270
2135271
2135272
2135273
2135274
2135275
2135276
2135277
2135279
2135280
2135281
2135282
2135283
2135284
2135285
2135286
2135287
2135288
2135290
2135291
2135292
2135293
2135294
2135295
2135296
2135297
2135298
2135299
2135303
2135304
2135305
2135306
2135307
2135308
2135309
2135310
2135311
2135312
2135313
2135314
2135315
2135316
2135317
2135318
2135319
2135320
2135321
2135322
2135323
2135324
2135325
2135326
2135327
2135328
2135329
2135330
2135331
2135332
2135333
2135334
2135336
2135337
2135338
2135339
2135340
2135341
2135342
2135344
2135345
2135346
2135347
2135348
2135349
2135350
2135351
2135352
2135353
2135355
2135356
2135357
2135358
2135359
2135360
2135361
2135362
2135363
2135364
2135366
2135367
2135368
2135369
2135370
2135371
2135372
2135373
2135374
2135375
2135377
2135378
2135379
2135380
2135381
2135382
2135383
2135384
2135385
2135386
2135390
2135391
2135392
2135393
2135394
2135395
2135396
2135397
2135398
2135399
2135401
2135402
2135403
2135404
2135405
2135406
2135407
2135408
2135409
2135410
2135411
2135412
2135413
2135414
2135416
2135417
2135419
2135420
2135421
2135422
2135423
2135424
2135425
2135426
2135427
2135428
2135430
2135431
2135432
2135433
2135434
2135435
2135436
2135437
2135438
2135439
2135441
2135442
2135443
2135444
2135445
2135446
2135447
2135448
2135449
2135450
2135452
2135453
2135454
2135455
2135456
2135457
2135458
2135459
2135460
2135461
2135463
2135464
2135465
2135466
2135467
2135468
2135469
2135470
2135471
2135472
2135474
2135475
2135476
2135477
2135478
2135479
2135480
2135481
2135482
2135483
2135485
2135486
2135487
2135488
2135489
2135490
2135491
2135492
2135493
2135494
2135496
2135497
2135498
2135499
2135500
2135501
2135502
2135503
2135504
2135505
2135510
2135511
2135512
2135513
2135514
2135515
2135516
2135517
2135518
2135519
2135520
2135521
2135522
2135523
2135524
2135525
2135526
2135527
2135528
2135529
2135530
2135531
2135532
2135533
2135534
2135535
2135536
2135537
2135538
2135539
2135540
2135541
2135543
2135544
2135548
2135550
2135551
2135552
2135553
2135555
2135556
2135557
2135558
2135559
2135560
2135561
2135562
2135563
2135564
2135566
2135567
2135568
2135569
2135570
2135571
2135572
2135573
2135574
2135575
2135577
2135578
2135579
2135580
2135581
2135582
2135583
2135584
2135585
2135586
2135588
2135589
2135590
2135591
2135592
2135593
2135594
2135595
2135596
2135597
2135599
2135600
2135601
2135602
2135603
2135604
2135605
2135606
2135607
2135608
2135610
2135611
2135612
2135613
2135614
2135615
2135616
2135617
2135618
2135619
2135621
2135622
2135623
2135624
2135625
2135626
2135627
2135628
2135629
2135630
2135632
2135633
2135634
2135635
2135636
2135637
2135638
2135639
2135640
2135641
2135645
2135646
2135647
2135648
2135649
2135650
2135651
2135652
2135653
2135654
2135655
2135656
2135657
2135658
2135659
2135660
2135661
2135662
2135664
2135665
2135666
2135667
2135668
2135669
2135670
2135671
2135672
2135673
2135675
2135676
2135677
2135678
2135679
2135680
2135681
2135682
2135683
2135684
2135686
2135687
2135688
2135689
2135690
2135691
2135692
2135693
2135694
2135695
2135697
2135698
2135699
2135700
2135701
2135702
2135703
2135704
2135705
2135706
2135710
2135711
2135712
2135713
2135714
2135715
2135716
2135717
2135718
2135719
2135720
2135721
2135722
2135723
2135724
2135725
2135726
2135727
2135728
2135729
2135730
2135731
2135732
2135733
2135734
2135735
2135736
2135737
2135738
2135739
2135741
2135742
2135743
2135744
2135745
2135746
2135747
2135748
2135749
2135750
2135752
2135753
2135754
2135755
2135756
2135757
2135758
2135759
2135760
2135761
2135762
2135763
2135764
2135765
2135766
2135767
2135768
2135769
2135773
2135774
2135775
2135776
2135777
2135778
2135780
2135781
2135782
2135783
2135784
2135785
2135786
2135787
2135788
2135789
2135791
2135792
2135793
2135794
2135795
2135796
2135797
2135798
2135800
2135802
2135806
2135807
2135811
2135812
2135813
2135814
2135815
2135816
2135817
2135818
2135819
2135820
2135821
2135822
2135823
2135824
2135828
2135829
2135833
2135835
2135836
2135837
2135838
2135839
2135840
2135841
2135842
2135843
2135844
2135846
2135847
2135848
2135849
2135850
2135851
2135852
2135853
2135854
2135855
2135857
2135858
2135859
2135860
2135861
2135862
2135863
2135864
2135865
2135866
2135868
2135869
2135870
2135871
2135872
2135873
2135874
2135875
2135876
2135877
2135881
2135882
2135884
2135885
2135886
2135887
2135888
2135889
2135890
2135891
2135892
2135893
2135895
2135896
2135897
2135898
2135899
2135900
2135901
2135902
2135903
2135904
2135906
2135907
2135908
2135909
2135910
2135911
2135912
2135913
2135914
2135915
2135917
2135918
2135919
2135920
2135921
2135922
2135923
2135924
2135925
2135926
2135928
2135929
2135930
2135931
2135932
2135933
2135934
2135935
2135936
2135937
2135939
2135940
2135941
2135942
2135943
2135944
2135945
2135946
2135947
2135948
2135950
2135951
2135952
2135953
2135954
2135955
2135956
2135957
2135958
2135959
2135961
2135962
2135963
2135964
2135965
2135966
2135967
2135968
2135969
2135970
2135974
2135975
2135976
2135977
2135978
2135979
2135980
2135981
2135982
2135983
2135984
2135985
2135986
2135987
2135988
2135989
2135990
2135991
2135992
2135993
2135994
2135995
2135996
2135997
2135998
2136000
2136001
2136002
2136003
2136004
2136005
2136006
2136007
2136008
2136009
2136011
2136012
2136013
2136014
2136015
2136016
2136017
2136018
2136019
2136020
2136022
2136023
2136024
2136025
2136026
2136027
2136028
2136029
2136030
2136031
2136033
2136034
2136035
2136036
2136037
2136038
2136039
2136040
2136041
2136042
2136044
2136045
2136046
2136047
2136048
2136049
2136050
2136051
2136052
2136053
2136055
2136056
2136057
2136058
2136059
2136060
2136061
2136062
2136063
2136064
2136066
2136067
2136068
2136069
2136070
2136071
2136072
2136073
2136074
2136075
2136077
2136078
2136079
2136080
2136081
2136082
2136083
2136084
2136085
2136086
2136090
2136091
2136092
2136093
2136094
2136095
2136096
2136097
2136098
2136099
2136100
2136101
2136102
2136103
2136104
2136105
2136106
2136107
2136108
2136109
2136110
2136111
2136112
2136113
2136114
2136115
2136116
2136117
2136118
2136119
2136121
2136122
2136123
2136124
2136125
2136126
2136127
2136128
2136129
2136130
2136131
2136132
2136133
2136134
2136135
2136136
2136138
2136139
2136140
2136141
2136142
2136143
2136144
2136145
2136146
2136147
2136149
2136150
2136151
2136152
2136153
2136154
2136155
2136156
2136157
2136158
2136160
2136161
2136162
2136163
2136164
2136165
2136166
2136167
2136168
2136169
2136171
2136172
2136173
2136174
2136175
2136176
2136177
2136178
2136179
2136180
2136184
2136185
2136186
2136187
2136189
2136190
2136191
2136192
2136193
2136194
2136195
2136196
2136197
2136198
2136200
2136201
2136202
2136203
2136204
2136205
2136206
2136207
2136208
2136209
2136211
2136212
2136213
2136214
2136215
2136216
2136217
2136218
2136219
2136220
2136222
2136223
2136224
2136225
2136226
2136227
2136228
2136229
2136230
2136231
2136233
2136234
2136235
2136236
2136237
2136238
2136239
2136240
2136241
2136242
2136244
2136245
2136246
2136247
2136248
2136249
2136250
2136251
2136252
2136253
2136255
2136256
2136257
2136258
2136259
2136260
2136261
2136262
2136263
2136264
2136269
2136270
2136271
2136272
2136273
2136274
2136275
2136276
2136277
2136278
2136279
2136280
2136281
2136282
2136283
2136284
2136285
2136286
2136287
2136288
2136289
2136290
2136291
2136292
2136293
2136294
2136295
2136296
2136298
2136299
2136300
2136301
2136302
2136303
2136304
2136305
2136307
2136308
2136309
2136310
2136311
2136312
2136313
2136314
2136315
2136316
2136318
2136319
2136320
2136321
2136322
2136323
2136324
2136325
2136326
2136327
2136329
2136330
2136331
2136332
2136333
2136334
2136335
2136336
2136338
2136339
2136340
2136341
2136342
2136343
2136344
2136345
2136346
2136347
2136349
2136350
2136351
2136352
2136353
2136354
2136355
2136356
2136357
2136358
2136360
2136361
2136362
2136363
2136364
2136365
2136366
2136367
2136368
2136369
2136371
2136372
2136373
2136374
2136375
2136376
2136377
2136378
2136379
2136380
2136384
2136385
2136386
2136387
2136388
2136389
2136390
2136391
2136392
2136393
2136394
2136395
2136396
2136397
2136398
2136399
2136400
2136401
2136402
2136403
2136404
2136405
2136406
2136407
2136408
2136409
2136411
2136412
2136413
2136414
2136415
2136416
2136417
2136418
2136419
2136420
2136422
2136423
2136424
2136425
2136426
2136427
2136428
2136429
2136430
2136431
2136433
2136434
2136435
2136436
2136437
2136438
2136439
2136440
2136442
2136443
2136444
2136445
2136446
2136447
2136448
2136449
2136450
2136451
2136453
2136454
2136455
2136456
2136457
2136458
2136459
2136460
2136461
2136462
2136464
2136465
2136466
2136467
2136468
2136469
2136470
2136471
2136472
2136473
2136475
2136476
2136477
2136478
2136479
2136480
2136481
2136482
2136483
2136484
2136486
2136487
2136488
2136489
2136490
2136491
2136492
2136493
2136494
2136495
2136499
2136500
2136501
2136502
2136503
2136504
2136505
2136506
2136507
2136508
2136509
2136510
2136511
2136512
2136513
2136514
2136515
2136516
2136517
2136518
2136519
2136520
2136521
2136522
2136524
2136525
2136526
2136527
2136528
2136529
2136530
2136531
2136532
2136533
2136535
2136536
2136537
2136538
2136539
2136540
2136541
2136542
2136543
2136544
2136546
2136547
2136548
2136549
2136550
2136551
2136552
2136553
2136555
2136556
2136557
2136558
2136559
2136560
2136561
2136562
2136563
2136564
2136568
2136569
2136570
2136571
2136572
2136574
2136575
2136576
2136577
2136578
2136579
2136580
2136581
2136582
2136583
2136585
2136586
2136587
2136588
2136589
2136590
2136591
2136592
2136593
2136594
2136596
2136597
2136598
2136599
2136600
2136601
2136602
2136603
2136604
2136605
2136607
2136608
2136609
2136610
2136611
2136612
2136613
2136614
2136615
2136616
2136620
2136621
2136622
2136623
2136624
2136625
2136626
2136627
2136628
2136629
2136630
2136631
2136632
2136634
2136635
2136636
2136637
2136638
2136639
2136640
2136641
2136642
2136643
2136645
2136646
2136647
2136648
2136649
2136650
2136651
2136652
2136653
2136654
2136656
2136657
2136658
2136659
2136660
2136661
2136662
2136663
2136665
2136666
2136667
2136668
2136669
2136670
2136671
2136672
2136673
2136674
2136678
2136679
2136680
2136681
2136682
2136683
2136684
2136685
2136686
2136687
2136688
2136689
2136690
2136691
2136692
2136693
2136697
2136698
2136699
2136701
2136702
2136703
2136704
2136705
2136706
2136707
2136708
2136709
2136710
2136712
2136713
2136714
2136715
2136716
2136717
2136718
2136719
2136720
2136721
2136723
2136724
2136725
2136726
2136727
2136728
2136729
2136730
2136732
2136733
2136734
2136735
2136736
2136737
2136738
2136739
2136740
2136741
2136743
2136744
2136745
2136746
2136747
2136748
2136749
2136750
2136751
2136752
2136754
2136755
2136756
2136757
2136758
2136759
2136760
2136761
2136762
2136763
2136765
2136766
2136767
2136768
2136769
2136770
2136771
2136772
2136773
2136774
2136776
2136777
2136778
2136779
2136780
2136781
2136782
2136783
2136790
2136791
2136792
2136793
2136794
2136795
2136796
2136797
2136798
2136799
2136800
2136801
2136802
2136803
2136804
2136805
2136806
2136807
2136808
2136809
2136810
2136811
2136812
2136813
2136814
2136815
2136816
2136818
2136819
2136820
2136821
2136822
2136823
2136824
2136825
2136826
2136827
2136829
2136830
2136831
2136832
2136833
2136834
2136835
2136836
2136837
2136838
2136840
2136841
2136842
2136843
2136844
2136845
2136846
2136847
2136848
2136849
2136850
2136851
2136852
2136853
2136854
2136855
2136856
2136857
2136858
2136859
2136863
2136864
2136865
2136866
2136867
2136868
2136869
2136871
2136872
2136873
2136874
2136875
2136876
2136877
2136878
2136880
2136881
2136882
2136883
2136884
2136885
2136886
2136887
2136888
2136889
2136891
2136892
2136893
2136894
2136895
2136896
2136897
2136898
2136899
2136900
2136902
2136903
2136904
2136905
2136906
2136907
2136908
2136909
2136910
2136911
2136913
2136914
2136915
2136916
2136917
2136918
2136919
2136920
2136921
2136922
2136925
2136926
2136927
2136928
2136929
2136930
2136931
2136933
2136934
2136935
2136936
2136937
2136938
2136939
2136940
2136942
2136943
2136944
2136945
2136946
2136947
2136948
2136950
2136951
2136952
2136953
2136954
2136955
2136956
2136957
2136958
2136959
2136961
2136962
2136963
2136964
2136965
2136966
2136967
2136968
2136969
2136970
2136973
2136974
2136975
2136976
2136977
2136978
2136979
2136980
2136982
2136983
2136984
2136985
2136986
2136987
2136988
2136989
2136990
2136991
2136994
2136995
2136996
2136997
2136998
2136999
2137001
2137002
2137003
2137004
2137005
2137006
2137007
2137008
2137010
2137011
2137012
2137013
2137014
2137015
2137016
2137017
2137018
2137019
2137020
2137021
2137022
2137023
2137024
2137025
2137026
2137027
2137028
2137029
2137030
2137031
2137032
2137033
2137034
2137035
2137036
2137039
2137040
2137049
2137052
2137053
2137054
2137055
2137070
2137071
2137072
2137073
2137074
2137075
2137076
2137078
2137079
2137080
2137081
2137082
2137083
2137084
2137085
2137086
2137087
2137094
2137095
2137099
2137101
2137102
2137103
2137104
2137105
2137106
2137107
2137109
2137110
2137111
2137112
2137113
2137114
2137115
2137116
2137117
2137118
2137119
2137120
2137121
2137122
2137123
2137124
2137125
2137126
2137127
2137128
2137130
2137131
2137132
2137133
2137134
2137135
2137136
2137137
2137139
2137140
2137141
2137142
2137143
2137144
2137145
2137146
2137147
2137148
2137150
2137151
2137152
2137153
2137154
2137155
2137156
2137157
2137158
2137159
2137161
2137162
2137163
2137164
2137165
2137166
2137167
2137168
2137170
2137171
2137172
2137173
2137174
2137175
2137176
2137177
2137178
2137179
2137181
2137182
2137183
2137184
2137185
2137186
2137187
2137188
2137189
2137190
2137192
2137193
2137194
2137195
2137196
2137197
2137198
2137199
2137200
2137201
2137203
2137204
2137205
2137206
2137207
2137208
2137209
2137210
2137212
2137213
2137214
2137215
2137216
2137217
2137218
2137219
2137220
2137221
2137225
2137226
2137228
2137229
2137230
2137231
2137232
2137233
2137234
2137235
2137236
2137237
2137240
2137241
2137242
2137243
2137244
2137245
2137246
2137247
2137248
2137249
2137250
2137251
2137252
2137253
2137254
2137259
2137260
2137261
2137262
2137263
2137264
2137265
2137266
2137267
2137268
2137271
2137272
2137273
2137274
2137276
2137277
2137278
2137279
2137280
2137281
2137282
2137283
2137284
2137285
2137287
2137288
2137289
2137290
2137291
2137292
2137293
2137294
2137296
2137297
2137298
2137299
2137300
2137301
2137302
2137304
2137305
2137306
2137307
2137308
2137309
2137310
2137311
2137315
2137316
2137320
2137321
2137322
2137323
2137324
2137325
2137326
2137327
2137329
2137330
2137331
2137332
2137333
2137334
2137335
2137336
2137338
2137339
2137340
2137341
2137342
2137343
2137344
2137345
2137347
2137348
2137349
2137350
2137351
2137352
2137353
2137354
2137357
2137358
2137359
2137360
2137361
2137362
2137363
2137364
2137368
2137369
2137370
2137371
2137372
2137373
2137374
2137375
2137376
2137377
2137378
2137379
2137380
2137381
2137382
2137383
2137384
2137385
2137386
2137387
2137388
2137389
2137390
2137391
2137392
2137394
2137395
2137396
2137397
2137398
2137399
2137400
2137401
2137403
2137404
2137405
2137406
2137407
2137408
2137409
2137410
2137412
2137413
2137414
2137415
2137416
2137417
2137418
2137419
2137421
2137422
2137423
2137424
2137425
2137426
2137427
2137428
2137432
2137433
2137434
2137437
2137438
2137439
2137440
2137441
2137442
2137443
2137444
2137446
2137447
2137448
2137449
2137450
2137451
2137452
2137453
2137455
2137456
2137457
2137458
2137459
2137460
2137461
2137462
2137466
2137467
2137468
2137469
2137470
2137471
2137472
2137473
2137474
2137475
2137476
2137477
2137479
2137480
2137481
2137482
2137483
2137484
2137485
2137486
2137488
2137489
2137490
2137491
2137492
2137493
2137494
2137495
2137497
2137498
2137499
2137500
2137501
2137502
2137503
2137504
2137506
2137507
2137508
2137509
2137510
2137511
2137512
2137513
2137519
2137520
2137521
2137522
2137523
2137524
2137525
2137526
2137528
2137529
2137530
2137531
2137532
2137533
2137534
2137535
2137537
2137538
2137539
2137540
2137541
2137542
2137543
2137544
2137546
2137547
2137548
2137549
2137550
2137551
2137552
2137553
2137557
2137558
2137559
2137560
2137561
2137562
2137563
2137564
2137565
2137566
2137567
2137568
2137569
2137570
2137571
2137572
2137573
2137574
2137575
2137576
2137577
2137578
2137579
2137580
2137581
2137582
2137584
2137585
2137586
2137587
2137588
2137589
2137590
2137591
2137593
2137594
2137595
2137596
2137597
2137598
2137599
2137600
2137602
2137603
2137604
2137605
2137606
2137607
2137608
2137609
2137611
2137612
2137613
2137614
2137615
2137616
2137617
2137618
2137622
2137623
2137624
2137625
2137626
2137627
2137628
2137629
2137630
2137631
2137632
2137633
2137634
2137635
2137636
2137638
2137639
2137640
2137641
2137642
2137643
2137644
2137645
2137647
2137648
2137649
2137650
2137651
2137652
2137653
2137654
2137656
2137657
2137658
2137659
2137660
2137661
2137662
2137663
2137665
2137666
2137667
2137668
2137669
2137670
2137671
2137672
2137674
2137675
2137676
2137677
2137678
2137679
2137680
2137681
2137682
2137683
2137684
2137685
2137686
2137687
2137688
2137689
2137690
2137691
2137692
2137693
2137694
2137695
2137696
2137697
2137698
2137699
2137700
2137701
2137702
2137704
2137705
2137706
2137707
2137708
2137709
2137710
2137711
2137713
2137714
2137715
2137716
2137717
2137718
2137719
2137720
2137722
2137723
2137724
2137725
2137726
2137727
2137728
2137729
2137731
2137732
2137733
2137734
2137735
2137736
2137737
2137738
2137742
2137743
2137744
2137745
2137746
2137747
2137748
2137749
2137750
2137751
2137752
2137753
2137754
2137755
2137756
2137757
2137758
2137759
2137761
2137762
2137764
2137765
2137766
2137767
2137768
2137769
2137770
2137771
2137773
2137774
2137775
2137776
2137777
2137778
2137779
2137780
2137782
2137783
2137784
2137785
2137786
2137787
2137788
2137789
2137791
2137792
2137793
2137794
2137795
2137796
2137797
2137798
2137802
2137803
2137805
2137806
2137807
2137808
2137809
2137810
2137811
2137812
2137813
2137814
2137815
2137816
2137817
2137818
2137819
2137820
2137822
2137823
2137824
2137825
2137826
2137827
2137828
2137829
2137831
2137832
2137833
2137834
2137835
2137836
2137837
2137838
2137840
2137841
2137842
2137843
2137844
2137845
2137846
2137847
2137849
2137850
2137851
2137852
2137853
2137854
2137855
2137856
2137858
2137859
2137860
2137861
2137862
2137863
2137864
2137865
2137867
2137868
2137869
2137870
2137871
2137872
2137873
2137874
2137876
2137877
2137878
2137879
2137880
2137881
2137882
2137883
2137885
2137886
2137887
2137888
2137889
2137890
2137891
2137892
2137896
2137897
2137898
2137899
2137900
2137901
2137902
2137903
2137904
2137905
2137906
2137907
2137908
2137909
2137910
2137911
2137912
2137913
2137914
2137916
2137917
2137918
2137919
2137920
2137921
2137922
2137923
2137925
2137926
2137927
2137928
2137929
2137930
2137931
2137932
2137934
2137935
2137936
2137937
2137938
2137939
2137940
2137941
2137943
2137944
2137945
2137946
2137947
2137948
2137949
2137950
2137954
2137955
2137956
2137957
2137958
2137959
2137960
2137961
2137962
2137963
2137964
2137965
2137966
2137967
2137968
2137969
2137970
2137971
2137972
2137973
2137974
2137975
2137976
2137977
2137978
2137979
2137980
2137981
2137982
2137983
2137985
2137986
2137987
2137988
2137989
2137990
2137991
2137992
2137994
2137995
2137996
2137997
2137998
2137999
2138000
2138001
2138003
2138004
2138005
2138006
2138007
2138008
2138009
2138010
2138012
2138013
2138014
2138015
2138016
2138017
2138018
2138019
2138023
2138024
2138026
2138027
2138028
2138029
2138030
2138031
2138032
2138033
2138035
2138036
2138037
2138038
2138039
2138040
2138041
2138042
2138044
2138045
2138046
2138047
2138048
2138049
2138050
2138051
2138053
2138054
2138055
2138056
2138057
2138058
2138059
2138060
2138062
2138063
2138064
2138065
2138066
2138067
2138068
2138069
2138071
2138072
2138073
2138074
2138075
2138076
2138077
2138078
2138080
2138081
2138082
2138083
2138084
2138085
2138086
2138087
2138089
2138090
2138091
2138092
2138093
2138094
2138095
2138096
2138098
2138099
2138100
2138101
2138102
2138103
2138104
2138105
2138107
2138108
2138109
2138110
2138111
2138112
2138113
2138114
2138116
2138117
2138118
2138119
2138120
2138121
2138122
2138123
2138125
2138126
2138127
2138128
2138129
2138130
2138131
2138132
2138134
2138135
2138136
2138137
2138138
2138139
2138140
2138141
2138143
2138144
2138145
2138146
2138147
2138148
2138149
2138150
2138152
2138153
2138155
2138157
2138161
2138162
2138163
2138164
2138165
2138166
2138167
2138168
2138169
2138170
2138171
2138172
2138173
2138174
2138175
2138176
2138177
2138178
2138179
2138180
2138181
2138182
2138183
2138184
2138185
2138186
2138187
2138188
2138189
2138190
2138191
2138192
2138194
2138195
2138196
2138197
2138198
2138199
2138200
2138201
2138202
2138203
2138204
2138205
2138206
2138207
2138208
2138209
2138210
2138211
2138212
2138213
2138214
2138215
2138216
2138217
2138218
2138219
2138220
2138221
2138222
2138223
2138229
2138230
2138231
2138232
2138233
2138234
2138235
2138236
2138237
2138238
2138242
2138244
2138245
2138246
2138247
2138248
2138249
2138250
2138251
2138253
2138254
2138255
2138256
2138257
2138258
2138259
2138260
2138262
2138263
2138264
2138265
2138266
2138267
2138268
2138269
2138271
2138272
2138273
2138274
2138275
2138276
2138277
2138278
2138282
2138283
2138285
2138286
2138287
2138288
2138289
2138290
2138291
2138292
2138294
2138295
2138296
2138297
2138298
2138299
2138300
2138301
2138303
2138304
2138305
2138306
2138307
2138308
2138309
2138310
2138312
2138313
2138314
2138315
2138316
2138317
2138318
2138319
2138323
2138324
2138325
2138326
2138327
2138328
2138329
2138330
2138331
2138332
2138333
2138334
2138335
2138336
2138337
2138338
2138339
2138340
2138341
2138342
2138343
2138344
2138346
2138347
2138348
2138349
2138350
2138351
2138352
2138353
2138355
2138356
2138357
2138358
2138359
2138360
2138361
2138362
2138364
2138365
2138366
2138367
2138368
2138369
2138370
2138371
2138373
2138374
2138375
2138376
2138377
2138378
2138379
2138380
2138384
2138385
2138386
2138387
2138388
2138390
2138391
2138392
2138393
2138394
2138395
2138396
2138397
2138399
2138400
2138401
2138402
2138403
2138404
2138405
2138406
2138408
2138409
2138410
2138411
2138412
2138413
2138414
2138415
2138417
2138418
2138419
2138420
2138421
2138422
2138423
2138424
2138428
2138429
2138430
2138431
2138432
2138433
2138434
2138435
2138436
2138437
2138438
2138439
2138440
2138441
2138442
2138443
2138444
2138445
2138446
2138447
2138448
2138449
2138450
2138451
2138452
2138453
2138454
2138455
2138456
2138458
2138459
2138460
2138461
2138462
2138463
2138464
2138465
2138467
2138468
2138469
2138470
2138471
2138472
2138473
2138474
2138476
2138477
2138478
2138479
2138480
2138481
2138482
2138483
2138485
2138486
2138487
2138488
2138489
2138490
2138491
2138492
2138496
2138497
2138499
2138500
2138501
2138502
2138503
2138504
2138505
2138506
2138508
2138509
2138510
2138511
2138512
2138513
2138514
2138515
2138517
2138518
2138519
2138520
2138521
2138522
2138523
2138524
2138526
2138527
2138528
2138529
2138530
2138531
2138532
2138533
2138535
2138536
2138537
2138538
2138539
2138540
2138541
2138542
2138544
2138545
2138546
2138547
2138548
2138549
2138550
2138551
2138553
2138554
2138555
2138556
2138557
2138558
2138559
2138560
2138562
2138563
2138564
2138565
2138566
2138567
2138568
2138569
2138573
2138574
2138575
2138576
2138577
2138578
2138579
2138580
2138581
2138582
2138583
2138584
2138585
2138586
2138587
2138588
2138589
2138590
2138591
2138592
2138593
2138594
2138595
2138596
2138597
2138598
2138600
2138601
2138602
2138603
2138604
2138605
2138606
2138607
2138608
2138609
2138610
2138611
2138612
2138613
2138614
2138615
2138617
2138618
2138619
2138620
2138621
2138622
2138623
2138624
2138626
2138627
2138628
2138629
2138630
2138631
2138632
2138633
2138635
2138636
2138637
2138638
2138639
2138640
2138641
2138642
2138644
2138645
2138646
2138647
2138648
2138649
2138650
2138651
2138655
2138656
2138658
2138659
2138660
2138661
2138662
2138663
2138664
2138665
2138667
2138668
2138669
2138670
2138671
2138672
2138673
2138674
2138676
2138677
2138678
2138679
2138680
2138681
2138682
2138683
2138685
2138686
2138687
2138688
2138689
2138690
2138691
2138692
2138696
2138697
2138698
2138699
2138700
2138701
2138702
2138703
2138704
2138706
2138707
2138708
2138709
2138710
2138711
2138712
2138713
2138715
2138716
2138717
2138718
2138719
2138720
2138721
2138722
2138724
2138725
2138726
2138727
2138728
2138729
2138730
2138731
2138733
2138734
2138735
2138736
2138737
2138738
2138739
2138740
2138742
2138743
2138744
2138745
2138746
2138747
2138748
2138749
2138751
2138752
2138753
2138754
2138755
2138756
2138757
2138758
2138760
2138761
2138762
2138763
2138764
2138765
2138766
2138767
2138769
2138770
2138771
2138772
2138773
2138774
2138775
2138776
2138780
2138781
2138782
2138783
2138784
2138785
2138786
2138787
2138788
2138789
2138790
2138791
2138792
2138793
2138794
2138795
2138796
2138797
2138798
2138799
2138800
2138801
2138802
2138803
2138804
2138805
2138806
2138807
2138808
2138809
2138810
2138811
2138813
2138814
2138815
2138816
2138817
2138818
2138819
2138820
2138822
2138823
2138824
2138825
2138826
2138827
2138828
2138829
2138831
2138832
2138833
2138834
2138835
2138836
2138837
2138838
2138840
2138841
2138842
2138843
2138844
2138845
2138846
2138847
2138849
2138850
2138851
2138852
2138853
2138854
2138855
2138856
2138858
2138859
2138860
2138861
2138862
2138863
2138864
2138865
2138867
2138868
2138869
2138870
2138871
2138872
2138873
2138874
2138876
2138877
2138878
2138879
2138880
2138881
2138882
2138883
2138887
2138888
2138889
2138890
2138891
2138892
2138893
2138894
2138895
2138896
2138897
2138898
2138899
2138900
2138901
2138902
2138903
2138904
2138905
2138906
2138907
2138908
2138909
2138910
2138912
2138913
2138914
2138915
2138916
2138917
2138918
2138919
2138921
2138922
2138923
2138924
2138925
2138926
2138927
2138928
2138930
2138931
2138932
2138933
2138934
2138935
2138936
2138937
2138939
2138940
2138941
2138942
2138943
2138944
2138945
2138946
2138952
2138953
2138954
2138955
2138956
2138957
2138958
2138959
2138961
2138962
2138963
2138964
2138965
2138966
2138967
2138968
2138970
2138971
2138972
2138973
2138974
2138975
2138976
2138977
2138979
2138980
2138981
2138982
2138983
2138984
2138985
2138986
2138990
2138991
2138992
2138993
2138994
2138995
2138996
2138997
2138998
2138999
2139000
2139001
2139002
2139003
2139004
2139005
2139006
2139007
2139008
2139009
2139010
2139011
2139012
2139013
2139014
2139015
2139016
2139017
2139019
2139020
2139021
2139022
2139023
2139024
2139025
2139026
2139028
2139029
2139030
2139031
2139032
2139033
2139034
2139035
2139037
2139038
2139039
2139040
2139041
2139042
2139043
2139044
2139046
2139047
2139048
2139049
2139050
2139051
2139052
2139053
2139056
2139057
2139058
2139059
2139060
2139061
2139062
2139063
2139066
2139067
2139068
2139069
2139070
2139071
2139072
2139073
2139074
2139075
2139076
2139077
2139078
2139079
2139080
2139082
2139083
2139084
2139085
2139086
2139087
2139088
2139089
2139090
2139091
2139092
2139093
2139094
2139095
2139096
2139097
2139099
2139100
2139101
2139102
2139103
2139104
2139105
2139106
2139108
2139109
2139110
2139111
2139112
2139113
2139114
2139115
2139117
2139118
2139119
2139120
2139121
2139122
2139123
2139124
2139126
2139127
2139128
2139129
2139130
2139131
2139132
2139133
2139135
2139136
2139137
2139138
2139139
2139140
2139141
2139142
2139144
2139145
2139146
2139147
2139148
2139149
2139150
2139151
2139153
2139154
2139155
2139156
2139157
2139158
2139159
2139160
2139162
2139163
2139164
2139165
2139166
2139167
2139168
2139169
2139171
2139172
2139173
2139174
2139175
2139176
2139177
2139178
2139180
2139181
2139182
2139183
2139184
2139185
2139186
2139187
2139189
2139190
2139191
2139192
2139193
2139194
2139195
2139196
2139198
2139199
2139200
2139201
2139202
2139203
2139204
2139205
2139209
2139210
2139211
2139212
2139213
2139214
2139215
2139216
2139217
2139218
2139219
2139220
2139221
2139222
2139223
2139224
2139225
2139226
2139227
2139228
2139229
2139230
2139231
2139232
2139233
2139234
2139235
2139236
2139237
2139238
2139239
2139240
2139242
2139243
2139246
2139247
2139248
2139249
2139250
2139251
2139252
2139253
2139255
2139256
2139257
2139258
2139259
2139260
2139261
2139262
2139264
2139265
2139266
2139267
2139268
2139269
2139270
2139271
2139276
2139277
2139278
2139279
2139280
2139281
2139282
2139284
2139285
2139286
2139287
2139288
2139289
2139290
2139291
2139293
2139294
2139295
2139296
2139297
2139298
2139299
2139300
2139302
2139303
2139304
2139305
2139306
2139307
2139308
2139309
2139311
2139312
2139313
2139314
2139315
2139316
2139317
2139318
2139322
2139323
2139324
2139325
2139326
2139327
2139328
2139329
2139330
2139331
2139332
2139333
2139335
2139336
2139337
2139338
2139339
2139340
2139341
2139342
2139344
2139345
2139346
2139347
2139348
2139349
2139350
2139351
2139353
2139354
2139355
2139356
2139357
2139358
2139359
2139360
2139362
2139363
2139364
2139365
2139366
2139367
2139368
2139369
2139371
2139372
2139373
2139374
2139375
2139376
2139377
2139378
2139380
2139381
2139382
2139383
2139384
2139385
2139386
2139387
2139389
2139390
2139391
2139392
2139393
2139394
2139395
2139396
2139398
2139400
2139407
2139408
2139409
2139410
2139411
2139412
2139413
2139414
2139415
2139416
2139417
2139418
2139419
2139420
2139421
2139422
2139423
2139424
2139425
2139426
2139427
2139428
2139429
2139430
2139431
2139432
2139433
2139434
2139435
2139436
2139440
2139441
2139442
2139443
2139444
2139445
2139446
2139447
2139448
2139449
2139450
2139451
2139452
2139453
2139454
2139499
2139500
2139501
2139502
2139503
2139504
2139505
2139506
2139508
2139509
2139510
2139511
2139512
2139513
2139514
2139515
2139517
2139518
2139519
2139520
2139521
2139522
2139523
2139524
2139533
2139534
2139536
2139537
2139538
2139539
2139540
2139541
2139542
2139543
2139545
2139546
2139547
2139548
2139549
2139550
2139551
2139552
2139554
2139555
2139556
2139557
2139558
2139559
2139560
2139561
2139563
2139564
2139565
2139566
2139567
2139568
2139569
2139570
2139577
2139578
2139579
2139580
2139581
2139582
2139583
2139584
2139585
2139589
2139590
2139591
2139592
2139593
2139594
2139595
2139596
2139597
2139598
2139600
2139601
2139602
2139603
2139604
2139605
2139606
2139607
2139608
2139609
2139611
2139612
2139613
2139614
2139615
2139616
2139617
2139618
2139619
2139620
2139624
2139625
2139626
2139627
2139628
2139629
2139630
2139631
2139633
2139634
2139635
2139636
2139637
2139638
2139639
2139640
2139642
2139643
2139644
2139645
2139646
2139647
2139648
2139649
2139650
2139651
2139653
2139654
2139655
2139656
2139657
2139658
2139659
2139660
2139661
2139662
2139664
2139665
2139666
2139667
2139668
2139669
2139670
2139671
2139672
2139673
2139675
2139676
2139677
2139678
2139679
2139680
2139681
2139682
2139683
2139684
2139687
2139688
2139689
2139690
2139691
2139692
2139693
2139694
2139695
2139696
2139697
2139698
2139699
2139704
2139705
2139706
2139707
2139708
2139709
2139710
2139715
2139716
2139717
2139718
2139719
2139720
2139721
2139723
2139724
2139725
2139726
2139727
2139728
2139729
2139730
2139731
2139732
2139733
2139734
2139735
2139736
2139737
2139738
2139739
2139740
2139741
2139742
2139744
2139745
2139746
2139747
2139748
2139749
2139750
2139751
2139752
2139753
2139755
2139756
2139757
2139758
2139759
2139760
2139761
2139762
2139763
2139764
2139766
2139767
2139768
2139769
2139770
2139771
2139772
2139773
2139775
2139776
2139777
2139778
2139779
2139780
2139781
2139782
2139783
2139784
2139787
2139788
2139792
2139793
2139794
2139795
2139796
2139797
2139798
2139799
2139800
2139805
2139806
2139807
2139808
2139809
2139810
2139811
2139812
2139813
2139814
2139816
2139817
2139818
2139819
2139820
2139821
2139822
2139823
2139824
2139825
2139827
2139828
2139829
2139830
2139831
2139832
2139833
2139834
2139836
2139837
2139838
2139839
2139840
2139841
2139842
2139843
2139844
2139845
2139852
2139853
2139855
2139856
2139857
2139858
2139859
2139860
2139861
2139862
2139863
2139864
2139866
2139867
2139868
2139869
2139870
2139871
2139872
2139873
2139874
2139875
2139877
2139878
2139879
2139880
2139881
2139882
2139883
2139884
2139885
2139886
2139888
2139889
2139890
2139891
2139892
2139893
2139894
2139895
2139901
2139902
2139903
2139904
2139905
2139906
2139907
2139908
2139910
2139911
2139912
2139913
2139914
2139915
2139916
2139917
2139919
2139920
2139921
2139922
2139923
2139924
2139925
2139926
2139928
2139929
2139930
2139931
2139932
2139933
2139934
2139935
2139939
2139940
2139941
2139942
2139943
2139944
2139945
2139946
2139947
2139948
2139949
2139950
2139951
2139952
2139953
2139954
2139955
2139956
2139957
2139958
2139959
2139961
2139962
2139963
2139964
2139965
2139966
2139967
2139968
2139970
2139971
2139972
2139973
2139974
2139975
2139976
2139977
2139979
2139980
2139981
2139982
2139983
2139984
2139985
2139986
2139988
2139989
2139990
2139991
2139992
2139993
2139994
2139995
2139999
2140000
2140002
2140003
2140004
2140005
2140006
2140007
2140008
2140009
2140011
2140012
2140013
2140014
2140015
2140016
2140017
2140018
2140020
2140021
2140022
2140023
2140024
2140025
2140026
2140027
2140029
2140030
2140031
2140032
2140033
2140034
2140035
2140036
2140038
2140039
2140040
2140041
2140042
2140043
2140044
2140045
2140047
2140048
2140049
2140050
2140051
2140052
2140053
2140054
2140056
2140057
2140058
2140059
2140060
2140061
2140062
2140063
2140065
2140066
2140067
2140068
2140069
2140070
2140071
2140072
2140074
2140075
2140076
2140077
2140078
2140079
2140080
2140081
2140083
2140084
2140085
2140086
2140087
2140088
2140089
2140090
2140092
2140093
2140094
2140095
2140096
2140097
2140098
2140099
2140101
2140102
2140103
2140104
2140105
2140106
2140107
2140108
2140114
2140115
2140116
2140117
2140118
2140119
2140120
2140121
2140122
2140123
2140124
2140125
2140126
2140127
2140128
2140129
2140130
2140131
2140132
2140133
2140134
2140135
2140136
2140137
2140138
2140139
2140140
2140141
2140142
2140143
2140144
2140145
2140147
2140148
2140149
2140150
2140151
2140152
2140153
2140154
2140155
2140156
2140157
2140158
2140159
2140160
2140161
2140162
2140163
2140164
2140165
2140166
2140167
2140168
2140169
2140170
2140171
2140172
2140173
2140174
2140175
2140176
2140182
2140183
2140184
2140185
2140186
2140187
2140188
2140189
2140191
2140192
2140193
2140194
2140195
2140196
2140197
2140198
2140200
2140201
2140202
2140203
2140204
2140205
2140206
2140207
2140209
2140210
2140211
2140212
2140213
2140214
2140215
2140216
2140218
2140219
2140220
2140221
2140222
2140223
2140224
2140225
2140227
2140228
2140229
2140230
2140231
2140232
2140233
2140234
2140236
2140237
2140238
2140239
2140240
2140241
2140242
2140243
2140247
2140248
2140249
2140250
2140251
2140252
2140253
2140254
2140255
2140256
2140257
2140258
2140259
2140260
2140261
2140262
2140263
2140264
2140266
2140267
2140268
2140269
2140270
2140271
2140272
2140273
2140275
2140276
2140277
2140278
2140279
2140280
2140281
2140282
2140284
2140285
2140286
2140287
2140288
2140289
2140290
2140291
2140293
2140294
2140295
2140296
2140297
2140298
2140299
2140300
2140303
2140304
2140305
2140306
2140307
2140308
2140309
2140310
2140321
2140322
2140323
2140324
2140325
2140326
2140327
2140328
2140330
2140331
2140332
2140333
2140334
2140335
2140336
2140337
2140339
2140340
2140341
2140342
2140343
2140344
2140345
2140346
2140348
2140349
2140350
2140351
2140352
2140353
2140354
2140355
2140362
2140363
2140364
2140365
2140366
2140367
2140368
2140369
2140371
2140372
2140373
2140374
2140375
2140376
2140377
2140378
2140380
2140381
2140383
2140392
2140393
2140394
2140395
2140396
2140397
2140398
2140399
2140400
2140401
2140402
2140403
2140404
2140405
2140406
2140407
2140408
2140409
2140410
2140411
2140412
2140413
2140414
2140415
2140416
2140417
2140418
2140419
2140420
2140421
2140422
2140423
2140425
2140426
2140427
2140428
2140429
2140430
2140431
2140432
2140433
2140434
2140435
2140436
2140437
2140450
2140451
2140452
2140453
2140454
2140458
2140465
2140466
2140467
2140468
2140469
2140470
2140471
2140472
2140474
2140475
2140476
2140477
2140478
2140479
2140480
2140481
2140483
2140484
2140485
2140486
2140487
2140488
2140489
2140490
2140492
2140493
2140494
2140495
2140496
2140497
2140498
2140499
2140503
2140504
2140508
2140509
2140511
2140512
2140513
2140514
2140515
2140517
2140518
2140519
2140520
2140521
2140522
2140523
2140524
2140526
2140527
2140528
2140529
2140530
2140531
2140532
2140533
2140535
2140536
2140537
2140538
2140539
2140540
2140541
2140542
2140544
2140545
2140546
2140547
2140548
2140549
2140550
2140551
2140555
2140556
2140558
2140559
2140560
2140561
2140562
2140563
2140564
2140565
2140567
2140568
2140569
2140570
2140571
2140572
2140573
2140574
2140576
2140577
2140578
2140579
2140580
2140581
2140582
2140583
2140585
2140586
2140587
2140588
2140589
2140590
2140591
2140592
2140596
2140597
2140598
2140599
2140600
2140601
2140602
2140603
2140604
2140605
2140606
2140608
2140609
2140610
2140611
2140612
2140613
2140614
2140615
2140617
2140618
2140619
2140620
2140621
2140622
2140623
2140624
2140626
2140627
2140628
2140629
2140630
2140631
2140632
2140633
2140635
2140636
2140637
2140638
2140639
2140640
2140641
2140642
2140645
2140646
2140647
2140648
2140649
2140650
2140651
2140652
2140654
2140655
2140656
2140657
2140658
2140659
2140660
2140661
2140663
2140664
2140665
2140666
2140667
2140668
2140669
2140670
2140672
2140673
2140674
2140675
2140676
2140677
2140678
2140679
2140683
2140684
2140685
2140686
2140687
2140688
2140689
2140690
2140691
2140692
2140693
2140694
2140695
2140696
2140697
2140698
2140699
2140700
2140701
2140702
2140703
2140704
2140705
2140706
2140707
2140708
2140709
2140710
2140711
2140712
2140714
2140715
2140716
2140717
2140718
2140719
2140720
2140721
2140723
2140724
2140725
2140726
2140727
2140728
2140729
2140730
2140732
2140733
2140734
2140735
2140736
2140737
2140738
2140739
2140741
2140742
2140743
2140744
2140745
2140746
2140747
2140748
2140751
2140752
2140753
2140754
2140755
2140756
2140757
2140760
2140761
2140762
2140763
2140764
2140765
2140766
2140768
2140769
2140770
2140771
2140772
2140773
2140774
2140775
2140777
2140778
2140779
2140780
2140781
2140782
2140783
2140784
2140786
2140787
2140788
2140789
2140790
2140791
2140792
2140793
2140795
2140796
2140797
2140798
2140799
2140800
2140801
2140802
2140806
2140807
2140808
2140809
2140810
2140814
2140816
2140817
2140818
2140819
2140820
2140821
2140822
2140823
2140825
2140826
2140827
2140828
2140829
2140830
2140831
2140832
2140834
2140835
2140836
2140837
2140838
2140839
2140840
2140841
2140843
2140844
2140845
2140846
2140847
2140848
2140849
2140850
2140854
2140855
2140856
2140857
2140858
2140859
2140860
2140861
2140863
2140864
2140865
2140866
2140867
2140868
2140869
2140870
2140872
2140873
2140874
2140875
2140876
2140877
2140878
2140879
2140881
2140882
2140883
2140884
2140885
2140886
2140887
2140888
2140892
2140893
2140895
2140896
2140897
2140898
2140899
2140900
2140901
2140902
2140904
2140905
2140906
2140907
2140908
2140909
2140910
2140911
2140913
2140914
2140915
2140916
2140917
2140918
2140919
2140920
2140922
2140923
2140924
2140925
2140926
2140927
2140928
2140929
2140931
2140935
2140936
2140937
2140938
2140939
2140940
2140941
2140942
2140944
2140945
2140946
2140947
2140948
2140949
2140950
2140951
2140953
2140954
2140955
2140956
2140957
2140958
2140959
2140960
2140962
2140963
2140964
2140965
2140966
2140967
2140968
2140969
2140971
2140972
2140973
2140974
2140975
2140976
2140977
2140978
2140982
2140983
2140985
2140986
2140987
2140988
2140989
2140990
2140991
2140992
2140994
2140995
2140996
2140997
2140998
2140999
2141000
2141001
2141003
2141004
2141005
2141006
2141007
2141008
2141009
2141010
2141012
2141013
2141014
2141015
2141016
2141017
2141018
2141019
2141021
2141022
2141023
2141024
2141025
2141026
2141027
2141028
2141030
2141031
2141032
2141033
2141034
2141035
2141036
2141037
2141039
2141040
2141041
2141042
2141043
2141044
2141045
2141046
2141048
2141049
2141050
2141051
2141052
2141053
2141054
2141055
2141057
2141058
2141059
2141060
2141061
2141062
2141063
2141064
2141066
2141067
2141068
2141069
2141070
2141071
2141072
2141073
2141075
2141076
2141077
2141078
2141079
2141080
2141081
2141082
2141084
2141086
2141087
2141088
2141089
2141090
2141091
2141092
2141093
2141095
2141096
2141097
2141098
2141099
2141100
2141101
2141102
2141104
2141105
2141106
2141107
2141108
2141109
2141110
2141111
2141113
2141114
2141115
2141116
2141117
2141118
2141119
2141120
2141122
2141123
2141124
2141125
2141126
2141127
2141128
2141129
2141134
2141135
2141137
2141138
2141140
2141141
2141142
2141143
2141144
2141145
2141146
2141147
2141149
2141150
2141151
2141152
2141153
2141154
2141155
2141156
2141158
2141159
2141160
2141161
2141162
2141163
2141164
2141165
2141167
2141168
2141169
2141170
2141171
2141172
2141173
2141174
2141178
2141179
2141181
2141182
2141183
2141184
2141185
2141186
2141188
2141189
2141190
2141191
2141192
2141193
2141194
2141195
2141197
2141198
2141199
2141200
2141201
2141202
2141203
2141204
2141206
2141207
2141208
2141209
2141210
2141211
2141212
2141213
2141217
2141219
2141221
2141222
2141224
2141225
2141226
2141227
2141228
2141229
2141230
2141231
2141233
2141234
2141235
2141236
2141237
2141238
2141239
2141240
2141242
2141243
2141244
2141245
2141246
2141247
2141248
2141249
2141251
2141252
2141253
2141254
2141255
2141256
2141257
2141258
2141263
2141264
2141265
2141266
2141267
2141268
2141269
2141270
2141272
2141273
2141274
2141275
2141276
2141277
2141278
2141279
2141281
2141282
2141283
2141284
2141285
2141286
2141287
2141288
2141290
2141291
2141292
2141293
2141294
2141295
2141296
2141297
2141299
2141300
2141301
2141302
2141303
2141304
2141305
2141306
2141308
2141309
2141310
2141311
2141312
2141313
2141314
2141315
2141317
2141318
2141319
2141320
2141321
2141322
2141323
2141324
2141326
2141327
2141328
2141329
2141330
2141331
2141332
2141333
2141335
2141336
2141337
2141338
2141340
2141341
2141342
2141343
2141344
2141345
2141346
2141347
2141349
2141350
2141351
2141352
2141353
2141354
2141355
2141356
2141358
2141359
2141360
2141361
2141362
2141363
2141364
2141365
2141367
2141368
2141369
2141370
2141371
2141372
2141373
2141374
2141376
2141377
2141378
2141379
2141380
2141381
2141382
2141383
2141385
2141386
2141387
2141388
2141389
2141390
2141391
2141392
2141394
2141395
2141396
2141397
2141398
2141399
2141400
2141401
2141403
2141404
2141405
2141406
2141407
2141408
2141409
2141410
2141415
2141416
2141417
2141418
2141419
2141420
2141421
2141422
2141423
2141424
2141425
2141426
2141427
2141428
2141429
2141430
2141431
2141432
2141433
2141434
2141435
2141436
2141437
2141438
2141439
2141440
2141441
2141442
2141443
2141444
2141445
2141446
2141448
2141449
2141466
2141467
2141468
2141469
2141473
2141474
2141475
2141476
2141485
2141486
2141487
2141488
2141489
2141490
2141491
2141492
2141494
2141495
2141496
2141497
2141498
2141499
2141500
2141501
2141503
2141504
2141505
2141506
2141507
2141508
2141509
2141510
2141512
2141513
2141514
2141515
2141516
2141517
2141518
2141519
2141523
2141524
2141526
2141527
2141528
2141529
2141530
2141531
2141532
2141533
2141535
2141536
2141537
2141538
2141539
2141540
2141541
2141542
2141544
2141545
2141546
2141547
2141548
2141549
2141550
2141551
2141553
2141554
2141555
2141557
2141558
2141559
2141560
2141561
2141562
2141563
2141564
2141566
2141567
2141568
2141569
2141570
2141571
2141572
2141573
2141575
2141576
2141577
2141578
2141579
2141580
2141581
2141582
2141584
2141585
2141586
2141587
2141588
2141589
2141590
2141591
2141593
2141594
2141595
2141596
2141597
2141598
2141599
2141600
2141602
2141603
2141604
2141605
2141606
2141607
2141608
2141609
2141611
2141612
2141613
2141614
2141615
2141616
2141617
2141618
2141620
2141621
2141622
2141623
2141624
2141625
2141626
2141627
2141631
2141632
2141633
2141634
2141635
2141636
2141637
2141638
2141640
2141641
2141642
2141643
2141644
2141645
2141646
2141647
2141649
2141650
2141651
2141652
2141653
2141654
2141655
2141656
2141658
2141659
2141660
2141661
2141662
2141663
2141664
2141665
2141669
2141670
2141671
2141672
2141673
2141674
2141675
2141676
2141677
2141678
2141679
2141680
2141681
2141682
2141683
2141684
2141685
2141686
2141687
2141688
2141689
2141690
2141692
2141694
2141695
2141696
2141697
2141698
2141699
2141700
2141701
2141703
2141704
2141705
2141706
2141707
2141708
2141709
2141710
2141712
2141713
2141714
2141715
2141716
2141717
2141718
2141719
2141721
2141722
2141723
2141724
2141725
2141726
2141727
2141728
2141730
2141731
2141732
2141734
2141735
2141736
2141737
2141738
2141739
2141740
2141741
2141743
2141744
2141745
2141746
2141747
2141748
2141749
2141750
2141752
2141753
2141754
2141755
2141756
2141757
2141758
2141759
2141761
2141762
2141763
2141764
2141765
2141766
2141772
2141773
2141774
2141775
2141776
2141777
2141778
2141779
2141780
2141781
2141782
2141783
2141784
2141785
2141786
2141787
2141788
2141789
2141790
2141791
2141792
2141793
2141794
2141795
2141796
2141797
2141798
2141799
2141801
2141803
2141804
2141809
2141810
2141811
2141812
2141813
2141814
2141815
2141816
2141817
2141818
2141819
2141821
2141825
2141827
2141829
2141833
2141835
2141839
2141841
2141843
2141844
2141846
2141847
2141848
2141850
2141851
2142012
2142028
2142034
2142040
2142045
2142049
2142058
2142059
2142068
2142069
2142073
2142077
2142079
2142083
2142109
2142210
2142285
2142572
2142877
2144464
2145563
2146680
2148794
2149087
2149144
2149304
2149319
2149570
2150584
2152672
2154844
2155948
2157982
2158641
2160088
2160743
2161634
2162075
2162849
2163327
2163697
2164024
2165092
2165472
2166520
2167732
2169016
2170301
2170458
2170961
2172851
2173639
2173641
2173642
2173644
2173645
2173646
2173647
2173649
2173651
2173653
2173655
2173657
2173659
2173661
2173663
2173665
2173667
2173669
2173671
2173673
2173675
2173676
2173678
2173680
2173682
2173684
2173686
2173687
2173689
2173690
2173692
2173694
2173696
2173698
2173699
2173701
2173703
2173705
2173706
2173707
2173708
2173710
2173711
2173712
2173713
2173715
2173716
2173717
2173718
2173720
2173721
2173722
2173723
2173725
2173726
2173728
2173729
2173730
2173731
2173733
2173734
2173735
2173736
2173738
2173739
2173740
2173741
2173743
2173744
2173745
2173746
2173748
2173749
2173750
2173751
2173752
2173753
2173755
2173756
2173757
2173758
2173760
2173761
2173762
2173763
2173765
2173766
2173767
2173768
2173770
2173771
2173772
2173773
2173775
2173776
2173777
2173778
2173780
2173781
2173782
2173783
2173785
2173786
2173787
2173788
2173790
2173791
2173792
2173793
2173795
2173796
2173797
2173798
2173799
2173800
2173802
2173803
2173804
2173805
2173807
2173808
2173809
2173810
2173812
2173813
2173814
2173815
2173817
2173818
2173819
2173820
2173822
2173823
2173824
2173825
2173826
2173828
2173829
2173830
2173831
2173833
2173834
2173835
2173836
2173838
2173839
2173840
2173841
2173843
2173844
2173845
2173846
2173848
2173849
2173850
2173851
2173852
2173853
2173854
2173855
2173857
2173858
2173859
2173860
2173862
2173863
2173864
2173865
2173867
2173868
2173869
2173870
2173872
2173873
2173874
2173875
2173877
2173878
2173879
2173880
2173881
2173882
2173883
2173884
2173886
2173887
2173888
2173889
2173891
2173892
2173893
2173894
2173896
2173897
2173898
2173899
2173901
2173902
2173903
2173904
2173906
2173907
2173908
2173909
2173910
2173911
2173912
2173913
2173915
2173916
2173917
2173918
2173920
2173921
2173922
2173923
2173925
2173926
2173927
2173928
2173930
2173931
2173932
2173933
2173935
2173936
2173937
2173938
2173940
2173941
2173942
2173943
2173945
2173946
2173947
2173948
2173950
2173951
2173952
2173953
2173955
2173956
2173957
2173958
2173959
2173960
2173962
2173963
2173964
2173965
2173967
2173968
2173969
2173970
2173972
2173973
2173974
2173975
2173977
2173978
2173979
2173980
2173982
2173983
2173984
2173985
2173986
2173987
2173988
2173989
2173990
2173991
2173992
2173993
2173994
2173995
2173996
2173997
2173998
2174000
2174001
2174002
2174003
2174005
2174006
2174007
2174008
2174010
2174011
2174012
2174013
2174015
2174016
2174017
2174018
2174020
2174021
2174022
2174023
2174025
2174026
2174027
2174028
2174030
2174031
2174032
2174033
2174035
2174036
2174037
2174038
2174040
2174041
2174042
2174043
2174044
2174045
2174046
2174047
2174048
2174049
2174050
2174051
2174052
2174054
2174055
2174056
2174057
2174058
2174059
2174060
2174061
2174062
2174063
2174064
2174065
2174066
2174071
2174073
2174074
2174075
2174076
2174078
2174080
2174084
2174085
2174086
2174087
2174089
2174090
2174091
2174092
2174094
2174095
2174096
2174097
2174099
2174100
2174101
2174102
2174104
2174105
2174106
2174107
2174109
2174110
2174111
2174112
2174114
2174115
2174116
2174117
2174119
2174120
2174121
2174122
2174124
2174125
2174126
2174127
2174128
2174129
2174130
2174131
2174132
2174133
2174134
2174135
2174136
2174137
2174138
2174139
2174141
2174142
2174143
2174144
2174146
2174147
2174148
2174149
2174151
2174152
2174153
2174154
2174156
2174157
2174158
2174159
2174161
2174162
2174163
2174164
2174166
2174167
2174168
2174169
2174171
2174172
2174173
2174174
2174176
2174177
2174178
2174179
2174181
2174182
2174183
2174184
2174186
2174187
2174188
2174189
2174190
2174191
2174192
2174193
2174194
2174196
2174197
2174198
2174199
2174201
2174202
2174203
2174204
2174206
2174207
2174208
2174209
2174211
2174212
2174213
2174214
2174216
2174217
2174218
2174219
2174221
2174222
2174223
2174224
2174226
2174227
2174228
2174229
2174231
2174232
2174233
2174234
2174236
2174237
2174238
2174239
2174241
2174242
2174243
2174244
2174246
2174247
2174248
2174249
2174251
2174252
2174253
2174254
2174255
2174256
2174257
2174258
2174259
2174260
2174261
2174262
2174263
2174264
2174265
2174266
2174267
2174268
2174269
2174270
2174271
2174272
2174274
2174275
2174276
2174277
2174278
2174279
2174280
2174281
2174282
2174283
2174284
2174285
2174287
2174288
2174289
2174290
2174292
2174293
2174294
2174295
2174297
2174298
2174299
2174300
2174302
2174303
2174304
2174305
2174307
2174308
2174309
2174310
2174312
2174313
2174314
2174315
2174317
2174318
2174319
2174320
2174322
2174323
2174324
2174325
2174328
2174329
2174330
2174331
2174333
2174334
2174335
2174336
2174338
2174339
2174340
2174341
2174344
2174345
2174346
2174347
2174348
2174349
2174350
2174351
2174352
2174353
2174354
2174355
2174356
2174357
2174358
2174359
2174360
2174361
2174362
2174363
2174364
2174365
2174366
2174367
2174369
2174370
2174371
2174372
2174375
2174376
2174377
2174378
2174380
2174381
2174382
2174383
2174385
2174386
2174387
2174388
2174390
2174391
2174392
2174393
2174395
2174396
2174397
2174398
2174400
2174401
2174402
2174403
2174405
2174406
2174407
2174408
2174412
2174413
2174414
2174415
2174417
2174418
2174419
2174420
2174422
2174423
2174424
2174425
2174427
2174428
2174429
2174430
2174432
2174433
2174434
2174435
2174437
2174438
2174439
2174440
2174442
2174443
2174444
2174445
2174447
2174448
2174452
2174453
2174454
2174455
2174456
2174457
2174458
2174459
2174460
2174461
2174462
2174463
2174464
2174465
2174466
2174467
2174468
2174469
2174470
2174471
2174472
2174473
2174474
2174475
2174476
2174477
2174478
2174479
2174480
2174481
2174482
2174483
2174484
2174485
2174486
2174487
2174488
2174489
2174490
2174491
2174494
2174495
2174496
2174497
2174498
2174499
2174500
2174501
2174502
2174503
2174504
2174505
2174506
2174507
2174508
2174509
2174510
2174511
2174512
2174513
2174514
2174515
2174516
2174517
2174518
2174519
2174520
2174521
2174522
2174523
2174524
2174525
2174526
2174527
2174528
2174529
2174530
2174531
2174532
2174533
2174534
2174536
2174537
2174538
2174539
2174540
2174541
2174542
2174543
2174544
2174545
2174546
2174547
2174548
2174549
2174550
2174551
2174552
2174553
2174554
2174555
2174556
2174557
2174558
2174559
2174560
2174561
2174562
2174563
2174564
2174565
2174566
2174567
2174568
2174569
2174570
2174571
2174572
2174573
2174574
2174575
2174577
2174578
2174579
2174580
2174581
2174582
2174583
2174584
2174585
2174586
2174587
2174588
2174589
2174590
2174591
2174592
2174593
2174594
2174595
2174596
2174597
2174598
2174599
2174600
2174601
2174602
2174603
2174604
2174605
2174606
2174607
2174608
2174609
2174610
2174611
2174612
2174613
2174614
2174615
2174616
2174622
2174623
2174624
2174625
2174627
2174628
2174629
2174630
2174632
2174633
2174634
2174635
2174637
2174638
2174639
2174640
2174642
2174643
2174644
2174645
2174647
2174648
2174649
2174650
2174652
2174653
2174654
2174655
2174657
2174658
2174659
2174660
2174662
2174663
2174664
2174665
2174667
2174668
2174669
2174670
2174672
2174673
2174674
2174675
2174677
2174678
2174679
2174680
2174682
2174683
2174684
2174685
2174687
2174688
2174689
2174690
2174691
2174692
2174693
2174694
2174695
2174696
2174698
2174699
2174700
2174701
2174703
2174704
2174705
2174706
2174708
2174709
2174710
2174711
2174713
2174714
2174715
2174716
2174718
2174719
2174720
2174721
2174722
2174723
2174724
2174726
2174727
2174728
2174729
2174731
2174732
2174733
2174734
2174736
2174737
2174738
2174739
2174743
2174744
2174745
2174746
2174748
2174749
2174750
2174751
2174753
2174754
2174755
2174756
2174758
2174759
2174760
2174761
2174770
2174771
2174772
2174773
2174774
2174775
2174776
2174777
2174778
2174779
2174780
2174781
2174782
2174784
2174785
2174786
2174787
2174789
2174790
2174791
2174792
2174794
2174795
2174796
2174797
2174799
2174800
2174801
2174802
2174809
2174810
2174811
2174812
2174814
2174815
2174816
2174817
2174819
2174820
2174821
2174822
2174824
2174825
2174827
2174836
2174837
2174838
2174839
2174840
2174841
2174842
2174844
2174865
2174866
2174867
2174868
2174870
2174871
2174872
2174873
2174875
2174876
2174877
2174878
2174880
2174881
2174882
2174883
2174891
2174892
2174893
2174894
2174896
2174897
2174898
2174899
2174901
2174902
2174903
2174904
2174906
2174907
2174908
2174909
2174911
2174912
2174913
2174914
2174916
2174917
2174918
2174919
2174921
2174922
2174923
2174924
2174926
2174927
2174928
2174929
2174931
2174932
2174933
2174934
2174936
2174937
2174938
2174940
2174941
2174942
2174943
2174945
2174946
2174947
2174948
2174950
2174951
2174952
2174953
2174955
2174956
2174957
2174958
2174967
2174968
2174969
2174970
2174972
2174973
2174974
2174975
2174977
2174978
2174979
2174980
2174982
2174983
2174984
2174985
2174987
2174988
2174989
2174990
2174991
2174992
2174993
2174994
2174995
2174996
2174997
2174998
2174999
2175000
2175001
2175004
2175005
2175006
2175007
2175009
2175010
2175011
2175012
2175014
2175015
2175016
2175017
2175019
2175020
2175021
2175022
2175024
2175025
2175026
2175027
2175029
2175030
2175031
2175032
2175034
2175035
2175036
2175037
2175041
2175042
2175043
2175044
2175046
2175047
2175048
2175049
2175051
2175052
2175053
2175054
2175056
2175057
2175058
2175059
2175061
2175062
2175063
2175064
2175066
2175067
2175068
2175069
2175071
2175072
2175073
2175074
2175076
2175077
2175078
2175079
2175085
2175086
2175087
2175088
2175090
2175091
2175092
2175093
2175095
2175096
2175097
2175098
2175100
2175101
2175102
2175103
2175105
2175106
2175107
2175108
2175110
2175111
2175112
2175113
2175115
2175116
2175117
2175118
2175120
2175121
2175122
2175123
2175126
2175127
2175128
2175129
2175131
2175132
2175133
2175134
2175136
2175137
2175138
2175139
2175142
2175143
2175144
2175145
2175147
2175148
2175149
2175150
2175152
2175153
2175154
2175155
2175157
2175158
2175159
2175160
2175164
2175165
2175166
2175167
2175169
2175170
2175171
2175172
2175174
2175175
2175176
2175177
2175179
2175180
2175181
2175182
2175187
2175188
2175189
2175190
2175192
2175193
2175194
2175195
2175197
2175198
2175199
2175200
2175202
2175203
2175204
2175205
2175207
2175208
2175209
2175218
2175219
2175220
2175221
2175222
2175223
2175224
2175225
2175226
2175227
2175228
2175229
2175230
2175231
2175232
2175233
2175234
2175235
2175236
2175238
2175239
2175240
2175241
2175242
2175243
2175244
2175245
2175246
2175247
2175248
2175249
2175250
2175251
2175252
2175253
2175254
2175255
2175256
2175257
2175258
2175268
2175269
2175270
2175271
2175273
2175274
2175275
2175276
2175278
2175279
2175280
2175281
2175283
2175284
2175285
2175286
2175289
2175290
2175291
2175292
2175294
2175295
2175296
2175297
2175299
2175300
2175301
2175302
2175308
2175309
2175310
2175311
2175312
2175313
2175314
2175315
2175316
2175318
2175319
2175320
2175321
2175323
2175324
2175325
2175326
2175328
2175329
2175330
2175331
2175333
2175334
2175335
2175336
2175338
2175339
2175340
2175341
2175343
2175344
2175345
2175346
2175348
2175349
2175350
2175351
2175353
2175354
2175355
2175356
2175362
2175363
2175364
2175365
2175367
2175368
2175369
2175370
2175372
2175373
2175374
2175375
2175377
2175378
2175379
2175380
2175382
2175383
2175384
2175385
2175387
2175388
2175389
2175390
2175392
2175393
2175394
2175395
2175397
2175398
2175399
2175400
2175402
2175403
2175404
2175407
2175408
2175409
2175410
2175412
2175413
2175414
2175415
2175417
2175419
2175427
2175428
2175429
2175430
2175431
2175432
2175433
2175434
2175435
2175436
2175437
2175438
2175439
2175440
2175441
2175442
2175443
2175444
2175445
2175446
2175459
2175460
2175461
2175462
2175464
2175465
2175466
2175467
2175469
2175470
2175471
2175472
2175474
2175475
2175476
2175477
2175482
2175483
2175484
2175485
2175487
2175488
2175489
2175490
2175492
2175493
2175494
2175495
2175497
2175498
2175499
2175500
2175502
2175503
2175504
2175505
2175507
2175508
2175509
2175510
2175511
2175512
2175513
2175514
2175516
2175517
2175518
2175519
2175521
2175522
2175523
2175524
2175526
2175527
2175528
2175529
2175531
2175532
2175533
2175534
2175535
2175536
2175537
2175538
2175540
2175541
2175542
2175543
2175545
2175546
2175547
2175548
2175550
2175551
2175552
2175553
2175559
2175560
2175561
2175562
2175564
2175565
2175566
2175567
2175569
2175570
2175571
2175572
2175575
2175576
2175577
2175578
2175580
2175581
2175582
2175583
2175585
2175586
2175587
2175588
2175594
2175595
2175596
2175597
2175599
2175600
2175601
2175602
2175604
2175605
2175606
2175607
2175609
2175610
2175611
2175612
2175614
2175615
2175616
2175617
2175619
2175620
2175621
2175622
2175624
2175625
2175626
2175627
2175629
2175630
2175631
2175632
2175634
2175635
2175636
2175637
2175639
2175640
2175641
2175642
2175644
2175645
2175646
2175647
2175649
2175650
2175651
2175652
2175653
2175654
2175655
2175656
2175657
2175658
2175659
2175660
2175661
2175662
2175663
2175664
2175665
2175666
2175667
2175668
2175669
2175670
2175671
2175672
2175673
2175674
2175675
2175676
2175677
2175678
2175679
2175680
2175684
2175685
2175686
2175688
2175689
2175690
2175691
2175693
2175694
2175695
2175696
2175698
2175699
2175700
2175701
2175705
2175706
2175707
2175708
2175710
2175711
2175712
2175713
2175715
2175716
2175717
2175718
2175720
2175721
2175722
2175723
2175725
2175726
2175727
2175728
2175730
2175731
2175732
2175733
2175735
2175736
2175737
2175738
2175739
2175740
2175741
2175742
2175743
2175749
2175750
2175751
2175752
2175754
2175755
2175756
2175757
2175759
2175760
2175761
2175762
2175764
2175765
2175766
2175767
2175769
2175770
2175771
2175772
2175774
2175775
2175776
2175777
2175779
2175780
2175781
2175782
2175784
2175785
2175786
2175787
2175791
2175792
2175793
2175794
2175796
2175797
2175798
2175799
2175801
2175802
2175803
2175804
2175806
2175807
2175808
2175809
2175811
2175812
2175813
2175814
2175816
2175817
2175818
2175819
2175821
2175822
2175823
2175824
2175829
2175830
2175831
2175832
2175834
2175835
2175836
2175837
2175839
2175840
2175841
2175842
2175844
2175845
2175846
2175847
2175848
2175849
2175850
2175851
2175852
2175853
2175854
2175856
2175857
2175858
2175859
2175861
2175862
2175863
2175864
2175866
2175867
2175868
2175869
2175927
2175928
2175929
2175930
2175932
2175933
2175934
2175935
2175937
2175938
2175939
2175940
2175942
2175943
2175944
2175945
2175947
2175948
2175949
2175950
2175951
2175952
2175953
2175954
2175955
2175956
2175957
2175958
2175959
2175960
2175961
2175962
2175963
2175964
2175967
2175968
2175969
2175970
2175972
2175973
2175974
2175976
2175979
2175980
2175981
2175982
2175989
2175990
2175991
2175992
2175997
2175998
2175999
2176000
2176001
2176015
2176016
2176017
2176018
2176020
2176021
2176022
2176023
2176025
2176026
2176027
2176028
2176030
2176031
2176032
2176033
2176035
2176036
2176037
2176039
2176040
2176041
2176042
2176044
2176045
2176046
2176047
2176049
2176050
2176051
2176052
2176054
2176055
2176056
2176057
2176059
2176060
2176061
2176062
2176064
2176065
2176066
2176067
2176069
2176070
2176071
2176072
2176074
2176075
2176076
2176077
2176079
2176080
2176081
2176082
2176091
2176092
2176093
2176094
2176096
2176097
2176098
2176099
2176101
2176102
2176103
2176104
2176106
2176107
2176108
2176109
2176111
2176112
2176113
2176114
2176115
2176116
2176117
2176118
2176119
2176121
2176122
2176123
2176124
2176126
2176127
2176128
2176129
2176131
2176132
2176133
2176134
2176136
2176137
2176138
2176139
2176149
2176150
2176151
2176152
2176154
2176155
2176156
2176157
2176159
2176160
2176161
2176162
2176164
2176165
2176166
2176167
2176169
2176170
2176171
2176172
2176174
2176175
2176176
2176177
2176179
2176180
2176181
2176182
2176184
2176185
2176186
2176187
2176198
2176199
2176200
2176201
2176203
2176204
2176205
2176206
2176208
2176209
2176210
2176211
2176213
2176214
2176215
2176216
2176218
2176219
2176220
2176221
2176223
2176224
2176225
2176226
2176228
2176229
2176230
2176231
2176233
2176234
2176235
2176236
2176239
2176240
2176241
2176242
2176243
2176248
2176249
2176250
2176251
2176253
2176254
2176255
2176256
2176258
2176259
2176260
2176261
2176267
2176268
2176269
2176271
2176272
2176273
2176274
2176276
2176277
2176278
2176279
2176281
2176282
2176283
2176284
2176286
2176287
2176288
2176289
2176292
2176295
2176296
2176297
2176298
2176300
2176301
2176302
2176303
2176305
2176306
2176307
2176308
2176310
2176311
2176312
2176314
2176315
2176316
2176317
2176319
2176320
2176321
2176322
2176324
2176325
2176326
2176327
2176331
2176332
2176333
2176334
2176336
2176337
2176338
2176339
2176341
2176342
2176343
2176344
2176347
2176348
2176349
2176350
2176352
2176353
2176354
2176355
2176357
2176358
2176359
2176360
2176374
2176375
2176376
2176377
2176378
2176379
2176380
2176381
2176382
2176383
2176384
2176385
2176386
2176388
2176389
2176390
2176408
2176409
2176410
2176411
2176413
2176414
2176415
2176416
2176418
2176419
2176420
2176421
2176423
2176424
2176425
2176426
2176429
2176430
2176431
2176432
2176442
2176443
2176444
2176445
2176446
2176447
2176448
2176449
2176451
2176452
2176453
2176454
2176456
2176457
2176458
2176459
2176461
2176462
2176463
2176464
2176470
2176471
2176472
2176473
2176475
2176476
2176477
2176478
2176480
2176481
2176482
2176483
2176485
2176486
2176487
2176488
2176490
2176491
2176492
2176493
2176495
2176496
2176497
2176498
2176500
2176501
2176502
2176503
2176505
2176506
2176507
2176508
2176514
2176515
2176516
2176517
2176519
2176520
2176521
2176522
2176524
2176525
2176526
2176527
2176529
2176530
2176531
2176532
2176541
2176542
2176543
2176544
2176546
2176547
2176548
2176549
2176551
2176559
2176560
2176561
2176562
2176563
2176564
2176565
2176566
2176567
2176568
2176569
2176570
2176571
2176572
2176573
2176574
2176575
2176576
2176577
2176578
2176579
2176616
2176617
2176618
2176619
2176621
2176622
2176623
2176624
2176626
2176627
2176628
2176629
2176631
2176632
2176633
2176634
2176637
2176638
2176639
2176640
2176642
2176643
2176644
2176645
2176647
2176648
2176649
2176650
2176652
2176653
2176654
2176655
2176656
2176657
2176659
2176660
2176661
2176662
2176664
2176665
2176666
2176667
2176669
2176670
2176671
2176672
2176674
2176675
2176676
2176677
2176682
2176683
2176684
2176685
2176686
2176700
2176701
2176702
2176703
2176705
2176706
2176707
2176708
2176710
2176711
2176712
2176713
2176715
2176716
2176717
2176718
2176720
2176721
2176723
2176724
2176725
2176726
2176728
2176729
2176730
2176731
2176733
2176734
2176735
2176736
2176738
2176739
2176740
2176741
2176743
2176744
2176745
2176746
2176748
2176749
2176750
2176751
2176753
2176754
2176755
2176756
2176759
2176760
2176761
2176762
2176763
2176764
2176765
2176766
2176767
2176769
2176770
2176771
2176772
2176774
2176775
2176776
2176777
2176779
2176780
2176781
2176782
2176784
2176785
2176786
2176787
2176791
2176792
2176793
2176794
2176796
2176797
2176798
2176799
2176801
2176802
2176803
2176805
2176806
2176807
2176808
2176810
2176811
2176812
2176813
2176815
2176816
2176817
2176818
2176820
2176821
2176822
2176823
2176825
2176826
2176827
2176828
2176830
2176831
2176832
2176833
2176834
2176835
2176836
2176837
2176838
2176839
2176840
2176841
2176843
2176844
2176845
2176846
2176848
2176849
2176850
2176851
2176853
2176854
2176855
2176856
2176861
2176862
2176863
2176864
2176866
2176867
2176868
2176869
2176871
2176872
2176873
2176874
2176876
2176877
2176878
2176879
2176890
2176891
2176892
2176893
2176895
2176896
2176897
2176898
2176900
2176901
2176902
2176903
2176905
2176906
2176907
2176908
2176911
2176912
2176913
2176914
2176916
2176917
2176918
2176919
2176921
2176922
2176923
2176924
2176927
2176928
2176929
2176930
2176932
2176933
2176934
2176935
2176937
2176938
2176939
2176940
2176985
2176986
2176987
2176988
2176990
2176991
2176992
2176993
2176995
2176996
2176997
2176998
2177000
2177001
2177002
2177003
2177014
2177015
2177016
2177017
2177019
2177020
2177021
2177022
2177024
2177025
2177026
2177027
2177029
2177030
2177031
2177032
2177037
2177038
2177039
2177041
2177042
2177043
2177044
2177046
2177047
2177048
2177049
2177051
2177052
2177053
2177054
2177056
2177057
2177058
2177059
2177063
2177064
2177065
2177066
2177068
2177069
2177070
2177071
2177073
2177074
2177075
2177076
2177078
2177079
2177080
2177081
2177094
2177095
2177096
2177097
2177098
2177099
2177100
2177101
2177102
2177103
2177104
2177105
2177106
2177107
2177108
2177109
2177110
2177111
2177112
2177113
2177114
2177115
2177116
2177117
2177118
2177119
2177120
2177121
2177122
2177123
2177124
2177125
2177126
2177127
2177128
2177129
2177130
2177131
2177132
2177133
2177134
2177135
2177136
2177137
2177138
2177139
2177140
2177141
2177142
2177144
2177145
2177146
2177147
2177148
2177149
2177150
2177151
2177152
2177158
2177159
2177160
2177161
2177163
2177164
2177165
2177166
2177168
2177169
2177170
2177171
2177173
2177174
2177175
2177176
2177178
2177179
2177180
2177181
2177184
2177185
2177186
2177187
2177188
2177190
2177204
2177239
2177240
2177241
2177242
2177244
2177245
2177246
2177247
2177249
2177250
2177251
2177252
2177254
2177255
2177256
2177257
2177266
2177267
2177268
2177269
2177271
2177272
2177273
2177274
2177276
2177277
2177278
2177279
2177281
2177282
2177283
2177284
2177287
2177288
2177289
2177290
2177292
2177293
2177294
2177295
2177297
2177298
2177299
2177300
2177302
2177303
2177304
2177305
2177307
2177308
2177309
2177310
2177312
2177313
2177314
2177315
2177316
2177318
2177319
2177320
2177321
2177322
2177324
2177325
2177326
2177327
2177328
2177330
2177331
2177332
2177333
2177334
2177336
2177337
2177338
2177339
2177340
2177342
2177343
2177344
2177345
2177346
2177350
2177351
2177352
2177353
2177354
2177355
2177356
2177357
2177358
2177359
2177360
2177361
2177362
2177363
2177364
2177365
2177366
2177369
2177370
2177371
2177372
2177373
2177374
2177375
2177376
2177377
2177378
2177379
2177380
2177381
2177382
2177383
2177384
2177385
2177386
2177387
2177388
2177390
2177391
2177392
2177393
2177394
2177396
2177397
2177398
2177399
2177400
2177402
2177403
2177404
2177405
2177406
2177408
2177409
2177410
2177411
2177412
2177413
2177414
2177415
2177416
2177417
2177418
2177419
2177420
2177421
2177422
2177423
2177424
2177426
2177427
2177428
2177429
2177430
2177432
2177433
2177434
2177435
2177436
2177438
2177439
2177440
2177441
2177442
2177444
2177445
2177446
2177447
2177448
2177450
2177451
2177453
2177454
2177455
2177456
2177457
2177459
2177460
2177461
2177462
2177464
2177465
2177466
2177467
2177468
2177470
2177471
2177472
2177473
2177474
2177476
2177477
2177478
2177479
2177480
2177482
2177483
2177484
2177485
2177486
2177488
2177489
2177490
2177491
2177492
2177494
2177495
2177496
2177497
2177498
2177501
2177502
2177503
2177504
2177505
2177507
2177508
2177509
2177510
2177511
2177513
2177514
2177515
2177516
2177517
2177525
2177526
2177527
2177528
2177529
2177531
2177532
2177533
2177534
2177535
2177537
2177538
2177539
2177540
2177541
2177543
2177544
2177545
2177546
2177547
2177550
2177551
2177552
2177553
2177554
2177556
2177557
2177558
2177559
2177560
2177562
2177563
2177564
2177565
2177566
2177570
2177571
2177572
2177573
2177574
2177575
2177576
2177577
2177578
2177579
2177580
2177581
2177582
2177583
2177584
2177585
2177586
2177587
2177588
2177589
2177594
2177595
2177596
2177597
2177598
2177600
2177601
2177602
2177603
2177604
2177606
2177607
2177608
2177609
2177610
2177612
2177613
2177614
2177615
2177616
2177619
2177620
2177621
2177622
2177623
2177625
2177626
2177627
2177628
2177629
2177631
2177632
2177633
2177634
2177635
2177637
2177638
2177639
2177640
2177641
2177642
2177643
2177644
2177646
2177647
2177648
2177649
2177650
2177652
2177653
2177654
2177655
2177656
2177658
2177659
2177660
2177661
2177663
2177664
2177665
2177666
2177667
2177673
2177674
2177675
2177676
2177677
2177679
2177680
2177681
2177682
2177683
2177685
2177686
2177687
2177688
2177689
2177691
2177692
2177693
2177695
2177696
2177697
2177698
2177699
2177701
2177702
2177703
2177704
2177705
2177707
2177708
2177709
2177710
2177711
2177713
2177714
2177715
2177716
2177717
2177722
2177723
2177724
2177725
2177726
2177727
2177729
2177730
2177731
2177732
2177733
2177735
2177736
2177737
2177738
2177739
2177741
2177742
2177743
2177744
2177745
2177747
2177748
2177749
2177750
2177751
2177753
2177754
2177755
2177760
2177761
2177762
2177763
2177764
2177766
2177767
2177768
2177769
2177770
2177772
2177773
2177774
2177775
2177776
2177778
2177779
2177780
2177781
2177782
2177784
2177785
2177786
2177787
2177788
2177790
2177791
2177792
2177793
2177794
2177796
2177797
2177798
2177799
2177800
2177802
2177803
2177804
2177805
2177806
2177808
2177809
2177810
2177811
2177812
2177814
2177815
2177816
2177817
2177819
2177820
2177821
2177822
2177823
2177825
2177826
2177827
2177828
2177829
2177834
2177835
2177836
2177837
2177839
2177840
2177841
2177842
2177843
2177845
2177846
2177847
2177848
2177849
2177851
2177852
2177853
2177854
2177855
2177857
2177858
2177859
2177861
2177869
2177870
2177871
2177872
2177873
2177874
2177961
2177962
2177963
2177964
2177965
2177967
2177968
2177969
2177970
2177971
2177973
2177974
2177975
2177976
2177978
2177979
2177980
2177981
2177982
2177984
2177985
2177986
2177987
2177988
2177990
2177991
2177992
2177993
2177994
2177996
2177997
2177998
2177999
2178000
2178005
2178006
2178007
2178008
2178009
2178011
2178012
2178013
2178014
2178015
2178017
2178018
2178019
2178020
2178021
2178023
2178024
2178025
2178026
2178027
2178029
2178030
2178031
2178032
2178034
2178035
2178036
2178037
2178038
2178040
2178041
2178042
2178043
2178044
2178046
2178047
2178048
2178049
2178050
2178052
2178053
2178054
2178055
2178056
2178058
2178059
2178060
2178061
2178062
2178064
2178065
2178066
2178067
2178068
2178070
2178071
2178072
2178073
2178074
2178076
2178077
2178078
2178079
2178080
2178082
2178083
2178084
2178085
2178086
2178088
2178089
2178090
2178091
2178092
2178094
2178095
2178096
2178097
2178098
2178100
2178101
2178102
2178103
2178104
2178106
2178107
2178108
2178109
2178110
2178111
2178112
2178113
2178114
2178116
2178117
2178118
2178119
2178120
2178122
2178123
2178124
2178125
2178126
2178128
2178129
2178130
2178131
2178132
2178134
2178135
2178136
2178137
2178138
2178140
2178141
2178142
2178143
2178144
2178146
2178147
2178148
2178149
2178150
2178152
2178153
2178154
2178155
2178156
2178158
2178159
2178160
2178161
2178162
2178164
2178165
2178166
2178167
2178168
2178170
2178171
2178172
2178173
2178174
2178176
2178177
2178178
2178179
2178180
2178185
2178186
2178187
2178188
2178189
2178191
2178192
2178193
2178194
2178195
2178197
2178198
2178199
2178200
2178201
2178203
2178204
2178205
2178206
2178207
2178211
2178212
2178213
2178214
2178215
2178217
2178218
2178219
2178220
2178221
2178223
2178224
2178225
2178226
2178227
2178230
2178231
2178232
2178233
2178234
2178236
2178237
2178238
2178239
2178240
2178242
2178243
2178244
2178245
2178246
2178248
2178249
2178250
2178251
2178252
2178254
2178255
2178256
2178257
2178258
2178260
2178261
2178262
2178263
2178264
2178283
2178284
2178285
2178286
2178287
2178308
2178309
2178310
2178311
2178312
2178313
2178314
2178315
2178316
2178317
2178318
2178319
2178320
2178321
2178322
2178323
2178324
2178325
2178326
2178327
2178328
2178329
2178330
2178331
2178332
2178333
2178334
2178335
2178336
2178337
2178338
2178339
2178346
2178347
2178348
2178349
2178350
2178352
2178353
2178354
2178355
2178356
2178358
2178359
2178360
2178361
2178362
2178364
2178365
2178366
2178367
2178368
2178370
2178371
2178372
2178375
2178376
2178377
2178378
2178379
2178381
2178382
2178383
2178384
2178385
2178387
2178388
2178389
2178390
2178391
2178393
2178394
2178395
2178396
2178397
2178414
2178415
2178416
2178418
2178419
2178420
2178421
2178422
2178424
2178425
2178426
2178427
2178428
2178430
2178431
2178432
2178433
2178434
2178436
2178437
2178438
2178439
2178440
2178442
2178443
2178444
2178445
2178446
2178448
2178449
2178450
2178451
2178452
2178454
2178455
2178456
2178457
2178458
2178460
2178461
2178462
2178463
2178464
2178469
2178470
2178471
2178472
2178473
2178475
2178476
2178477
2178478
2178479
2178481
2178482
2178483
2178484
2178485
2178487
2178488
2178489
2178490
2178491
2178496
2178497
2178498
2178499
2178500
2178502
2178503
2178504
2178505
2178506
2178508
2178509
2178510
2178511
2178512
2178533
2178536
2178537
2178538
2178539
2178540
2178542
2178543
2178545
2178553
2178554
2178661
2178662
2178663
2178664
2178665
2178667
2178668
2178669
2178670
2178671
2178673
2178674
2178675
2178676
2178677
2178679
2178680
2178681
2178682
2178683
2178685
2178686
2178687
2178688
2178689
2178691
2178692
2178693
2178694
2178695
2178697
2178698
2178699
2178700
2178701
2178719
2178720
2178721
2178722
2178723
2178725
2178726
2178727
2178728
2178729
2178731
2178732
2178733
2178734
2178735
2178737
2178738
2178739
2178740
2178741
2178743
2178760
2178761
2178762
2178763
2178764
2178766
2178767
2178768
2178769
2178770
2178772
2178773
2178774
2178775
2178776
2178778
2178779
2178780
2178781
2178782
2178784
2178785
2178786
2178787
2178788
2178790
2178791
2178792
2178793
2178794
2178796
2178797
2178798
2178799
2178800
2178802
2178803
2178804
2178805
2178806
2178810
2178811
2178812
2178813
2178814
2178815
2178816
2178817
2178818
2178819
2178820
2178822
2178823
2178824
2178825
2178826
2178828
2178829
2178830
2178831
2178832
2178834
2178835
2178836
2178837
2178838
2178840
2178841
2178842
2178843
2178844
2178846
2178847
2178848
2178849
2178850
2178852
2178853
2178854
2178855
2178856
2178858
2178859
2178860
2178861
2178862
2178864
2178865
2178866
2178867
2178868
2178870
2178871
2178872
2178873
2178874
2178876
2178877
2178878
2178879
2178880
2178882
2178883
2178884
2178885
2178886
2178887
2178888
2178889
2178890
2178891
2178893
2178894
2178895
2178896
2178897
2178899
2178900
2178901
2178902
2178903
2178905
2178906
2178907
2178908
2178909
2178927
2178928
2178929
2178932
2178933
2178934
2178935
2178936
2178938
2178939
2178940
2178941
2178942
2178944
2178945
2178946
2178947
2178948
2178951
2178952
2178953
2178954
2178955
2178957
2178958
2178959
2178960
2178961
2178963
2178964
2178965
2178966
2178967
2178969
2178970
2178971
2178972
2178973
2178975
2178976
2178977
2178978
2179007
2179008
2179009
2179010
2179011
2179013
2179014
2179015
2179016
2179017
2179019
2179020
2179021
2179022
2179023
2179025
2179026
2179027
2179028
2179029
2179066
2179067
2179068
2179069
2179070
2179071
2179072
2179073
2179074
2179075
2179076
2179077
2179078
2179080
2179081
2179082
2179083
2179084
2179086
2179087
2179088
2179089
2179090
2179092
2179093
2179094
2179095
2179096
2179098
2179099
2179100
2179101
2179102
2179107
2179108
2179109
2179110
2179111
2179113
2179114
2179115
2179116
2179117
2179119
2179120
2179121
2179122
2179123
2179125
2179126
2179127
2179133
2179134
2179135
2179136
2179137
2179139
2179140
2179141
2179142
2179143
2179145
2179146
2179147
2179148
2179149
2179151
2179152
2179153
2179154
2179155
2179170
2179171
2179172
2179173
2179174
2179175
2179208
2179209
2179210
2179211
2179212
2179214
2179215
2179216
2179217
2179218
2179220
2179221
2179222
2179223
2179224
2179226
2179227
2179228
2179229
2179233
2179234
2179235
2179236
2179237
2179239
2179240
2179241
2179242
2179243
2179244
2179246
2179247
2179248
2179249
2179250
2179252
2179253
2179254
2179255
2179257
2179258
2179259
2179260
2179261
2179263
2179264
2179265
2179266
2179267
2179269
2179270
2179271
2179272
2179273
2179277
2179278
2179279
2179280
2179281
2179283
2179284
2179285
2179286
2179288
2179290
2179325
2179326
2179327
2179328
2179329
2179330
2179331
2179332
2179465
2179466
2179467
2179468
2179469
2179471
2179472
2179473
2179474
2179475
2179477
2179478
2179479
2179480
2179481
2179483
2179484
2179485
2179486
2179487
2179489
2179490
2179491
2179492
2179493
2179495
2179496
2179497
2179498
2179499
2179501
2179502
2179503
2179504
2179505
2179507
2179508
2179509
2179510
2179511
2179513
2179514
2179515
2179516
2179517
2179518
2179519
2179520
2179521
2179522
2179523
2179525
2179526
2179527
2179528
2179529
2179531
2179532
2179533
2179534
2179535
2179537
2179538
2179539
2179540
2179541
2179543
2179544
2179545
2179546
2179547
2179549
2179550
2179551
2179552
2179553
2179555
2179556
2179557
2179558
2179559
2179561
2179562
2179563
2179564
2179565
2179567
2179568
2179569
2179570
2179571
2179573
2179574
2179575
2179576
2179577
2179579
2179580
2179581
2179582
2179583
2179584
2179586
2179587
2179588
2179589
2179590
2179594
2179595
2179596
2179597
2179598
2179600
2179601
2179602
2179603
2179604
2179606
2179607
2179608
2179609
2179610
2179612
2179613
2179614
2179615
2179616
2179619
2179620
2179621
2179622
2179623
2179625
2179626
2179627
2179628
2179629
2179631
2179632
2179633
2179634
2179635
2179640
2179641
2179642
2179643
2179644
2179646
2179647
2179648
2179649
2179650
2179652
2179653
2179654
2179655
2179656
2179658
2179659
2179660
2179661
2179662
2179664
2179665
2179666
2179667
2179668
2179670
2179671
2179672
2179673
2179674
2179676
2179677
2179678
2179679
2179680
2179682
2179683
2179684
2179685
2179686
2179688
2179689
2179690
2179691
2179693
2179694
2179695
2179696
2179697
2179699
2179700
2179701
2179702
2179703
2179705
2179706
2179707
2179708
2179709
2179715
2179716
2179717
2179718
2179719
2179721
2179722
2179723
2179724
2179725
2179727
2179728
2179729
2179730
2179731
2179733
2179734
2179735
2179736
2179737
2179739
2179740
2179741
2179742
2179743
2179745
2179746
2179747
2179748
2179749
2179751
2179752
2179753
2179754
2179755
2179757
2179758
2179759
2179760
2179761
2179763
2179764
2179765
2179766
2179767
2179769
2179770
2179771
2179772
2179773
2179775
2179776
2179777
2179778
2179779
2179781
2179782
2179783
2179784
2179785
2179787
2179788
2179789
2179790
2179791
2179793
2179794
2179795
2179796
2179798
2179799
2179800
2179801
2179802
2179803
2179804
2179805
2179806
2179807
2179808
2179809
2179810
2179811
2179812
2179813
2179814
2179815
2179816
2179817
2179818
2179819
2179820
2179821
2179822
2179823
2179824
2179825
2179826
2179827
2179828
2179829
2179830
2179831
2179832
2179833
2179834
2179835
2179836
2179837
2179838
2179839
2179840
2179841
2179842
2179843
2179844
2179852
2179853
2179854
2179855
2179856
2179858
2179859
2179860
2179861
2179862
2179864
2179865
2179866
2179867
2179868
2179870
2179871
2179872
2179873
2179874
2179875
2179878
2179879
2179880
2179881
2179882
2179884
2179885
2179886
2179887
2179888
2179890
2179891
2179892
2179893
2179894
2179901
2179902
2179903
2179904
2179905
2179907
2179908
2179909
2179910
2179911
2179913
2179914
2179915
2179916
2179917
2179920
2179921
2179922
2179923
2179924
2179926
2179927
2179928
2179929
2179930
2179932
2179933
2179934
2179935
2179936
2179938
2179939
2179940
2179941
2179942
2179943
2179944
2179945
2179946
2179947
2179948
2179949
2179950
2179951
2179952
2179957
2179958
2179959
2179960
2179961
2179963
2179964
2179965
2179966
2179967
2179969
2179970
2179971
2179972
2179973
2179975
2179976
2179977
2179978
2179985
2179986
2179987
2179988
2179989
2179991
2179992
2179993
2179994
2179995
2179997
2179998
2179999
2180000
2180001
2180002
2180004
2180005
2180006
2180007
2180008
2180010
2180011
2180012
2180013
2180014
2180016
2180017
2180018
2180019
2180020
2180022
2180023
2180024
2180025
2180026
2180028
2180029
2180030
2180031
2180032
2180037
2180038
2180039
2180040
2180041
2180042
2180043
2180044
2180045
2180046
2180047
2180048
2180049
2180050
2180051
2180052
2180053
2180055
2180056
2180057
2180058
2180059
2180061
2180062
2180064
2180069
2180070
2180071
2180072
2180073
2180074
2180075
2180076
2180077
2180078
2180079
2180080
2180081
2180082
2180083
2180093
2180144
2180168
2180169
2180170
2180171
2180172
2180174
2180175
2180176
2180177
2180178
2180180
2180181
2180182
2180183
2180184
2180186
2180187
2180188
2180189
2180190
2180196
2180198
2180200
2180201
2180202
2180203
2180204
2180206
2180207
2180208
2180209
2180210
2180212
2180213
2180214
2180215
2180216
2180218
2180219
2180220
2180221
2180222
2180228
2180229
2180230
2180231
2180232
2180234
2180235
2180236
2180237
2180238
2180240
2180241
2180242
2180243
2180244
2180247
2180248
2180249
2180250
2180251
2180253
2180254
2180255
2180256
2180257
2180259
2180260
2180261
2180262
2180263
2180268
2180269
2180270
2180271
2180272
2180273
2180274
2180275
2180276
2180277
2180278
2180279
2180280
2180281
2180283
2180284
2180285
2180286
2180287
2180289
2180290
2180291
2180292
2180293
2180295
2180296
2180297
2180298
2180299
2180301
2180302
2180303
2180304
2180305
2180307
2180308
2180309
2180310
2180311
2180313
2180314
2180315
2180316
2180317
2180318
2180319
2180321
2180322
2180323
2180324
2180325
2180327
2180328
2180329
2180330
2180331
2180333
2180334
2180335
2180336
2180339
2180340
2180341
2180342
2180343
2180345
2180346
2180347
2180348
2180349
2180351
2180352
2180353
2180354
2180355
2180357
2180358
2180359
2180360
2180361
2180363
2180364
2180365
2180366
2180367
2180369
2180370
2180371
2180372
2180373
2180375
2180376
2180377
2180378
2180379
2180387
2180388
2180389
2180390
2180391
2180393
2180394
2180395
2180396
2180398
2180399
2180400
2180401
2180402
2180404
2180405
2180406
2180407
2180408
2180412
2180413
2180414
2180415
2180416
2180418
2180419
2180420
2180421
2180422
2180424
2180425
2180426
2180427
2180428
2180439
2180440
2180445
2180446
2180448
2180449
2180450
2180451
2180452
2180454
2180455
2180456
2180457
2180458
2180460
2180461
2180462
2180463
2180464
2180466
2180467
2180468
2180469
2180470
2180477
2180478
2180480
2180481
2180482
2180483
2180484
2180486
2180487
2180488
2180489
2180490
2180492
2180493
2180494
2180495
2180496
2180503
2180504
2180505
2180506
2180507
2180508
2180509
2180512
2180513
2180514
2180515
2180516
2180518
2180519
2180520
2180521
2180522
2180524
2180525
2180526
2180527
2180528
2180530
2180531
2180532
2180533
2180534
2180536
2180537
2180538
2180539
2180540
2180542
2180543
2180544
2180545
2180546
2180548
2180549
2180550
2180551
2180552
2180557
2180558
2180559
2180560
2180561
2180563
2180564
2180565
2180566
2180567
2180569
2180570
2180571
2180572
2180573
2180575
2180576
2180577
2180578
2180579
2180585
2180586
2180587
2180588
2180589
2180591
2180592
2180593
2180594
2180595
2180597
2180598
2180599
2180600
2180601
2180603
2180604
2180605
2180606
2180607
2180609
2180610
2180611
2180612
2180613
2180615
2180616
2180617
2180618
2180619
2180621
2180622
2180623
2180624
2180625
2180627
2180628
2180629
2180630
2180631
2180633
2180634
2180635
2180636
2180637
2180639
2180640
2180641
2180642
2180643
2180645
2180646
2180647
2180648
2180649
2180651
2180652
2180653
2180654
2180655
2180668
2180669
2180670
2180671
2180672
2180673
2180674
2180675
2180676
2180678
2180679
2180680
2180681
2180682
2180684
2180685
2180686
2180687
2180688
2180690
2180691
2180692
2180693
2180694
2180696
2180697
2180698
2180699
2180700
2180702
2180703
2180704
2180711
2180712
2180713
2180714
2180715
2180717
2180718
2180719
2180720
2180721
2180723
2180724
2180725
2180726
2180727
2180735
2180736
2180737
2180738
2180739
2180741
2180743
2180744
2180745
2180746
2180747
2180748
2180749
2180750
2180751
2180852
2180853
2180854
2180855
2180856
2180858
2180859
2180860
2180861
2180862
2180864
2180865
2180866
2180867
2180868
2180870
2180871
2180872
2180873
2180874
2180876
2180877
2180886
2180887
2180888
2180889
2180890
2180892
2180893
2180894
2180895
2180896
2180898
2180899
2180900
2180901
2180902
2180904
2180905
2180906
2180907
2180908
2180910
2180911
2180912
2180913
2180928
2180929
2180930
2180931
2180932
2180934
2180935
2180936
2180937
2180938
2180940
2180941
2180942
2180943
2180944
2180946
2180947
2180948
2180949
2180950
2180953
2180954
2180955
2180956
2180957
2180959
2180960
2180961
2180962
2180963
2180965
2180966
2180967
2180968
2180969
2180971
2180972
2180973
2180974
2180978
2180979
2180980
2180981
2180982
2180984
2180985
2180986
2180987
2180988
2180990
2180991
2180992
2180993
2180995
2180996
2180997
2180998
2180999
2181001
2181002
2181003
2181004
2181005
2181007
2181008
2181009
2181010
2181011
2181013
2181014
2181015
2181016
2181017
2181019
2181020
2181021
2181022
2181023
2181027
2181028
2181029
2181030
2181031
2181033
2181034
2181035
2181036
2181037
2181039
2181040
2181041
2181042
2181043
2181045
2181046
2181047
2181048
2181049
2181051
2181052
2181053
2181054
2181055
2181059
2181060
2181061
2181062
2181063
2181065
2181066
2181067
2181068
2181069
2181071
2181072
2181073
2181074
2181075
2181077
2181078
2181079
2181080
2181081
2181088
2181089
2181090
2181099
2181100
2181101
2181102
2181104
2181105
2181106
2181107
2181110
2181111
2181112
2181113
2181114
2181116
2181117
2181118
2181119
2181120
2181122
2181123
2181124
2181125
2181126
2181136
2181137
2181138
2181139
2181140
2181142
2181143
2181144
2181145
2181146
2181148
2181149
2181150
2181151
2181152
2181154
2181155
2181156
2181157
2181158
2181164
2181165
2181166
2181167
2181168
2181170
2181171
2181172
2181173
2181174
2181176
2181177
2181178
2181179
2181180
2181182
2181183
2181184
2181185
2181186
2181203
2181204
2181205
2181206
2181208
2181209
2181210
2181211
2181212
2181214
2181215
2181216
2181217
2181218
2181223
2181224
2181225
2181226
2181227
2181228
2181229
2181230
2181233
2181234
2181235
2181236
2181237
2181239
2181240
2181241
2181242
2181243
2181245
2181246
2181247
2181248
2181249
2181259
2181260
2181261
2181262
2181263
2181265
2181266
2181267
2181268
2181269
2181271
2181272
2181273
2181274
2181275
2181277
2181278
2181279
2181280
2181281
2181283
2181284
2181285
2181286
2181287
2181288
2181289
2181290
2181292
2181293
2181294
2181295
2181296
2181298
2181299
2181300
2181301
2181302
2181304
2181305
2181306
2181307
2181308
2181310
2181311
2181312
2181313
2181314
2181316
2181317
2181318
2181319
2181322
2181323
2181324
2181326
2181327
2181328
2181329
2181330
2181332
2181333
2181334
2181335
2181336
2181338
2181339
2181340
2181341
2181342
2181344
2181345
2181346
2181347
2181348
2181375
2181376
2181377
2181378
2181379
2181381
2181382
2181383
2181384
2181385
2181387
2181388
2181389
2181390
2181391
2181393
2181394
2181395
2181396
2181397
2181399
2181400
2181401
2181402
2181412
2181413
2181414
2181415
2181416
2181418
2181419
2181420
2181421
2181422
2181424
2181425
2181426
2181427
2181428
2181430
2181431
2181432
2181433
2181434
2181444
2181445
2181446
2181447
2181449
2181450
2181451
2181452
2181453
2181455
2181456
2181457
2181458
2181459
2181461
2181462
2181463
2181464
2181465
2181467
2181573
2181574
2181575
2181576
2181577
2181579
2181580
2181581
2181582
2181583
2181585
2181586
2181587
2181588
2181589
2181591
2181592
2181593
2181594
2181596
2181597
2181598
2181599
2181600
2181602
2181603
2181604
2181605
2181606
2181608
2181609
2181610
2181611
2181612
2181614
2181615
2181616
2181617
2181618
2181631
2181632
2181633
2181634
2181635
2181637
2181638
2181639
2181640
2181641
2181643
2181644
2181645
2181646
2181647
2181649
2181650
2181651
2181652
2181653
2181655
2181656
2181657
2181658
2181659
2181660
2181672
2181673
2181674
2181675
2181677
2181678
2181679
2181680
2181681
2181682
2181683
2181684
2181685
2181686
2181687
2181688
2181689
2181690
2181691
2181692
2181702
2181703
2181704
2181705
2181706
2181884
2181885
2181887
2181888
2181890
2181891
2181892
2181893
2181894
2181929
2181930
2181931
2182130
2182131
2182133
2182134
2182135
2182136
2182138
2182139
2182140
2182141
2182143
2182153
2182154
2182155
2182156
2182157
2182158
2182169
2182278
2182279
2182280
2182281
2182282
2182283
2182284
2182285
2182286
2182287
2182417
2182418
2182419
2182558
2182559
2182561
2182562
2182564
2182565
2182566
2182575
2182576
2182577
2182578
2182579
2182584
2182585
2182586
2182587
2182588
2182589
2182610
2182640
2182641
2182642
2182718
2182719
2182721
2182722
2182723
2182724
2182725
2182727
2182728
2182729
2182738
2182739
2182745
2182746
2182748
2182749
2182750
2182751
2182752
2182753
2182754
2182755
2182756
2182757
2182758
2182759
2182760
2182761
2182762
2182763
2182780
2182781
2182782
2182783
2182861
2182973
2182974
2182975
2182976
2182978
2182979
2182980
2182981
2182982
2182983
2182984
2182985
2182986
2182987
2182989
2182991
2182992
2182993
2182994
2182995
2182996
2182997
2182998
2182999
2183000
2183001
2183002
2183007
2183008
2183009
2183047
2183048
2183050
2183051
2183052
2183053
2183054
2183056
2183057
2183058
2183059
2183060
2183074
2183075
2183080
2183081
2183082
2183091
2183092
2183094
2183095
2183096
2183097
2183098
2183099
2183100
2183101
2183102
2183103
2183118
2183136
2183137
2183139
2183140
2183141
2183142
2183143
2183145
2183146
2183147
2183148
2183149
2183157
2183158
2183159
2183174
2183175
2183177
2183178
2183179
2183180
2183181
2183182
2183183
2183184
2183185
2183186
2183188
2183189
2183190
2183194
2183196
2183197
2183199
2183200
2183201
2183202
2183203
2183204
2183205
2183206
2183207
2183208
2183224
2183225
2183226
2183227
2183228
2183229
2183230
2183231
2183286
2183287
2183288
2183290
2183291
2183292
2183311
2183312
2183313
2183314
2183315
2183316
2183317
2183318
2183319
2183320
2183332
2183333
2183334
2183346
2183347
2183348
2183349
2183350
2183351
2183352
2183353
2183354
2183355
2183356
2183358
2183359
2183360
2183427
2183428
2183430
2183431
2183432
2183433
2183434
2183436
2183437
2183438
2183439
2183440
2183449
2183450
2183451
2183452
2183453
2183455
2183456
2183457
2183458
2183459
2183461
2183462
2183463
2183464
2183465
2183467
2183468
2183469
2183470
2183471
2183480
2183602
2183603
2183604
2183605
2183606
2183608
2183609
2183610
2183611
2183612
2183614
2183615
2183616
2183617
2183618
2183637
2183638
2183639
2183640
2183641
2183643
2183644
2183645
2183646
2183647
2183649
2183650
2183651
2183652
2183653
2183655
2183656
2183657
2183658
2183659
2183660
2183661
2183662
2183663
2183664
2183665
2183666
2183667
2183668
2183669
2183670
2183672
2183673
2183674
2183675
2183676
2183678
2183679
2183680
2183681
2183682
2183684
2183685
2183686
2183687
2183688
2183690
2183691
2183692
2183693
2183694
2183700
2183701
2183702
2183703
2183704
2183705
2183706
2183707
2183708
2183709
2183712
2183713
2183714
2183715
2183716
2183718
2183719
2183720
2183721
2183722
2183724
2183725
2183726
2183727
2183728
2183730
2183731
2183732
2183733
2183734
2183735
2183736
2183746
2183747
2183748
2183749
2183750
2183752
2183753
2183754
2183755
2183756
2183758
2183759
2183760
2183761
2183762
2183764
2183765
2183766
2183767
2183768
2183775
2183776
2183777
2183778
2183779
2183781
2183782
2183783
2183784
2183785
2183787
2183788
2183789
2183790
2183791
2183793
2183794
2183795
2183796
2183798
2183799
2183800
2183801
2183802
2183803
2183804
2183805
2183806
2183850
2183851
2183852
2183853
2183855
2183856
2183857
2183858
2183859
2183861
2183862
2183863
2183864
2183865
2183867
2183868
2183869
2183870
2183871
2183873
2183874
2183875
2183876
2183877
2183879
2183880
2183881
2183882
2183885
2183886
2183887
2183888
2183890
2183891
2183892
2183893
2183894
2183896
2183897
2183898
2183899
2183900
2183902
2183903
2183904
2183905
2183906
2183908
2183909
2183910
2183911
2183912
2183915
2183916
2183917
2183918
2183919
2183920
2183921
2183922
2183923
2183924
2183926
2183927
2183928
2183929
2183930
2183932
2183933
2183934
2183935
2183936
2183938
2183939
2183940
2183941
2183942
2183944
2183945
2183946
2183947
2183948
2183950
2183951
2183952
2183953
2183954
2183955
2183956
2183970
2183971
2183972
2183973
2183974
2183976
2183977
2183978
2183979
2183980
2183982
2183983
2183984
2183985
2183986
2183988
2183989
2183990
2183991
2183992
2183994
2183995
2183996
2183997
2183998
2184000
2184001
2184002
2184003
2184004
2184006
2184007
2184008
2184009
2184010
2184012
2184013
2184014
2184015
2184016
2184018
2184019
2184020
2184021
2184022
2184024
2184025
2184026
2184027
2184028
2184030
2184031
2184032
2184033
2184034
2184036
2184037
2184038
2184039
2184040
2184042
2184043
2184044
2184045
2184047
2184048
2184049
2184050
2184051
2184053
2184054
2184055
2184056
2184057
2184059
2184060
2184061
2184062
2184063
2184065
2184066
2184067
2184068
2184069
2184073
2184074
2184075
2184076
2184078
2184079
2184080
2184081
2184082
2184084
2184085
2184086
2184087
2184088
2184090
2184091
2184092
2184093
2184094
2184096
2184097
2184098
2184099
2184100
2184105
2184106
2184107
2184108
2184109
2184110
2184111
2184112
2184113
2184114
2184115
2184116
2184117
2184118
2184119
2184120
2184121
2184122
2184123
2184124
2184125
2184126
2184127
2184128
2184129
2184130
2184131
2184132
2184133
2184134
2184135
2184136
2184137
2184138
2184139
2184140
2184142
2184143
2184144
2184145
2184146
2184148
2184149
2184150
2184151
2184152
2184154
2184155
2184156
2184157
2184158
2184160
2184161
2184162
2184163
2184164
2184172
2184173
2184174
2184175
2184176
2184187
2184188
2184189
2184190
2184191
2184193
2184194
2184195
2184196
2184197
2184199
2184200
2184201
2184202
2184203
2184205
2184206
2184207
2184208
2184209
2184214
2184215
2184216
2184218
2184219
2184220
2184221
2184222
2184224
2184225
2184226
2184227
2184228
2184230
2184231
2184232
2184233
2184234
2184236
2184237
2184238
2184239
2184240
2184256
2184257
2184258
2184259
2184261
2184262
2184263
2184267
2184268
2184269
2184270
2184271
2184273
2184274
2184275
2184276
2184277
2184279
2184280
2184281
2184282
2184283
2184285
2184286
2184287
2184288
2184289
2184304
2184305
2184306
2184307
2184309
2184311
2184312
2184313
2184314
2184315
2184316
2184317
2184318
2184320
2184321
2184322
2184395
2184396
2184397
2184398
2184399
2184401
2184402
2184403
2184404
2184405
2184407
2184408
2184409
2184410
2184411
2184413
2184414
2184415
2184416
2184417
2184421
2184423
2184424
2184425
2184426
2184427
2184429
2184430
2184431
2184432
2184433
2184435
2184436
2184437
2184438
2184439
2184441
2184442
2184443
2184444
2184445
2184450
2184451
2184452
2184453
2184454
2184456
2184457
2184458
2184459
2184460
2184462
2184463
2184464
2184465
2184466
2184468
2184469
2184470
2184471
2184472
2184493
2184494
2184495
2184496
2184498
2184500
2184501
2184502
2184503
2184504
2184505
2184508
2184509
2184510
2184511
2184512
2184514
2184515
2184516
2184517
2184518
2184520
2184521
2184522
2184523
2184524
2184531
2184533
2184534
2184535
2184536
2184537
2184538
2184539
2184541
2184542
2184543
2184544
2184545
2184547
2184548
2184549
2184550
2184551
2184553
2184554
2184555
2184556
2184557
2184559
2184560
2184561
2184562
2184563
2184570
2184571
2184572
2184573
2184574
2184576
2184577
2184578
2184579
2184580
2184582
2184583
2184584
2184585
2184586
2184590
2184591
2184592
2184593
2184594
2184595
2184596
2184597
2184598
2184599
2184603
2184604
2184605
2184606
2184607
2184609
2184610
2184611
2184612
2184613
2184615
2184616
2184617
2184618
2184619
2184627
2184628
2184629
2184630
2184631
2184633
2184634
2184635
2184636
2184637
2184639
2184640
2184641
2184642
2184643
2184645
2184646
2184647
2184648
2184649
2184651
2184652
2184653
2184654
2184656
2184657
2184658
2184659
2184660
2184662
2184663
2184664
2184665
2184666
2184668
2184669
2184670
2184671
2184672
2184674
2184675
2184676
2184677
2184678
2184680
2184681
2184682
2184683
2184684
2184686
2184687
2184688
2184689
2184690
2184692
2184693
2184694
2184695
2184696
2184698
2184699
2184700
2184701
2184702
2184704
2184705
2184706
2184707
2184708
2184709
2184710
2184711
2184712
2184718
2184719
2184720
2184721
2184722
2184724
2184725
2184726
2184727
2184728
2184730
2184731
2184732
2184733
2184734
2184741
2184742
2184743
2184744
2184745
2184746
2184747
2184757
2184758
2184759
2184760
2184761
2184763
2184764
2184765
2184766
2184767
2184769
2184770
2184771
2184772
2184773
2184775
2184776
2184777
2184778
2184779
2184803
2184805
2184806
2184807
2184808
2184809
2184811
2184812
2184813
2184814
2184815
2184817
2184818
2184819
2184820
2184821
2184823
2184824
2184825
2184826
2184827
2184829
2184830
2184831
2184832
2184833
2184835
2184836
2184837
2184838
2184839
2184841
2184842
2184843
2184844
2184845
2184847
2184848
2184849
2184850
2184851
2184853
2184854
2184855
2184856
2184857
2184858
2184859
2184860
2184863
2184864
2184865
2184866
2184867
2184869
2184870
2184871
2184872
2184873
2184875
2184876
2184877
2184878
2184879
2184881
2184882
2184883
2184884
2184885
2184887
2184888
2184889
2184890
2184891
2184893
2184894
2184895
2184896
2184897
2184899
2184900
2184901
2184902
2184903
2184905
2184906
2184907
2184908
2184909
2184911
2184912
2184913
2184914
2184915
2184917
2184918
2184919
2184920
2184921
2184923
2184924
2184925
2184926
2184927
2184944
2184945
2184946
2184947
2184949
2184950
2184951
2184952
2184953
2184955
2184956
2184957
2184958
2184959
2184961
2184962
2184963
2184964
2184965
2184967
2184968
2184969
2184970
2184971
2184973
2184974
2184975
2184976
2184977
2184978
2184979
2184980
2184981
2184982
2184983
2184984
2184985
2184986
2184987
2184988
2184991
2184992
2184993
2184994
2184995
2184997
2184998
2184999
2185000
2185001
2185003
2185004
2185005
2185006
2185007
2185014
2185015
2185016
2185017
2185018
2185020
2185021
2185022
2185023
2185024
2185026
2185027
2185028
2185029
2185030
2185032
2185034
2185062
2185063
2185064
2185123
2185124
2185125
2185126
2185127
2185129
2185130
2185131
2185132
2185133
2185135
2185136
2185137
2185138
2185139
2185141
2185142
2185143
2185144
2185145
2185150
2185151
2185152
2185153
2185159
2185160
2185161
2185162
2185163
2185165
2185166
2185167
2185168
2185169
2185171
2185172
2185173
2185174
2185175
2185177
2185178
2185179
2185180
2185181
2185204
2185205
2185206
2185207
2185208
2185210
2185211
2185212
2185213
2185214
2185216
2185217
2185218
2185219
2185220
2185222
2185223
2185224
2185225
2185226
2185228
2185229
2185230
2185231
2185232
2185233
2185234
2185235
2185237
2185238
2185239
2185240
2185241
2185243
2185244
2185245
2185246
2185247
2185249
2185250
2185251
2185252
2185253
2185255
2185256
2185257
2185258
2185259
2185266
2185267
2185268
2185269
2185270
2185272
2185273
2185274
2185275
2185276
2185278
2185279
2185280
2185281
2185282
2185284
2185285
2185286
2185287
2185288
2185290
2185291
2185292
2185293
2185294
2185296
2185297
2185298
2185356
2185361
2185362
2185363
2185364
2185365
2185367
2185368
2185369
2185370
2185371
2185373
2185374
2185375
2185376
2185377
2185379
2185380
2185381
2185382
2185383
2185395
2185396
2185397
2185431
2185432
2185433
2185434
2185435
2185437
2185438
2185439
2185440
2185441
2185443
2185444
2185445
2185446
2185447
2185449
2185450
2185451
2185452
2185453
2185460
2185461
2185462
2185463
2185465
2185466
2185467
2185468
2185469
2185471
2185472
2185473
2185474
2185475
2185477
2185478
2185479
2185480
2185481
2185483
2185484
2185485
2185486
2185487
2185490
2185491
2185492
2185493
2185494
2185496
2185497
2185498
2185499
2185500
2185502
2185503
2185504
2185505
2185507
2185508
2185509
2185510
2185511
2185556
2185557
2185558
2185559
2185560
2185562
2185563
2185564
2185565
2185566
2185568
2185569
2185570
2185571
2185572
2185574
2185575
2185576
2185577
2185578
2185580
2185581
2185582
2185583
2185584
2185586
2185587
2185588
2185589
2185590
2185592
2185593
2185594
2185595
2185596
2185598
2185599
2185600
2185601
2185602
2185604
2185605
2185606
2185607
2185608
2185610
2185611
2185612
2185613
2185614
2185616
2185617
2185618
2185619
2185620
2185622
2185623
2185624
2185625
2185626
2185628
2185629
2185630
2185631
2185632
2185633
2185634
2185635
2185636
2185637
2185638
2185639
2185640
2185641
2185642
2185643
2185644
2185645
2185646
2185647
2185649
2185650
2185651
2185652
2185653
2185655
2185656
2185657
2185658
2185659
2185661
2185662
2185663
2185664
2185665
2185667
2185668
2185669
2185670
2185671
2185673
2185674
2185675
2185676
2185677
2185679
2185680
2185681
2185682
2185683
2185685
2185686
2185687
2185688
2185689
2185691
2185692
2185693
2185694
2185695
2185697
2185698
2185699
2185700
2185701
2185703
2185704
2185705
2185706
2185707
2185709
2185710
2185711
2185712
2185713
2185715
2185716
2185717
2185718
2185720
2185722
2185723
2185724
2185725
2185726
2185727
2185728
2185729
2185730
2185731
2185732
2185733
2185734
2185752
2185802
2185803
2185804
2185805
2185806
2185808
2185809
2185810
2185811
2185812
2185814
2185815
2185816
2185817
2185818
2185820
2185821
2185822
2185823
2185824
2185826
2185827
2185828
2185838
2185839
2185840
2185841
2185842
2185844
2185845
2185846
2185847
2185848
2185850
2185851
2185852
2185853
2185854
2185865
2185866
2185867
2185868
2185869
2185871
2185872
2185873
2185874
2185875
2185877
2185878
2185879
2185880
2185881
2185885
2185886
2185887
2185888
2185889
2186056
2186057
2186058
2186059
2186060
2186074
2186075
2186076
2186077
2186078
2186169
2186170
2186171
2186175
2186176
2186178
2186179
2186181
2186182
2186183
2186184
2186185
2186186
2186187
2186201
2186202
2186261
2186262
2186263
2186264
2186266
2186267
2186268
2186269
2186270
2186271
2186272
2186273
2186274
2186275
2186276
2186277
2186283
2186284
2186286
2186287
2186288
2186289
2186290
2186498
2186499
2186500
2186545
2186546
2186548
2186549
2186551
2186552
2186553
2186554
2186555
2186557
2186558
2186573
2186575
2186576
2186577
2186578
2186579
2186580
2186581
2186582
2186583
2186584
2186592
2186593
2186594
2186624
2186625
2186627
2186628
2186629
2186630
2186631
2186633
2186634
2186635
2186636
2186637
2186640
2186641
2186642
2186643
2186644
2186645
2186646
2186647
2186648
2186649
2186650
2186651
2186652
2186653
2186654
2186655
2186657
2186698
2186699
2186700
2186764
2186765
2186766
2186767
2186768
2186770
2186771
2186772
2186773
2186774
2186794
2186795
2186797
2186798
2186799
2186800
2186801
2186802
2186803
2186804
2186805
2186806
2186807
2186809
2186810
2186811
2186812
2186813
2186854
2186855
2186856
2186890
2186961
2186962
2186964
2186965
2186966
2186967
2186968
2186970
2186971
2186972
2186985
2186986
2186988
2186989
2186990
2186991
2186992
2186996
2186997
2186998
2187012
2187013
2187015
2187016
2187017
2187018
2187019
2187021
2187022
2187023
2187025
2187027
2187044
2187061
2187062
2187138
2187139
2187140
2187141
2187142
2187155
2187156
2187157
2187158
2187159
2187160
2187161
2187162
2187328
2187329
2187331
2187332
2187333
2187334
2187335
2187336
2187337
2187347
2187348
2187350
2187351
2187352
2187353
2187354
2187355
2187356
2187357
2187358
2187359
2187369
2187370
2187371
2187486
2187487
2187488
2187532
2187533
2187535
2187536
2187537
2187538
2187539
2187541
2187542
2187543
2187548
2187549
2187553
2187554
2187555
2187556
2187557
2187572
2187579
2187580
2187581
2187774
2187775
2187777
2187778
2187779
2187780
2187781
2187783
2187784
2187785
2187789
2187790
2187792
2187793
2187794
2187795
2187796
2187797
2187798
2187799
2187800
2187801
2187802
2187803
2187804
2187805
2187806
2187807
2187808
2187809
2187832
2187833
2187834
2187875
2187876
2187877
2187878
2187880
2187881
2187882
2187883
2187884
2187886
2187887
2187888
2187889
2187890
2187892
2187893
2187894
2187895
2187896
2187898
2187899
2187900
2187901
2187902
2187904
2187905
2187906
2187907
2187908
2187910
2187911
2187912
2187913
2187914
2187916
2187917
2187918
2187919
2187920
2187964
2187965
2187966
2187967
2187968
2187970
2187971
2187972
2187973
2187974
2187976
2187977
2187978
2187979
2187980
2187982
2187983
2187984
2187985
2187986
2187987
2187988
2187989
2187990
2187991
2187992
2187993
2187995
2187996
2187997
2187998
2187999
2188001
2188002
2188003
2188004
2188005
2188007
2188008
2188009
2188010
2188011
2188013
2188014
2188015
2188016
2188017
2188018
2188020
2188021
2188022
2188023
2188024
2188025
2188026
2188027
2188028
2188033
2188034
2188035
2188036
2188037
2188039
2188040
2188041
2188042
2188043
2188045
2188046
2188047
2188048
2188049
2188051
2188052
2188053
2188054
2188055
2188057
2188058
2188059
2188060
2188061
2188063
2188064
2188065
2188066
2188067
2188068
2188070
2188071
2188072
2188073
2188074
2188076
2188077
2188078
2188079
2188080
2188082
2188083
2188084
2188085
2188086
2188087
2188088
2188089
2188090
2188091
2188092
2188093
2188094
2188112
2188113
2188114
2188115
2188116
2188118
2188119
2188120
2188121
2188122
2188124
2188125
2188126
2188127
2188128
2188130
2188131
2188132
2188133
2188134
2188136
2188137
2188138
2188139
2188144
2188145
2188146
2188147
2188148
2188176
2188177
2188178
2188179
2188180
2188181
2188183
2188184
2188185
2188186
2188187
2188189
2188190
2188191
2188192
2188193
2188195
2188196
2188197
2188198
2188199
2188201
2188202
2188203
2188204
2188205
2188224
2188225
2188226
2188227
2188228
2188230
2188231
2188232
2188233
2188234
2188236
2188237
2188238
2188239
2188241
2188242
2188243
2188244
2188245
2188247
2188248
2188249
2188250
2188261
2188262
2188263
2188264
2188265
2188267
2188268
2188269
2188270
2188271
2188273
2188274
2188275
2188276
2188277
2188279
2188280
2188281
2188282
2188283
2188284
2188315
2188316
2188317
2188318
2188319
2188321
2188322
2188323
2188324
2188325
2188327
2188328
2188329
2188330
2188331
2188333
2188334
2188335
2188336
2188337
2188340
2188342
2188343
2188344
2188345
2188346
2188348
2188349
2188350
2188351
2188352
2188356
2188357
2188358
2188359
2188360
2188362
2188363
2188364
2188365
2188367
2188375
2188376
2188377
2188378
2188379
2188380
2188381
2188382
2188383
2188384
2188385
2188386
2188387
2188388
2188389
2188390
2188391
2188392
2188393
2188394
2188395
2188396
2188397
2188398
2188399
2188400
2188487
2188565
2188566
2188567
2188568
2188569
2188571
2188572
2188573
2188574
2188575
2188577
2188578
2188579
2188580
2188581
2188583
2188584
2188585
2188586
2188591
2188592
2188593
2188594
2188595
2188597
2188598
2188599
2188600
2188601
2188602
2188604
2188605
2188606
2188607
2188608
2188610
2188611
2188612
2188613
2188614
2188640
2188641
2188642
2188643
2188644
2188646
2188647
2188648
2188649
2188650
2188652
2188653
2188654
2188655
2188656
2188658
2188659
2188660
2188661
2188662
2188663
2188669
2188670
2188671
2188672
2188673
2188682
2188683
2188684
2188685
2188686
2188688
2188689
2188690
2188691
2188692
2188694
2188695
2188696
2188697
2188698
2188700
2188701
2188703
2188704
2188705
2188706
2188707
2188709
2188710
2188711
2188712
2188713
2188715
2188716
2188717
2188718
2188719
2188720
2188722
2188723
2188724
2188725
2188726
2188733
2188734
2188735
2188736
2188737
2188739
2188740
2188741
2188742
2188743
2188745
2188746
2188747
2188748
2188749
2188751
2188752
2188753
2188754
2188755
2188760
2188761
2188762
2188763
2188764
2188766
2188767
2188768
2188769
2188770
2188771
2188773
2188774
2188775
2188776
2188777
2188779
2188780
2188781
2188782
2188783
2188785
2188786
2188787
2188788
2188789
2188790
2188791
2188792
2188793
2188794
2188795
2188796
2188798
2188799
2188800
2188801
2188802
2188804
2188805
2188806
2188807
2188808
2188810
2188811
2188812
2188813
2188814
2188816
2188817
2188818
2188819
2188820
2188823
2188824
2188826
2188837
2188838
2188839
2188862
2188863
2188864
2188865
2188866
2188868
2188869
2188870
2188871
2188872
2188874
2188875
2188876
2188877
2188878
2188880
2188881
2188882
2188883
2188884
2188886
2188887
2188888
2188891
2188892
2188893
2188894
2188895
2188897
2188898
2188899
2188900
2188901
2188903
2188904
2188905
2188906
2188907
2188909
2188910
2188911
2188912
2188913
2188914
2188916
2188917
2188918
2188919
2188920
2188922
2188923
2188924
2188925
2188926
2188928
2188929
2188930
2188931
2188932
2188934
2188935
2188936
2188937
2188938
2188940
2188941
2188942
2188943
2188944
2188946
2188947
2188948
2188949
2188950
2188952
2188953
2188954
2188955
2188956
2188957
2188959
2188960
2188961
2188962
2188963
2188965
2188966
2188967
2188968
2188969
2188971
2188972
2188973
2188974
2188976
2188977
2188978
2188979
2188980
2188982
2188983
2188984
2188985
2188986
2188988
2188989
2188990
2188991
2188992
2188993
2188994
2188995
2188996
2188997
2188998
2188999
2189000
2189001
2189002
2189004
2189005
2189006
2189007
2189008
2189009
2189011
2189012
2189013
2189014
2189015
2189017
2189018
2189019
2189020
2189021
2189023
2189024
2189025
2189026
2189027
2189030
2189031
2189032
2189033
2189034
2189036
2189037
2189038
2189039
2189040
2189042
2189043
2189044
2189045
2189046
2189048
2189049
2189050
2189051
2189052
2189059
2189060
2189061
2189062
2189064
2189065
2189066
2189067
2189068
2189070
2189071
2189072
2189073
2189074
2189076
2189081
2189082
2189083
2189180
2189181
2189182
2189183
2189184
2189186
2189187
2189188
2189189
2189190
2189192
2189193
2189194
2189195
2189196
2189198
2189199
2189200
2189201
2189202
2189220
2189221
2189222
2189223
2189224
2189226
2189227
2189228
2189229
2189230
2189232
2189233
2189234
2189235
2189236
2189238
2189239
2189240
2189241
2189242
2189254
2189255
2189256
2189257
2189258
2189259
2189260
2189261
2189267
2189268
2189269
2189270
2189271
2189279
2189280
2189281
2189282
2189283
2189285
2189286
2189287
2189288
2189289
2189291
2189292
2189293
2189294
2189295
2189297
2189298
2189299
2189300
2189301
2189303
2189304
2189305
2189306
2189307
2189310
2189311
2189312
2189313
2189314
2189316
2189317
2189318
2189319
2189320
2189322
2189323
2189324
2189325
2189326
2189328
2189329
2189330
2189331
2189337
2189338
2189339
2189340
2189349
2189350
2189351
2189352
2189353
2189355
2189356
2189357
2189358
2189359
2189361
2189362
2189363
2189364
2189365
2189366
2189368
2189369
2189370
2189371
2189372
2189374
2189375
2189376
2189377
2189378
2189380
2189381
2189382
2189383
2189384
2189386
2189387
2189388
2189389
2189390
2189396
2189397
2189398
2189399
2189400
2189401
2189403
2189404
2189405
2189406
2189407
2189409
2189410
2189411
2189412
2189413
2189414
2189416
2189417
2189418
2189419
2189420
2189423
2189424
2189425
2189426
2189427
2189429
2189430
2189431
2189432
2189433
2189435
2189436
2189437
2189438
2189439
2189441
2189442
2189443
2189444
2189445
2189447
2189448
2189449
2189450
2189451
2189452
2189454
2189455
2189456
2189457
2189458
2189460
2189461
2189462
2189463
2189464
2189465
2189466
2189467
2189468
2189469
2189471
2189472
2189473
2189474
2189475
2189477
2189478
2189479
2189480
2189481
2189483
2189484
2189485
2189486
2189487
2189489
2189490
2189491
2189492
2189493
2189495
2189496
2189497
2189498
2189499
2189501
2189502
2189503
2189504
2189505
2189506
2189508
2189509
2189510
2189511
2189512
2189515
2189516
2189517
2189518
2189519
2189521
2189522
2189523
2189524
2189525
2189527
2189528
2189529
2189530
2189531
2189533
2189534
2189535
2189536
2189537
2189539
2189540
2189541
2189542
2189543
2189544
2189545
2189546
2189547
2189548
2189549
2189551
2189552
2189553
2189554
2189555
2189557
2189558
2189559
2189560
2189561
2189562
2189564
2189565
2189566
2189567
2189568
2189570
2189571
2189572
2189573
2189574
2189576
2189577
2189578
2189579
2189580
2189582
2189583
2189584
2189585
2189586
2189588
2189589
2189590
2189591
2189592
2189594
2189595
2189596
2189597
2189598
2189600
2189601
2189602
2189603
2189604
2189605
2189607
2189608
2189609
2189610
2189611
2189619
2189620
2189621
2189622
2189623
2189625
2189626
2189627
2189628
2189629
2189631
2189632
2189633
2189634
2189635
2189637
2189638
2189639
2189640
2189641
2189643
2189644
2189645
2189646
2189647
2189648
2189649
2189650
2189651
2189652
2189653
2189654
2189655
2189656
2189657
2189659
2189661
2189662
2189663
2189664
2189665
2189666
2189668
2189669
2189670
2189671
2189672
2189674
2189675
2189676
2189677
2189678
2189680
2189681
2189682
2189683
2189684
2189690
2189691
2189692
2189693
2189694
2189695
2189700
2189701
2189702
2189703
2189704
2189706
2189707
2189708
2189709
2189710
2189712
2189713
2189714
2189715
2189716
2189718
2189728
2189729
2189730
2189731
2189732
2189734
2189735
2189736
2189737
2189738
2189740
2189741
2189742
2189743
2189744
2189747
2189748
2189749
2189750
2189751
2189752
2189753
2189754
2189755
2189757
2189758
2189759
2189760
2189761
2189763
2189764
2189765
2189766
2189767
2189769
2189770
2189771
2189772
2189773
2189775
2189781
2189782
2189783
2189784
2189785
2189787
2189788
2189789
2189790
2189791
2189793
2189794
2189795
2189796
2189797
2189799
2189800
2189801
2189803
2189809
2189810
2189811
2189812
2189813
2189814
2189873
2189874
2189875
2189876
2189877
2189879
2189880
2189881
2189882
2189883
2189885
2189886
2189887
2189888
2189889
2189891
2189896
2189897
2189898
2189899
2189900
2189902
2189903
2189904
2189905
2189906
2189908
2189909
2189910
2189911
2189912
2189914
2189915
2189916
2189917
2189918
2189920
2189921
2189922
2189923
2189924
2189925
2189926
2189928
2189929
2189930
2189931
2189932
2189934
2189935
2189936
2189937
2189938
2189940
2189941
2189942
2189943
2189944
2189946
2189951
2189952
2189953
2189954
2189955
2189961
2189962
2189963
2189964
2189965
2189967
2189968
2189969
2189970
2189971
2189973
2189974
2189975
2189976
2189977
2189979
2189980
2189981
2189982
2189983
2189989
2189990
2189992
2189993
2189994
2189995
2189996
2189998
2189999
2190000
2190002
2190003
2190004
2190005
2190006
2190007
2190009
2190010
2190011
2190012
2190013
2190015
2190016
2190017
2190018
2190019
2190021
2190022
2190023
2190024
2190025
2190026
2190027
2190028
2190029
2190030
2190031
2190032
2190043
2190044
2190045
2190047
2190048
2190049
2190051
2190052
2190053
2190054
2190055
2190056
2190057
2190058
2190060
2190061
2190062
2190069
2190070
2190071
2190081
2190082
2190084
2190085
2190086
2190087
2190088
2190089
2190090
2190091
2190092
2190093
2190094
2190095
2190096
2190097
2190098
2190099
2190106
2190124
2190125
2190127
2190128
2190129
2190130
2190131
2190152
2190153
2190154
2190155
2190157
2190158
2190159
2190160
2190161
2190163
2190164
2190165
2190166
2190167
2190169
2190170
2190171
2190172
2190173
2190181
2190182
2190184
2190185
2190186
2190187
2190188
2190209
2190218
2190219
2190220
2190221
2190222
2190224
2190225
2190226
2190227
2190228
2190230
2190231
2190232
2190233
2190234
2190239
2190240
2190309
2190320
2190321
2190323
2190324
2190325
2190326
2190327
2190329
2190330
2190331
2190332
2190340
2190347
2190351
2190352
2190353
2190354
2190367
2190368
2190370
2190371
2190372
2190373
2190374
2190375
2190376
2190377
2190378
2190379
2190385
2190386
2190387
2190388
2190389
2190391
2190414
2190415
2190417
2190418
2190419
2190420
2190421
2190424
2190428
2190429
2190431
2190433
2190438
2190442
2190453
2190538
2190539
2190540
2190560
2190561
2190563
2190564
2190565
2190566
2190567
2190568
2190569
2190570
2190571
2190572
2190589
2190590
2190592
2190593
2190594
2190595
2190596
2190597
2190598
2190599
2190600
2190601
2190623
2190624
2190625
2190697
2190698
2190700
2190701
2190702
2190703
2190704
2190706
2190707
2190708
2190709
2190710
2190715
2190716
2190719
2190720
2190721
2190745
2190746
2190748
2190749
2190750
2190751
2190752
2190753
2190761
2190788
2190789
2190790
2190805
2190854
2190855
2190856
2190857
2190858
2190912
2190913
2190914
2191131
2191132
2191133
2191134
2191136
2191137
2191138
2191139
2191140
2191142
2191143
2191144
2191145
2191146
2191152
2191153
2191154
2191155
2191158
2191159
2191160
2191161
2191162
2191164
2191165
2191255
2191256
2191257
2191258
2191259
2191261
2191262
2191263
2191264
2191266
2191267
2191268
2191269
2191270
2191271
2191274
2191275
2191276
2191277
2191278
2191280
2191281
2191282
2191283
2191284
2191286
2191287
2191288
2191289
2191290
2191292
2191293
2191294
2191295
2191296
2191297
2191298
2191299
2191300
2191303
2191304
2191305
2191306
2191307
2191308
2191310
2191311
2191312
2191313
2191314
2191316
2191317
2191318
2191319
2191320
2191322
2191323
2191324
2191325
2191326
2191328
2191329
2191330
2191331
2191332
2191334
2191335
2191336
2191337
2191338
2191341
2191342
2191343
2191344
2191345
2191346
2191347
2191348
2191349
2191350
2191351
2191353
2191354
2191355
2191356
2191357
2191359
2191360
2191361
2191362
2191363
2191365
2191366
2191367
2191368
2191369
2191371
2191372
2191373
2191374
2191375
2191379
2191380
2191381
2191382
2191383
2191385
2191386
2191387
2191388
2191389
2191391
2191392
2191393
2191394
2191395
2191396
2191436
2191437
2191438
2191439
2191440
2191442
2191443
2191444
2191445
2191446
2191448
2191449
2191450
2191451
2191452
2191454
2191455
2191456
2191457
2191458
2191460
2191461
2191462
2191463
2191464
2191466
2191467
2191468
2191469
2191470
2191471
2191475
2191476
2191477
2191478
2191512
2191513
2191514
2191515
2191517
2191518
2191519
2191520
2191521
2191523
2191524
2191525
2191526
2191527
2191529
2191530
2191531
2191532
2191533
2191535
2191536
2191537
2191538
2191539
2191543
2191544
2191545
2191546
2191547
2191549
2191550
2191551
2191552
2191553
2191554
2191556
2191557
2191558
2191559
2191560
2191562
2191563
2191564
2191565
2191566
2191567
2191568
2191569
2191570
2191571
2191572
2191573
2191574
2191575
2191576
2191577
2191578
2191579
2191580
2191581
2191582
2191583
2191584
2191585
2191586
2191587
2191598
2191599
2191600
2191601
2191602
2191604
2191605
2191606
2191607
2191608
2191610
2191611
2191612
2191613
2191614
2191618
2191619
2191620
2191621
2191622
2191623
2191624
2191625
2191626
2191627
2191628
2191635
2191636
2191637
2191638
2191639
2191641
2191642
2191643
2191644
2191645
2191646
2191648
2191649
2191650
2191651
2191652
2191654
2191655
2191656
2191657
2191658
2191660
2191661
2191662
2191663
2191664
2191666
2191667
2191668
2191669
2191670
2191672
2191673
2191674
2191675
2191676
2191678
2191679
2191680
2191681
2191682
2191683
2191684
2191685
2191686
2191687
2191688
2191689
2191690
2191693
2191694
2191696
2191698
2191737
2191738
2191739
2191740
2191741
2191743
2191744
2191745
2191746
2191747
2191749
2191750
2191751
2191752
2191753
2191755
2191756
2191757
2191758
2191759
2191764
2191765
2191766
2191767
2191768
2191770
2191771
2191772
2191773
2191774
2191776
2191784
2191785
2191786
2191787
2191788
2191790
2191791
2191792
2191793
2191794
2191796
2191797
2191798
2191799
2191800
2191802
2191803
2191804
2191805
2191806
2191808
2191809
2191810
2191811
2191812
2191814
2191815
2191816
2191817
2191818
2191820
2191821
2191822
2191823
2191824
2191825
2191827
2191828
2191829
2191830
2191831
2191832
2191833
2191834
2191835
2191836
2191837
2191838
2191839
2191849
2191850
2191851
2191852
2191853
2191855
2191856
2191858
2191860
2191861
2191862
2191863
2191864
2191865
2191866
2191867
2191868
2191869
2191870
2191871
2191872
2191873
2191934
2191936
2191977
2191978
2191979
2191980
2191981
2191983
2191984
2191985
2191986
2191987
2191989
2191990
2191991
2191992
2191993
2191995
2191996
2191998
2191999
2192000
2192001
2192002
2192004
2192005
2192006
2192007
2192008
2192010
2192011
2192012
2192013
2192014
2192016
2192017
2192018
2192019
2192020
2192022
2192023
2192024
2192025
2192026
2192028
2192029
2192030
2192031
2192032
2192034
2192035
2192036
2192037
2192038
2192040
2192041
2192042
2192043
2192044
2192051
2192052
2192053
2192054
2192055
2192057
2192058
2192059
2192060
2192061
2192063
2192064
2192065
2192066
2192067
2192070
2192071
2192072
2192073
2192074
2192075
2192076
2192077
2192078
2192079
2192080
2192081
2192082
2192084
2192085
2192086
2192087
2192088
2192090
2192091
2192092
2192093
2192094
2192096
2192097
2192098
2192099
2192100
2192102
2192103
2192104
2192105
2192106
2192108
2192109
2192110
2192111
2192112
2192114
2192115
2192116
2192117
2192119
2192120
2192121
2192122
2192123
2192125
2192126
2192127
2192128
2192129
2192131
2192132
2192133
2192134
2192135
2192137
2192138
2192139
2192140
2192141
2192162
2192163
2192164
2192165
2192167
2192168
2192169
2192170
2192171
2192173
2192174
2192175
2192176
2192177
2192179
2192180
2192181
2192182
2192183
2192185
2192186
2192187
2192188
2192189
2192190
2192191
2192192
2192193
2192203
2192204
2192205
2192206
2192207
2192209
2192210
2192211
2192212
2192213
2192215
2192216
2192217
2192218
2192219
2192221
2192222
2192223
2192224
2192225
2192234
2192235
2192236
2192237
2192238
2192240
2192241
2192242
2192243
2192244
2192246
2192247
2192248
2192249
2192250
2192252
2192253
2192254
2192255
2192256
2192257
2192258
2192259
2192260
2192261
2192263
2192264
2192265
2192266
2192267
2192269
2192270
2192271
2192272
2192273
2192275
2192276
2192277
2192278
2192279
2192281
2192282
2192283
2192284
2192285
2192287
2192288
2192289
2192290
2192292
2192293
2192294
2192295
2192296
2192298
2192299
2192300
2192301
2192302
2192304
2192305
2192306
2192307
2192308
2192310
2192311
2192312
2192313
2192314
2192316
2192317
2192318
2192319
2192320
2192322
2192323
2192324
2192325
2192326
2192328
2192329
2192330
2192331
2192332
2192334
2192335
2192336
2192337
2192338
2192340
2192341
2192342
2192343
2192344
2192345
2192346
2192361
2192367
2192368
2192369
2192370
2192371
2192373
2192374
2192375
2192376
2192377
2192379
2192380
2192381
2192382
2192383
2192385
2192386
2192387
2192388
2192389
2192393
2192394
2192395
2192396
2192398
2192399
2192400
2192401
2192402
2192404
2192405
2192406
2192407
2192408
2192410
2192411
2192412
2192413
2192415
2192416
2192417
2192418
2192419
2192421
2192422
2192423
2192424
2192425
2192427
2192428
2192429
2192430
2192431
2192433
2192434
2192435
2192436
2192437
2192441
2192442
2192443
2192444
2192445
2192463
2192465
2192466
2192467
2192468
2192469
2192471
2192472
2192473
2192474
2192475
2192477
2192478
2192479
2192480
2192481
2192483
2192484
2192485
2192486
2192487
2192494
2192495
2192496
2192516
2192517
2192518
2192519
2192520
2192522
2192523
2192524
2192525
2192526
2192528
2192529
2192530
2192531
2192532
2192537
2192538
2192539
2192540
2192541
2192543
2192544
2192545
2192547
2192551
2192552
2192553
2192560
2192635
2192636
2192637
2192638
2192639
2192641
2192642
2192643
2192644
2192645
2192647
2192648
2192649
2192650
2192651
2192653
2192654
2192655
2192657
2192658
2192659
2192660
2192661
2192663
2192664
2192665
2192666
2192667
2192669
2192670
2192671
2192672
2192673
2192675
2192676
2192677
2192678
2192679
2192681
2192682
2192683
2192684
2192685
2192687
2192688
2192689
2192690
2192691
2192693
2192694
2192695
2192696
2192697
2192705
2192706
2192707
2192708
2192709
2192710
2192711
2192712
2192714
2192715
2192716
2192717
2192718
2192720
2192721
2192722
2192723
2192724
2192726
2192727
2192728
2192729
2192730
2192732
2192733
2192734
2192735
2192736
2192738
2192739
2192740
2192741
2192742
2192744
2192745
2192746
2192747
2192748
2192750
2192751
2192752
2192753
2192754
2192756
2192757
2192758
2192759
2192760
2192770
2192771
2192772
2192773
2192775
2192776
2192777
2192778
2192779
2192781
2192782
2192783
2192784
2192785
2192787
2192788
2192789
2192790
2192791
2192793
2192794
2192795
2192796
2192797
2192804
2192805
2192806
2192807
2192808
2192810
2192811
2192812
2192813
2192814
2192816
2192817
2192818
2192819
2192820
2192831
2192832
2192833
2192834
2192836
2192837
2192838
2192839
2192840
2192842
2192843
2192844
2192845
2192846
2192848
2192849
2192850
2192851
2192852
2192854
2192855
2192856
2192857
2192858
2192880
2192881
2192882
2192883
2192884
2192886
2192887
2192888
2192889
2192890
2192892
2192893
2192894
2192895
2192896
2192898
2192899
2192900
2192901
2192902
2192903
2192904
2192905
2192906
2192907
2192908
2192909
2192910
2192911
2192912
2192913
2192914
2192915
2192916
2192917
2192918
2192919
2192921
2192924
2192925
2192926
2192927
2192928
2192930
2192931
2192932
2192933
2192934
2192936
2192937
2192938
2192939
2192940
2192942
2192943
2192944
2192946
2192947
2192948
2192949
2192950
2192952
2192953
2192954
2192955
2192956
2192958
2192959
2192960
2192961
2192962
2192964
2192965
2192966
2192967
2192968
2192974
2192976
2192977
2192978
2192979
2192980
2192982
2192983
2192984
2192985
2192986
2192988
2192989
2192990
2192991
2192992
2192994
2192995
2192996
2192997
2192998
2193002
2193003
2193004
2193005
2193006
2193008
2193009
2193010
2193011
2193012
2193014
2193015
2193016
2193017
2193018
2193021
2193022
2193023
2193025
2193027
2193028
2193029
2193030
2193031
2193033
2193034
2193035
2193036
2193037
2193039
2193040
2193041
2193042
2193043
2193045
2193046
2193047
2193048
2193049
2193051
2193052
2193056
2193057
2193058
2193059
2193060
2193062
2193063
2193064
2193065
2193066
2193068
2193069
2193070
2193071
2193072
2193074
2193075
2193076
2193077
2193078
2193081
2193082
2193083
2193084
2193085
2193087
2193088
2193089
2193090
2193091
2193093
2193094
2193095
2193096
2193097
2193099
2193100
2193101
2193102
2193103
2193104
2193105
2193111
2193112
2193113
2193114
2193115
2193117
2193118
2193119
2193120
2193122
2193123
2193124
2193155
2193224
2193593
2193606
2193609
2193612
2193624
2193630
2193785
2194640
2195327
2196198
2196986
2197767
2198449
2201589
2201660
2201692
2201693
2201739
2201742
2201814
2201818
2201833
2201835
2201837
2201841
2201847
2201850
2201851
2201853
2201860
2202378
2203099
2203799
2204550
2206278
2207183
2208009
2208782
2209540
2210353
2211155
2211997
2212836
2214115
2214151
2214261
2214477
2214515
2214568
2214608
2214609
2214610
2214611
2214612
2214613
2214625
2214626
2214627
2214628
2214629
2214630
2214674
2214675
2214676
2214677
2214678
2214679
2214712
2214713
2214714
2214715
2214890
2214891
2214892
2214894
2214895
2214896
2214897
2214903
2214904
2214915
2214938
2214939
2214940
2214941
2214942
2215237
2215374
2215375
2215377
2215378
2215379
2215380
2215381
2215383
2215384
2215385
2215386
2215399
2215400
2215401
2215402
2215418
2216446
2219020
2221542
2222757
2223940
2225162
2226421
2227667
2228806
2229762
2230879
2232014
2233270
2234508
2236740
2237790
2238781
2239652
2239653
2239678
2239679
2239691
2239809
2239810
2239949
2239961
2240019
2240032
2240636
2242626
2243620
2244631
2245663
2246690
2247824
2248871
2249970
2252115
2253940
2254656
2255293
2256010
2258105
2260864
2261509
2262109
2262713
2263426
2263479
2263480
2263501
2264020
2265004
2266068
2267173
2269381
2270135
2270700
2271206
2271807
2272407
2272957
2274005
2275104
2276169
2277201
2278269
2279288
2280249
2281071
2281764
2282325
2282806
2284284
2284304
2284327
2284538
2284649
2284666
2284681
2284724
2284725
2284738
2284908
2284909
2284911
2284942
2284943
2285227
2286079
2286963
2287825
2287829
2287833
2287852
2287854
2287856
2287858
2287860
2287862
2287869
2287873
2287887
2287888
2288290
2288304
2288318
2288817
2290747
2291814
2295243
2296364
2297444
2299598
2300868
2302052
2303184
2305508
2306609
2307837
2309129
2311380
2313501
2314625
2315696
2317693
2319866
2320932
2322984
2323987
2324882
2325874
2326811
2327682
2328575
2329352
2330170
2331144
2331671
2332722
2333397
2333970
2334556
2335406
2335446
2335642
2335958
2336670
2337044
2337045
2337076
2337103
2337105
2337107
2337109
2337111
2337113
2337115
2337117
2337119
2337121
2337125
2337126
2337153
2337155
2337159
2337160
2337161
2337162
2337185
2337187
2337189
2337191
2337193
2337195
2337197
2337199
2337239
2337240
2337241
2337242
2337243
2337258
2337259
2337260
2337261
2337262
2337263
2337264
2337265
2337266
2337267
2337269
2337271
2337273
2337275
2337277
2337279
2337281
2337283
2337285
2337287
2337289
2337291
2337303
2337304
2337384
2337386
2337388
2337390
2337392
2337394
2337396
2337398
2337400
2337402
2337404
2337406
2337408
2337417
2337419
2337421
2337423
2337425
2337427
2337429
2337431
2337433
2337435
2337437
2337439
2337441
2337465
2337467
2337469
2337471
2337473
2337475
2337477
2337479
2337481
2337483
2337485
2337487
2337491
2337492
2337493
2337494
2337495
2337496
2337497
2337498
2337499
2337500
2337501
2337502
2337503
2337504
2337505
2337506
2337507
2337508
2337509
2337510
2337511
2337512
2337513
2337514
2337515
2337516
2337517
2337518
2337519
2337520
2337521
2337522
2337524
2337525
2337545
2337547
2337549
2337551
2337553
2337555
2337557
2337559
2337561
2337563
2337565
2337567
2337569
2337571
2337593
2337595
2337597
2337599
2337601
2337603
2337605
2337607
2337609
2337611
2337613
2337615
2337617
2337626
2337627
2337628
2337629
2337651
2337653
2337655
2337657
2337659
2337661
2337663
2337664
2337666
2337668
2337670
2337672
2337674
2337701
2337702
2337703
2337712
2337714
2337716
2337718
2337720
2337721
2337722
2337726
2337727
2337728
2337729
2337730
2337731
2337732
2337733
2337734
2337735
2337736
2337737
2337738
2337739
2337747
2337748
2337749
2337750
2337758
2337759
2337761
2337762
2337763
2337764
2337765
2337766
2337767
2337769
2337770
2337771
2337772
2337773
2337774
2337775
2337777
2337778
2337779
2337780
2337781
2337785
2337786
2337801
2337802
2337806
2337807
2337808
2337809
2337810
2337811
2337812
2337813
2337814
2337815
2337816
2337817
2337818
2337819
2337820
2337837
2337838
2337839
2337840
2337841
2337842
2337843
2337845
2337846
2337847
2337848
2337849
2337850
2337851
2337853
2337854
2337855
2337856
2337857
2337858
2337859
2337861
2337862
2337863
2337864
2337865
2337866
2337867
2337871
2337872
2337873
2337874
2337876
2337877
2337878
2337879
2337880
2337881
2337882
2337884
2337885
2337886
2337887
2337888
2337889
2337890
2337891
2337892
2337898
2337899
2337900
2337901
2337902
2337903
2337904
2337905
2337906
2337907
2337908
2337909
2337910
2337911
2337913
2337915
2337916
2337917
2337919
2337920
2337921
2337922
2337923
2337924
2337925
2337927
2337928
2337929
2337930
2337931
2337932
2337933
2337935
2337936
2337937
2337938
2337939
2337940
2337941
2337947
2337948
2337950
2337951
2337952
2337953
2337954
2337955
2337956
2337957
2337959
2337960
2337961
2337962
2337963
2337964
2337965
2337966
2337970
2337972
2337973
2337978
2337979
2337980
2337981
2337982
2337989
2337990
2337991
2337992
2337993
2337994
2337995
2337997
2337998
2337999
2338000
2338001
2338002
2338003
2338005
2338006
2338007
2338008
2338009
2338010
2338011
2338013
2338014
2338015
2338016
2338020
2338021
2338022
2338023
2338024
2338030
2338031
2338032
2338033
2338034
2338035
2338036
2338037
2338038
2338039
2338040
2338041
2338050
2338051
2338052
2338053
2338054
2338055
2338056
2338058
2338059
2338060
2338061
2338062
2338063
2338064
2338066
2338067
2338068
2338069
2338070
2338071
2338072
2338076
2338077
2338093
2338094
2338095
2338096
2338097
2338098
2338099
2338101
2338102
2338103
2338104
2338105
2338109
2338110
2338111
2338130
2338131
2338132
2338133
2338134
2338135
2338136
2338138
2338139
2338140
2338144
2338145
2338152
2338153
2338154
2338155
2338156
2338157
2338166
2338168
2338169
2338170
2338171
2338172
2338173
2338174
2338176
2338177
2338178
2338179
2338180
2338181
2338182
2338184
2338185
2338186
2338187
2338188
2338189
2338190
2338192
2338193
2338194
2338195
2338196
2338197
2338198
2338205
2338206
2338208
2338209
2338210
2338211
2338212
2338213
2338214
2338216
2338218
2338219
2338223
2338224
2338225
2338226
2338227
2338228
2338232
2338234
2338235
2338254
2338256
2338257
2338258
2338259
2338260
2338261
2338262
2338264
2338265
2338266
2338267
2338268
2338269
2338270
2338272
2338273
2338274
2338275
2338276
2338277
2338278
2338280
2338281
2338282
2338283
2338284
2338285
2338286
2338288
2338289
2338290
2338291
2338292
2338293
2338294
2338296
2338300
2338301
2338312
2338337
2338338
2338414
2338415
2338416
2338417
2338418
2338419
2338420
2338422
2338423
2338424
2338425
2338426
2338427
2338428
2338430
2338431
2338432
2338433
2338434
2338435
2338436
2338438
2338439
2338440
2338441
2338442
2338443
2338444
2338489
2338490
2338499
2338500
2338501
2338502
2338503
2338504
2338506
2338507
2338508
2338509
2338510
2338511
2338512
2338516
2338517
2338518
2338519
2338520
2338548
2338549
2338550
2338551
2338552
2338553
2338555
2338556
2338557
2338558
2338559
2338560
2338561
2338563
2338564
2338565
2338566
2338567
2338568
2338569
2338571
2338572
2338590
2338591
2338592
2338593
2338594
2338595
2338599
2338600
2338601
2338602
2338603
2338626
2338627
2338628
2338629
2338630
2338631
2338632
2338634
2338635
2338636
2338637
2338638
2338639
2338640
2338642
2338643
2338644
2338645
2338646
2338647
2338648
2338667
2338668
2338677
2338678
2338679
2338680
2338681
2338682
2338683
2338684
2338685
2338686
2338696
2338697
2338698
2338699
2338700
2338701
2338702
2338704
2338705
2338706
2338707
2338708
2338709
2338710
2338712
2338713
2338714
2338715
2338716
2338717
2338718
2338720
2338721
2338722
2338723
2338724
2338725
2338726
2338732
2338733
2338734
2338735
2338736
2338737
2338738
2338742
2338743
2338752
2338753
2338754
2338755
2338756
2338757
2338758
2338764
2338765
2338766
2338767
2338768
2338769
2338770
2338772
2338773
2338774
2338775
2338776
2338777
2338778
2338780
2338781
2338782
2338783
2338784
2338785
2338786
2338788
2338789
2338790
2338791
2338792
2338793
2338794
2338798
2338799
2338814
2338815
2338819
2338820
2338821
2338822
2338823
2338824
2338825
2338826
2338831
2338832
2338838
2338839
2338840
2338841
2338842
2338843
2338844
2338846
2338847
2338848
2338849
2338850
2338851
2338852
2338854
2338855
2338856
2338857
2338858
2338859
2338860
2338862
2338863
2338864
2338865
2338866
2338867
2338868
2338877
2338878
2338885
2338886
2338887
2338889
2338890
2338891
2338893
2338894
2338895
2338896
2338897
2338898
2338899
2338901
2338902
2338903
2338904
2338905
2338906
2338907
2338909
2338910
2338911
2338912
2338913
2338914
2338915
2338917
2338918
2338919
2338920
2338921
2338922
2338923
2338942
2338943
2338969
2338970
2338990
2338991
2338992
2338993
2338994
2338995
2338996
2339028
2339029
2339030
2339031
2339032
2339033
2339034
2339036
2339037
2339038
2339039
2339040
2339041
2339042
2339044
2339045
2339046
2339047
2339048
2339049
2339050
2339052
2339053
2339054
2339055
2339056
2339057
2339058
2339079
2339080
2339081
2339082
2339083
2339087
2339088
2339101
2339102
2339103
2339104
2339105
2339106
2339107
2339108
2339109
2339110
2339123
2339124
2339125
2339126
2339127
2339128
2339129
2339131
2339133
2339142
2339143
2339154
2339155
2339227
2339228
2339229
2339230
2339231
2339232
2339233
2339236
2339237
2339238
2339240
2339241
2339242
2339243
2339244
2339247
2339248
2339250
2339251
2339252
2339253
2339254
2339255
2339256
2339258
2339259
2339260
2339261
2339262
2339264
2339265
2339266
2339267
2339268
2339269
2339270
2339272
2339273
2339274
2339275
2339276
2339280
2339281
2339305
2339306
2339307
2339308
2339310
2339311
2339312
2339313
2339314
2339315
2339316
2339318
2339319
2339320
2339321
2339322
2339323
2339324
2339326
2339327
2339328
2339329
2339330
2339331
2339332
2339334
2339335
2339336
2339337
2339338
2339339
2339340
2339344
2339345
2339368
2339369
2339370
2339371
2339372
2339373
2339374
2339376
2339377
2339378
2339379
2339380
2339381
2339382
2339393
2339394
2339395
2339396
2339397
2339398
2339399
2339426
2339427
2339428
2339429
2339430
2339431
2339432
2339434
2339435
2339436
2339437
2339438
2339439
2339440
2339442
2339443
2339444
2339445
2339446
2339447
2339448
2339450
2339451
2339452
2339453
2339454
2339455
2339459
2339460
2339487
2339488
2339489
2339490
2339491
2339492
2339493
2339495
2339496
2339497
2339498
2339499
2339500
2339501
2339503
2339507
2339508
2339509
2339510
2339511
2339545
2339546
2339547
2339548
2339549
2339550
2339551
2339553
2339554
2339555
2339556
2339560
2339561
2339562
2339563
2339564
2339572
2339573
2339574
2339575
2339602
2339603
2339604
2339605
2339606
2339607
2339608
2339610
2339611
2339612
2339613
2339614
2339615
2339616
2339618
2339619
2339620
2339621
2339622
2339623
2339624
2339626
2339627
2339628
2339629
2339630
2339631
2339632
2339634
2339635
2339636
2339644
2339645
2339674
2339675
2339676
2339677
2339678
2339679
2339680
2339681
2339682
2339684
2339685
2339686
2339687
2339739
2339740
2339741
2339742
2339743
2339744
2339745
2339747
2339748
2339749
2339750
2339751
2339752
2339753
2339755
2339756
2339757
2339758
2339759
2339760
2339761
2339763
2339764
2339765
2339766
2339767
2339768
2339769
2339775
2339776
2339777
2339778
2339779
2339780
2339781
2339785
2339786
2339813
2339814
2339815
2339816
2339817
2339818
2339819
2339823
2339824
2339825
2339826
2339827
2339828
2339829
2339830
2339838
2339868
2339869
2339921
2339922
2339923
2339924
2339925
2339926
2339927
2339929
2339930
2339931
2339932
2339933
2339934
2339935
2339937
2339938
2339939
2339940
2339941
2339942
2339943
2339945
2339946
2339947
2339948
2339949
2339950
2339951
2339954
2339955
2339959
2339960
2339961
2339962
2339963
2339964
2339965
2339967
2339968
2339969
2339970
2339971
2339972
2339973
2339975
2339976
2339977
2339978
2339979
2339980
2339984
2339985
2339994
2339995
2339996
2339997
2340010
2340011
2340012
2340013
2340014
2340015
2340016
2340018
2340019
2340020
2340021
2340022
2340023
2340024
2340026
2340027
2340028
2340029
2340030
2340031
2340032
2340034
2340035
2340036
2340037
2340038
2340039
2340040
2340049
2340050
2340052
2340053
2340054
2340055
2340056
2340057
2340058
2340060
2340062
2340063
2340064
2340065
2340067
2340068
2340069
2340070
2340071
2340072
2340076
2340077
2340078
2340118
2340119
2340120
2340121
2340122
2340123
2340124
2340126
2340127
2340128
2340129
2340130
2340131
2340132
2340134
2340135
2340136
2340137
2340141
2340142
2340151
2340152
2340153
2340154
2340155
2340156
2340157
2340159
2340160
2340181
2340182
2340183
2340184
2340204
2340205
2340206
2340207
2340208
2340209
2340210
2340212
2340213
2340214
2340215
2340216
2340217
2340218
2340220
2340221
2340222
2340223
2340224
2340225
2340226
2340228
2340229
2340230
2340231
2340232
2340233
2340234
2340244
2340245
2340246
2340250
2340251
2340252
2340253
2340264
2340265
2340266
2340267
2340268
2340271
2340272
2340273
2340274
2340275
2340276
2340277
2340279
2340280
2340281
2340282
2340283
2340284
2340285
2340287
2340288
2340289
2340290
2340291
2340292
2340293
2340295
2340296
2340297
2340298
2340299
2340300
2340301
2340305
2340306
2340310
2340311
2340312
2340313
2340314
2340315
2340317
2340318
2340319
2340320
2340321
2340329
2340330
2340331
2340332
2340333
2340365
2340366
2340367
2340368
2340369
2340370
2340371
2340373
2340374
2340375
2340376
2340377
2340378
2340379
2340381
2340382
2340383
2340384
2340385
2340386
2340390
2340391
2340421
2340422
2340423
2340424
2340425
2340426
2340427
2340429
2340430
2340431
2340432
2340433
2340434
2340435
2340437
2340438
2340439
2340440
2340444
2340445
2340446
2340447
2340478
2340479
2340480
2340481
2340482
2340483
2340484
2340486
2340490
2340491
2340492
2340493
2340494
2340495
2340496
2340497
2340532
2340533
2340534
2340535
2340536
2340537
2340538
2340540
2340541
2340542
2340543
2340544
2340545
2340546
2340548
2340549
2340550
2340551
2340552
2340553
2340554
2340556
2340557
2340558
2340559
2340560
2340561
2340562
2340566
2340567
2340568
2340569
2340571
2340575
2340576
2340577
2340578
2340579
2340580
2340581
2340582
2340612
2340613
2340614
2340615
2340616
2340617
2340618
2340620
2340621
2340622
2340623
2340624
2340625
2340626
2340628
2340629
2340630
2340631
2340632
2340633
2340634
2340636
2340637
2340639
2340656
2340657
2340673
2340674
2340675
2340676
2340677
2340678
2340795
2340796
2340797
2340798
2340799
2340800
2340801
2340803
2340804
2340805
2340806
2340807
2340808
2340809
2340811
2340812
2340813
2340814
2340815
2340816
2340817
2340819
2340820
2340821
2340822
2340823
2340824
2340825
2340827
2340828
2340829
2340830
2340831
2340832
2340833
2340835
2340836
2340837
2340838
2340839
2340840
2340841
2340843
2340844
2340845
2340846
2340847
2340851
2340852
2340879
2340880
2340881
2340882
2340886
2340887
2340888
2340889
2340890
2340891
2340918
2340919
2340920
2340921
2340922
2340923
2340924
2340926
2340927
2340928
2340929
2340930
2340931
2340932
2340934
2340935
2340936
2340937
2340938
2340939
2340940
2340942
2340943
2340944
2340945
2340946
2340947
2340948
2340979
2340980
2340981
2341010
2341011
2341012
2341013
2341014
2341015
2341016
2341018
2341019
2341020
2341021
2341022
2341023
2341024
2341026
2341030
2341031
2341032
2341033
2341034
2341035
2341044
2341045
2341046
2341049
2341050
2341051
2341052
2341053
2341054
2341055
2341057
2341058
2341059
2341060
2341061
2341062
2341063
2341065
2341066
2341067
2341068
2341069
2341070
2341071
2341073
2341074
2341075
2341076
2341077
2341078
2341079
2341136
2341137
2341138
2341139
2341140
2341141
2341142
2341144
2341145
2341146
2341147
2341148
2341149
2341150
2341152
2341153
2341157
2341158
2341175
2341176
2341177
2341178
2341179
2341180
2341181
2341182
2341186
2341188
2341203
2341204
2341205
2341206
2341207
2341208
2341209
2341211
2341212
2341213
2341214
2341215
2341216
2341217
2341219
2341220
2341221
2341222
2341223
2341224
2341225
2341227
2341228
2341229
2341230
2341231
2341232
2341233
2341237
2341238
2341251
2341252
2341253
2341254
2341255
2341256
2341257
2341259
2341260
2341261
2341262
2341263
2341264
2341265
2341267
2341268
2341269
2341270
2341271
2341272
2341273
2341275
2341276
2341277
2341278
2341279
2341280
2341281
2341289
2341290
2341295
2341297
2341298
2341299
2341300
2341301
2341302
2341303
2341305
2341306
2341307
2341308
2341309
2341310
2341311
2341315
2341316
2341317
2341318
2341319
2341320
2341321
2341336
2341337
2341338
2341339
2341340
2341341
2341342
2341344
2341345
2341346
2341347
2341348
2341349
2341350
2341352
2341353
2341354
2341355
2341356
2341357
2341358
2341360
2341361
2341494
2341547
2341548
2341549
2341550
2341551
2341552
2341553
2341554
2341562
2341563
2341564
2341565
2341625
2341626
2341627
2341628
2341629
2341630
2341631
2341633
2341634
2341635
2341636
2341637
2341638
2341639
2341641
2341642
2341643
2341644
2341645
2341646
2341647
2341649
2341650
2341651
2341652
2341653
2341654
2341655
2341659
2341660
2341661
2341662
2341663
2341664
2341665
2341667
2341668
2341669
2341670
2341671
2341672
2341673
2341675
2341676
2341677
2341678
2341679
2341680
2341681
2341683
2341684
2341688
2341689
2341694
2341695
2341696
2341697
2341698
2341699
2341700
2341701
2341702
2341710
2341716
2341717
2341718
2341719
2341720
2341721
2341722
2341724
2341725
2341726
2341727
2341728
2341729
2341730
2341732
2341733
2341734
2341735
2341736
2341737
2341738
2341740
2341741
2341742
2341743
2341744
2341745
2341746
2341751
2341752
2341754
2341755
2341756
2341757
2341758
2341759
2341760
2341762
2341763
2341764
2341765
2341766
2341767
2341768
2341770
2341771
2341772
2341773
2341774
2341775
2341776
2341778
2341779
2341780
2341781
2341782
2341783
2341784
2341786
2341787
2341791
2341792
2341804
2341805
2341806
2341807
2341811
2341813
2341814
2341815
2341816
2341818
2341820
2341821
2341822
2341823
2341824
2341825
2341826
2341828
2341829
2341830
2341831
2341832
2341833
2341834
2341836
2341837
2341838
2341839
2341840
2341841
2341842
2341846
2341847
2341851
2341852
2341853
2341854
2341855
2341856
2341857
2341859
2341860
2341861
2341862
2341863
2341864
2341865
2341867
2341868
2341869
2341870
2341871
2341872
2341873
2341875
2341879
2341880
2341881
2341882
2341883
2341884
2341888
2341890
2341891
2341892
2341893
2341894
2341895
2341896
2341897
2341898
2341906
2341908
2341909
2341910
2341911
2341912
2341913
2341914
2341916
2341917
2341918
2341919
2341920
2341921
2341922
2341924
2341925
2341926
2341927
2341928
2341929
2341930
2341932
2341933
2341934
2341935
2341936
2341937
2341938
2341940
2341941
2341942
2341943
2341944
2341945
2341946
2341948
2341949
2341950
2341951
2341952
2341953
2341954
2341956
2341957
2341958
2341959
2341960
2341961
2341962
2341964
2341965
2341973
2341974
2341982
2341983
2341987
2341989
2341991
2341992
2341993
2341994
2341995
2341996
2341997
2341999
2342000
2342002
2342003
2342004
2342005
2342006
2342007
2342008
2342010
2342011
2342012
2342013
2342014
2342015
2342016
2342018
2342019
2342020
2342021
2342022
2342023
2342024
2342026
2342027
2342028
2342029
2342030
2342031
2342032
2342034
2342035
2342036
2342037
2342038
2342039
2342040
2342042
2342043
2342044
2342045
2342046
2342047
2342048
2342052
2342053
2342057
2342058
2342059
2342060
2342061
2342062
2342063
2342064
2342065
2342066
2342070
2342079
2342080
2342089
2342090
2342092
2342093
2342094
2342095
2342096
2342097
2342098
2342100
2342101
2342102
2342103
2342104
2342105
2342106
2342108
2342109
2342110
2342111
2342112
2342113
2342114
2342116
2342117
2342118
2342119
2342120
2342124
2342125
2342126
2342130
2342131
2342132
2342133
2342134
2342138
2342146
2342147
2342149
2342150
2342151
2342152
2342153
2342154
2342155
2342157
2342158
2342159
2342160
2342161
2342162
2342163
2342165
2342166
2342167
2342168
2342169
2342170
2342171
2342173
2342174
2342175
2342176
2342177
2342178
2342182
2342183
2342184
2342185
2342186
2342194
2342195
2342196
2342197
2342198
2342199
2342200
2342201
2342205
2342207
2342208
2342209
2342210
2342211
2342212
2342213
2342215
2342216
2342217
2342218
2342219
2342220
2342221
2342223
2342224
2342225
2342226
2342227
2342228
2342229
2342231
2342232
2342233
2342234
2342235
2342236
2342237
2342239
2342240
2342241
2342242
2342243
2342244
2342245
2342247
2342248
2342249
2342250
2342251
2342252
2342253
2342255
2342256
2342257
2342258
2342259
2342260
2342261
2342263
2342264
2342265
2342266
2342270
2342271
2342279
2342280
2342281
2342282
2342283
2342284
2342292
2342293
2342294
2342295
2342297
2342298
2342299
2342300
2342301
2342302
2342303
2342305
2342306
2342307
2342308
2342309
2342310
2342311
2342313
2342314
2342315
2342316
2342317
2342318
2342319
2342325
2342326
2342327
2342328
2342329
2342330
2342331
2342333
2342334
2342335
2342336
2342337
2342338
2342339
2342341
2342342
2342343
2342344
2342345
2342346
2342347
2342351
2342352
2342357
2342358
2342359
2342360
2342361
2342362
2342363
2342364
2342365
2342366
2342367
2342369
2342374
2342377
2342378
2342379
2342380
2342381
2342382
2342383
2342385
2342386
2342387
2342388
2342389
2342390
2342391
2342393
2342394
2342395
2342396
2342397
2342398
2342399
2342426
2342427
2342428
2342429
2342430
2342431
2342432
2342434
2342435
2342436
2342437
2342438
2342439
2342440
2342442
2342443
2342444
2342445
2342446
2342447
2342451
2342452
2342461
2342462
2342463
2342464
2342465
2342473
2342479
2342480
2342481
2342482
2342483
2342484
2342485
2342487
2342489
2342493
2342494
2342498
2342632
2342633
2342634
2342635
2342636
2342637
2342638
2342640
2342641
2342642
2342643
2342644
2342645
2342646
2342648
2342649
2342650
2342651
2342652
2342653
2342654
2342656
2342657
2342658
2342659
2342660
2342661
2342662
2342666
2342667
2342669
2342670
2342671
2342672
2342673
2342674
2342675
2342677
2342678
2342679
2342680
2342681
2342682
2342683
2342685
2342686
2342687
2342688
2342689
2342690
2342691
2342695
2342696
2342697
2342699
2342700
2342701
2342702
2342703
2342704
2342705
2342709
2342710
2342711
2342712
2342713
2342714
2342716
2342717
2342718
2342719
2342720
2342721
2342722
2342724
2342725
2342726
2342727
2342728
2342729
2342731
2342732
2342733
2342734
2342735
2342736
2342737
2342739
2342740
2342741
2342742
2342743
2342744
2342745
2342749
2342750
2342752
2342753
2342754
2342755
2342756
2342757
2342758
2342760
2342761
2342762
2342763
2342764
2342765
2342767
2342768
2342769
2342770
2342771
2342772
2342773
2342775
2342776
2342777
2342781
2342782
2342783
2342784
2342785
2342786
2342817
2342818
2342819
2342820
2342821
2342822
2342823
2342825
2342826
2342827
2342828
2342829
2342830
2342831
2342833
2342834
2342838
2342839
2342843
2342845
2342846
2342847
2342848
2342880
2342881
2342882
2342883
2342884
2342885
2342886
2342888
2342889
2342890
2342891
2342892
2342893
2342894
2342896
2342897
2342898
2342899
2342900
2342901
2342902
2342904
2342905
2342906
2342907
2342908
2342909
2342910
2342914
2342915
2342917
2342918
2342919
2342920
2342921
2342922
2342923
2342925
2342926
2342927
2342928
2342929
2342930
2342931
2342933
2342934
2342935
2342936
2342937
2342938
2342939
2342941
2342942
2342943
2342944
2342945
2342946
2342947
2342977
2342978
2342979
2342980
2342981
2343001
2343002
2343003
2343004
2343005
2343006
2343007
2343009
2343010
2343011
2343012
2343013
2343014
2343015
2343017
2343018
2343019
2343020
2343021
2343022
2343023
2343025
2343026
2343027
2343028
2343051
2343052
2343053
2343054
2343055
2343056
2343057
2343059
2343068
2343069
2343070
2343071
2343072
2343073
2343074
2343076
2343077
2343078
2343079
2343080
2343081
2343082
2343084
2343085
2343086
2343087
2343088
2343089
2343090
2343092
2343093
2343094
2343095
2343096
2343097
2343098
2343100
2343101
2343105
2343106
2343107
2343108
2343116
2343117
2343118
2343119
2343135
2343136
2343137
2343138
2343139
2343140
2343141
2343143
2343144
2343145
2343146
2343147
2343148
2343149
2343151
2343152
2343153
2343154
2343155
2343156
2343157
2343159
2343160
2343161
2343162
2343163
2343164
2343165
2343168
2343169
2343170
2343171
2343172
2343173
2343174
2343176
2343177
2343178
2343179
2343180
2343181
2343185
2343186
2343204
2343205
2343206
2343207
2343208
2343209
2343210
2343212
2343213
2343214
2343215
2343216
2343217
2343218
2343220
2343221
2343222
2343223
2343224
2343225
2343226
2343230
2343231
2343233
2343234
2343235
2343236
2343237
2343238
2343239
2343241
2343242
2343243
2343244
2343245
2343246
2343247
2343249
2343250
2343251
2343252
2343253
2343254
2343255
2343257
2343261
2343296
2343297
2343298
2343299
2343300
2343301
2343302
2343304
2343305
2343306
2343307
2343308
2343309
2343310
2343312
2343313
2343314
2343315
2343316
2343317
2343318
2343320
2343321
2343322
2343323
2343324
2343325
2343326
2343328
2343329
2343333
2343363
2343391
2343420
2343421
2343422
2343423
2343424
2343425
2343426
2343428
2343429
2343430
2343431
2343432
2343433
2343434
2343436
2343437
2343438
2343439
2343440
2343441
2343442
2343444
2343445
2343446
2343447
2343448
2343449
2343450
2343467
2343468
2343472
2343473
2343474
2343475
2343476
2343477
2343478
2343480
2343481
2343482
2343483
2343484
2343485
2343486
2343488
2343489
2343490
2343491
2343492
2343493
2343494
2343496
2343497
2343498
2343499
2343500
2343501
2343502
2343507
2343508
2343509
2343510
2343511
2343512
2343513
2343515
2343516
2343526
2343527
2343554
2343555
2343556
2343557
2343558
2343559
2343560
2343562
2343563
2343564
2343565
2343566
2343567
2343568
2343570
2343571
2343572
2343573
2343574
2343575
2343576
2343580
2343581
2343590
2343591
2343592
2343593
2343594
2343595
2343596
2343598
2343599
2343600
2343601
2343602
2343603
2343604
2343606
2343607
2343608
2343609
2343610
2343611
2343612
2343614
2343615
2343616
2343617
2343618
2343619
2343620
2343624
2343625
2343684
2343685
2343686
2343687
2343688
2343689
2343690
2343692
2343693
2343694
2343695
2343696
2343697
2343698
2343700
2343701
2343702
2343703
2343704
2343705
2343706
2343711
2343712
2343713
2343714
2343715
2343716
2343717
2343719
2343720
2343721
2343722
2343723
2343724
2343725
2343729
2343730
2343732
2343733
2343734
2343735
2343739
2343740
2343746
2343747
2343748
2343749
2343750
2343751
2343752
2343754
2343755
2343756
2343757
2343758
2343759
2343760
2343762
2343763
2343764
2343765
2343766
2343767
2343768
2343770
2343771
2343772
2343773
2343774
2343775
2343776
2343810
2343811
2343812
2343813
2343814
2343815
2343816
2343818
2343819
2343820
2343821
2343822
2343823
2343824
2343826
2343827
2343828
2343829
2343830
2343831
2343832
2343834
2343835
2343836
2343837
2343846
2343847
2343857
2343858
2343859
2343860
2343861
2343862
2343863
2343865
2343866
2343867
2343868
2343869
2343870
2343871
2343873
2343874
2343875
2343876
2343877
2343878
2343884
2343885
2343886
2343887
2343888
2343908
2343909
2343910
2343911
2343912
2343913
2343914
2343916
2343917
2343918
2343919
2343920
2343921
2343922
2343924
2343925
2343926
2343927
2343928
2343929
2343930
2343932
2343933
2343934
2343935
2343936
2343937
2343938
2343942
2343943
2343947
2343948
2343950
2343951
2343952
2343953
2343954
2343955
2343956
2343958
2343959
2343960
2343961
2343962
2343963
2343964
2343966
2343967
2343968
2343969
2343970
2343971
2343972
2343974
2343975
2343976
2343977
2343978
2343979
2343980
2343986
2343987
2343988
2343989
2343990
2343991
2343992
2343994
2343995
2343996
2343997
2343998
2343999
2344000
2344002
2344003
2344004
2344008
2344020
2344021
2344022
2344023
2344024
2344025
2344026
2344034
2344035
2344036
2344037
2344038
2344039
2344040
2344052
2344053
2344057
2344058
2344059
2344060
2344061
2344062
2344063
2344065
2344066
2344067
2344068
2344069
2344070
2344071
2344073
2344074
2344075
2344076
2344078
2344086
2344087
2344088
2344117
2344200
2344201
2344202
2344203
2344204
2344205
2344206
2344208
2344209
2344210
2344211
2344212
2344213
2344218
2344219
2344221
2344222
2344223
2344224
2344225
2344226
2344227
2344229
2344230
2344231
2344232
2344233
2344234
2344235
2344237
2344238
2344239
2344240
2344241
2344242
2344243
2344245
2344246
2344247
2344248
2344249
2344250
2344251
2344259
2344260
2344261
2344262
2344263
2344264
2344265
2344267
2344268
2344269
2344270
2344271
2344272
2344273
2344275
2344276
2344277
2344278
2344279
2344280
2344281
2344283
2344284
2344285
2344286
2344311
2344323
2344324
2344325
2344326
2344327
2344328
2344329
2344331
2344332
2344333
2344334
2344335
2344336
2344337
2344339
2344340
2344341
2344342
2344343
2344344
2344345
2344379
2344380
2344381
2344382
2344383
2344384
2344385
2344387
2344388
2344389
2344390
2344391
2344392
2344393
2344395
2344396
2344397
2344398
2344399
2344400
2344401
2344403
2344404
2344405
2344406
2344407
2344408
2344409
2344423
2344424
2344431
2344432
2344433
2344434
2344435
2344436
2344437
2344439
2344440
2344448
2344449
2344450
2344451
2344452
2344453
2344454
2344508
2344509
2344510
2344511
2344512
2344513
2344514
2344516
2344517
2344518
2344519
2344520
2344521
2344522
2344524
2344525
2344526
2344527
2344528
2344529
2344530
2344543
2344544
2344546
2344547
2344548
2344549
2344550
2344551
2344552
2344554
2344555
2344556
2344557
2344558
2344559
2344560
2344562
2344563
2344564
2344565
2344566
2344567
2344568
2344570
2344571
2344572
2344573
2344574
2344575
2344576
2344584
2344585
2344586
2344587
2344589
2344590
2344591
2344592
2344593
2344594
2344611
2344612
2344613
2344614
2344615
2344616
2344617
2344619
2344620
2344621
2344622
2344623
2344624
2344625
2344627
2344628
2344629
2344630
2344631
2344632
2344633
2344635
2344636
2344637
2344638
2344639
2344648
2344649
2344675
2344676
2344677
2344678
2344679
2344680
2344681
2344683
2344684
2344685
2344686
2344687
2344688
2344689
2344691
2344692
2344693
2344694
2344695
2344696
2344697
2344699
2344700
2344701
2344702
2344703
2344704
2344705
2344707
2344708
2344712
2344713
2344717
2344728
2344729
2344730
2344731
2344732
2344733
2344734
2344736
2344737
2344738
2344739
2344740
2344741
2344742
2344744
2344745
2344746
2344747
2344748
2344749
2344750
2344752
2344753
2344754
2344755
2344756
2344757
2344765
2344766
2344776
2344777
2344778
2344779
2344780
2344781
2344782
2344784
2344785
2344786
2344787
2344788
2344789
2344790
2344792
2344793
2344794
2344795
2344796
2344797
2344798
2344800
2344801
2344802
2344803
2344804
2344805
2344806
2344810
2344811
2344814
2344815
2344816
2344817
2344818
2344819
2344820
2344822
2344823
2344824
2344825
2344826
2344827
2344828
2344830
2344831
2344832
2344833
2344834
2344835
2344836
2344838
2344839
2344840
2344841
2344842
2344843
2344844
2344848
2344849
2344850
2344851
2344852
2344853
2344854
2344856
2344857
2344858
2344859
2344860
2344861
2344862
2344864
2344865
2344866
2344867
2344868
2344869
2344884
2344885
2344897
2344919
2344920
2344921
2344922
2344923
2344924
2344925
2344927
2344928
2344929
2344930
2344931
2344932
2344933
2344935
2344936
2344937
2344938
2344939
2344940
2344941
2344943
2344944
2344945
2344946
2344947
2344948
2344949
2344953
2344954
2344956
2344957
2344958
2344959
2344960
2344961
2344962
2344964
2344965
2344966
2344967
2344968
2344969
2344970
2344972
2344973
2344974
2344975
2344976
2344977
2344978
2344980
2344982
2344994
2344995
2345038
2345068
2345069
2345070
2345071
2345072
2345073
2345074
2345076
2345077
2345078
2345079
2345080
2345081
2345082
2345084
2345085
2345086
2345087
2345088
2345089
2345090
2345092
2345093
2345094
2345095
2345096
2345097
2345098
2345104
2345105
2345106
2345107
2345108
2345109
2345110
2345112
2345113
2345114
2345115
2345116
2345117
2345118
2345120
2345121
2345122
2345123
2345124
2345125
2345126
2345128
2345129
2345130
2345131
2345132
2345133
2345134
2345141
2345142
2345143
2345144
2345145
2345146
2345147
2345149
2345150
2345211
2345212
2345225
2345226
2345227
2345228
2345229
2345230
2345231
2345233
2345234
2345235
2345236
2345237
2345238
2345239
2345241
2345242
2345243
2345244
2345245
2345246
2345247
2345249
2345250
2345251
2345252
2345253
2345254
2345255
2345261
2345262
2345263
2345264
2345265
2345266
2345267
2345269
2345270
2345271
2345272
2345273
2345274
2345275
2345277
2345278
2345279
2345280
2345281
2345282
2345283
2345285
2345286
2345287
2345288
2345289
2345290
2345291
2345323
2345324
2345333
2345334
2345335
2345336
2345337
2345338
2345339
2345341
2345342
2345343
2345344
2345345
2345346
2345347
2345349
2345350
2345351
2345352
2345353
2345354
2345355
2345383
2345384
2345385
2345398
2345399
2345400
2345401
2345402
2345403
2345404
2345406
2345407
2345408
2345409
2345410
2345411
2345412
2345414
2345415
2345416
2345417
2345418
2345419
2345420
2345422
2345423
2345424
2345425
2345426
2345427
2345428
2345432
2345433
2345439
2345440
2345441
2345442
2345443
2345444
2345445
2345447
2345448
2345449
2345450
2345451
2345452
2345453
2345455
2345456
2345457
2345458
2345459
2345460
2345461
2345468
2345469
2345470
2345471
2345472
2345473
2345474
2345476
2345477
2345478
2345479
2345480
2345496
2345497
2345509
2345510
2345511
2345512
2345515
2345516
2345517
2345518
2345519
2345520
2345521
2345523
2345524
2345525
2345526
2345527
2345528
2345529
2345531
2345532
2345533
2345534
2345535
2345536
2345537
2345543
2345544
2345545
2345546
2345547
2345548
2345549
2345551
2345552
2345553
2345554
2345555
2345556
2345557
2345559
2345560
2345561
2345562
2345563
2345564
2345565
2345567
2345568
2345569
2345570
2345571
2345572
2345573
2345575
2345576
2345577
2345578
2345579
2345582
2345583
2345611
2345612
2345613
2345614
2345615
2345616
2345617
2345619
2345620
2345621
2345622
2345623
2345624
2345625
2345627
2345628
2345629
2345630
2345631
2345632
2345633
2345637
2345638
2345639
2345640
2345651
2345652
2345653
2345655
2345656
2345657
2345658
2345659
2345660
2345661
2345663
2345664
2345665
2345666
2345667
2345668
2345669
2345671
2345672
2345673
2345674
2345675
2345676
2345677
2345679
2345680
2345681
2345682
2345683
2345684
2345685
2345688
2345689
2345690
2345691
2345692
2345693
2345694
2345696
2345697
2345698
2345699
2345700
2345701
2345702
2345704
2345705
2345706
2345707
2345708
2345709
2345710
2345712
2345713
2345714
2345718
2345719
2345746
2345782
2345783
2345809
2345810
2345811
2345812
2345813
2345814
2345815
2345817
2345818
2345819
2345820
2345821
2345822
2345823
2345825
2345826
2345827
2345828
2345829
2345830
2345831
2345833
2345834
2345835
2345836
2345837
2345838
2345839
2345845
2345846
2345856
2345857
2345858
2345859
2345860
2345861
2345862
2345864
2345865
2345866
2345867
2345868
2345869
2345870
2345872
2345873
2345874
2345875
2345876
2345877
2345878
2345880
2345881
2345882
2345883
2345884
2345885
2345886
2345894
2345895
2345897
2345898
2345899
2345900
2345901
2345902
2345903
2345905
2345906
2345907
2345908
2345909
2345910
2345911
2345913
2345914
2345915
2345916
2345917
2345918
2345919
2345921
2345922
2345923
2345924
2345925
2345926
2345927
2345929
2345930
2345931
2345932
2345933
2345934
2345935
2345937
2345938
2345939
2345940
2345941
2345942
2345943
2345945
2345946
2345947
2345948
2345949
2345950
2345951
2345953
2345954
2345955
2345956
2345957
2345958
2345959
2345965
2345966
2345975
2345976
2345977
2345978
2345979
2345980
2345981
2345983
2345984
2345985
2345986
2345987
2345988
2345989
2345991
2345992
2345993
2345994
2345995
2345996
2345997
2345999
2346000
2346001
2346002
2346003
2346004
2346005
2346009
2346010
2346011
2346012
2346013
2346014
2346015
2346017
2346018
2346019
2346020
2346021
2346022
2346023
2346025
2346026
2346027
2346028
2346029
2346030
2346131
2346190
2346191
2346192
2346193
2346194
2346195
2346196
2346198
2346199
2346200
2346201
2346202
2346203
2346204
2346206
2346207
2346208
2346209
2346210
2346211
2346212
2346214
2346215
2346216
2346217
2346218
2346219
2346220
2346222
2346223
2346224
2346225
2346226
2346227
2346228
2346230
2346231
2346232
2346233
2346234
2346235
2346236
2346258
2346259
2346260
2346261
2346262
2346456
2346457
2346484
2346485
2346486
2346487
2346488
2346489
2346511
2346512
2346513
2346514
2346515
2346516
2346517
2346519
2346520
2346521
2346522
2346523
2346524
2346525
2346527
2346528
2346529
2346530
2346531
2346532
2346533
2346535
2346536
2346537
2346538
2346539
2346540
2346541
2346548
2346549
2346550
2346551
2346552
2346553
2346554
2346556
2346557
2346558
2346559
2346560
2346561
2346562
2346564
2346565
2346566
2346567
2346568
2346569
2346570
2346572
2346573
2346574
2346575
2346576
2346577
2346578
2346581
2346909
2346910
2346923
2346924
2346925
2346926
2346927
2346928
2346929
2346930
2346931
2346932
2346933
2346934
2346940
2346941
2346942
2346953
2346954
2346955
2346956
2346957
2346958
2346959
2346961
2346962
2346963
2346964
2346965
2346966
2346967
2346969
2346970
2346971
2346972
2346973
2346974
2346975
2346979
2346980
2346982
2346983
2346984
2346985
2346986
2346987
2346988
2346990
2346991
2346992
2346993
2346994
2346995
2346996
2346998
2346999
2347000
2347001
2347002
2347003
2347004
2347006
2347007
2347008
2347009
2347010
2347011
2347012
2347015
2347016
2347017
2347018
2347019
2347020
2347021
2347025
2347026
2347027
2347028
2347029
2347030
2347034
2347036
2347037
2347038
2347039
2347040
2347041
2347042
2347056
2347057
2347058
2347059
2347060
2347061
2347062
2347063
2347065
2347066
2347067
2347068
2347069
2347070
2347071
2347073
2347074
2347075
2347076
2347077
2347078
2347079
2347081
2347082
2347083
2347084
2347085
2347086
2347087
2347104
2347105
2347106
2347107
2347108
2347109
2347110
2347112
2347113
2347114
2347115
2347116
2347117
2347118
2347120
2347121
2347122
2347123
2347124
2347125
2347126
2347127
2347138
2347139
2347149
2347150
2347151
2347152
2347153
2347154
2347155
2347157
2347158
2347159
2347160
2347161
2347162
2347163
2347165
2347166
2347170
2347171
2347172
2347173
2347174
2347175
2347176
2347177
2347178
2347179
2347180
2347181
2347182
2347202
2347203
2347204
2347205
2347206
2347207
2347208
2347210
2347211
2347212
2347213
2347214
2347215
2347216
2347218
2347219
2347220
2347221
2347222
2347223
2347224
2347226
2347227
2347228
2347229
2347230
2347231
2347232
2347246
2347247
2347249
2347250
2347251
2347252
2347253
2347254
2347255
2347257
2347258
2347259
2347260
2347261
2347262
2347263
2347265
2347266
2347267
2347268
2347269
2347270
2347278
2347279
2347280
2347281
2347289
2347290
2347291
2347292
2347300
2347301
2347303
2347304
2347305
2347306
2347307
2347308
2347309
2347311
2347312
2347313
2347314
2347315
2347316
2347317
2347319
2347320
2347321
2347322
2347323
2347324
2347325
2347327
2347328
2347329
2347330
2347331
2347332
2347333
2347358
2347359
2347361
2347362
2347363
2347364
2347365
2347366
2347367
2347369
2347370
2347371
2347372
2347373
2347374
2347375
2347377
2347378
2347379
2347380
2347381
2347382
2347383
2347385
2347386
2347387
2347388
2347389
2347390
2347391
2347393
2347394
2347395
2347396
2347397
2347398
2347399
2347401
2347402
2347403
2347404
2347405
2347406
2347407
2347409
2347410
2347411
2347412
2347413
2347414
2347415
2347419
2347420
2347421
2347422
2347449
2347450
2347451
2347452
2347453
2347454
2347455
2347457
2347458
2347459
2347460
2347461
2347462
2347463
2347465
2347466
2347467
2347468
2347469
2347470
2347471
2347475
2347476
2347477
2347478
2347479
2347480
2347481
2347490
2347491
2347492
2347493
2347494
2347495
2347496
2347498
2347499
2347500
2347501
2347502
2347503
2347504
2347506
2347507
2347508
2347509
2347510
2347511
2347512
2347514
2347515
2347516
2347517
2347518
2347519
2347520
2347524
2347525
2347526
2347527
2347528
2347531
2347532
2347533
2347534
2347535
2347536
2347537
2347539
2347540
2347541
2347542
2347543
2347544
2347545
2347547
2347548
2347549
2347550
2347551
2347552
2347553
2347555
2347556
2347557
2347558
2347559
2347560
2347561
2347565
2347566
2347570
2347571
2347583
2347586
2347587
2347603
2347692
2347693
2347694
2347695
2347696
2347697
2347698
2347700
2347702
2347703
2347705
2347706
2347707
2347708
2347709
2347710
2347711
2347713
2347714
2347715
2347716
2347717
2347718
2347719
2347723
2347724
2347726
2347727
2347728
2347729
2347730
2347731
2347732
2347734
2347735
2347736
2347737
2347738
2347739
2347740
2347742
2347743
2347744
2347745
2347746
2347747
2347748
2347750
2347751
2347752
2347753
2347754
2347755
2347756
2347760
2347761
2347762
2347763
2347764
2347765
2347766
2347768
2347769
2347770
2347771
2347772
2347773
2347774
2347776
2347777
2347778
2347782
2347783
2347794
2347795
2347796
2347797
2347798
2347799
2347800
2347801
2347802
2347803
2347804
2347805
2347815
2347816
2347817
2347818
2347819
2347820
2347821
2347823
2347824
2347825
2347826
2347827
2347828
2347829
2347831
2347832
2347833
2347834
2347835
2347836
2347837
2347839
2347840
2347841
2347842
2347843
2347844
2347845
2347847
2347848
2347849
2347850
2347851
2347852
2347853
2347855
2347856
2347857
2347858
2347859
2347860
2347861
2347863
2347864
2347865
2347866
2347867
2347868
2347869
2347872
2347873
2347876
2347878
2347879
2347880
2347881
2347883
2347884
2347885
2347894
2347895
2347896
2347899
2347906
2347907
2347908
2347909
2347910
2347911
2347912
2347914
2347915
2347916
2347917
2347918
2347919
2347920
2347922
2347923
2347924
2347925
2347926
2347927
2347928
2347930
2347931
2347932
2347933
2347934
2347935
2347936
2347940
2347941
2347944
2347945
2347946
2347947
2347948
2347949
2347950
2347952
2347953
2347954
2347955
2347956
2347957
2347958
2347960
2347961
2347962
2347963
2347964
2347965
2347966
2347971
2347972
2347976
2347977
2347978
2347979
2347980
2347981
2347982
2347983
2347985
2347986
2347987
2347988
2347989
2347990
2347991
2347993
2347994
2347995
2347996
2347997
2347998
2347999
2348001
2348002
2348003
2348004
2348005
2348006
2348007
2348009
2348010
2348011
2348012
2348013
2348014
2348015
2348024
2348025
2348027
2348028
2348029
2348030
2348031
2348032
2348033
2348035
2348036
2348037
2348038
2348039
2348040
2348041
2348043
2348044
2348045
2348046
2348047
2348048
2348049
2348051
2348052
2348053
2348054
2348055
2348056
2348057
2348061
2348062
2348063
2348068
2348069
2348070
2348099
2348100
2348101
2348102
2348103
2348104
2348105
2348107
2348108
2348109
2348110
2348111
2348112
2348113
2348115
2348116
2348117
2348118
2348119
2348120
2348121
2348123
2348124
2348125
2348126
2348127
2348128
2348129
2348133
2348137
2348138
2348139
2348140
2348141
2348142
2348143
2348145
2348146
2348147
2348148
2348149
2348150
2348151
2348153
2348154
2348155
2348156
2348157
2348158
2348159
2348162
2348163
2348164
2348165
2348166
2348167
2348168
2348172
2348173
2348182
2348183
2348185
2348186
2348187
2348188
2348189
2348190
2348191
2348193
2348194
2348195
2348196
2348197
2348198
2348199
2348201
2348202
2348203
2348204
2348205
2348206
2348207
2348209
2348210
2348211
2348212
2348213
2348214
2348215
2348224
2348225
2348226
2348227
2348228
2348229
2348230
2348232
2348233
2348234
2348235
2348236
2348237
2348238
2348240
2348241
2348242
2348243
2348244
2348245
2348246
2348248
2348249
2348250
2348251
2348252
2348253
2348254
2348256
2348257
2348258
2348259
2348260
2348261
2348265
2348266
2348275
2348276
2348279
2348280
2348281
2348282
2348283
2348284
2348285
2348287
2348288
2348289
2348290
2348291
2348292
2348293
2348295
2348296
2348297
2348298
2348299
2348300
2348301
2348303
2348304
2348305
2348306
2348307
2348308
2348309
2348311
2348312
2348313
2348314
2348315
2348316
2348317
2348319
2348320
2348321
2348322
2348323
2348324
2348325
2348327
2348328
2348329
2348330
2348331
2348332
2348333
2348337
2348338
2348349
2348350
2348352
2348353
2348354
2348355
2348356
2348357
2348358
2348360
2348361
2348362
2348363
2348364
2348365
2348366
2348368
2348369
2348370
2348371
2348372
2348373
2348374
2348376
2348377
2348378
2348379
2348380
2348381
2348382
2348397
2348398
2348431
2348432
2348433
2348434
2348435
2348436
2348624
2348625
2348626
2348627
2348628
2348629
2348630
2348632
2348633
2348634
2348635
2348636
2348637
2348638
2348640
2348641
2348642
2348643
2348644
2348645
2348646
2348648
2348649
2348650
2348651
2348652
2348653
2348654
2348673
2348674
2348676
2348677
2348678
2348679
2348680
2348681
2348682
2348684
2348685
2348686
2348687
2348688
2348689
2348690
2348692
2348693
2348694
2348695
2348696
2348697
2348698
2348700
2348701
2348702
2348703
2348704
2348705
2348706
2348726
2348727
2348728
2348732
2348733
2348734
2348735
2348736
2348737
2348738
2348740
2348741
2348742
2348743
2348744
2348745
2348746
2348748
2348749
2348750
2348751
2348752
2348753
2348754
2348760
2348761
2348762
2348763
2348764
2348765
2348766
2348768
2348769
2348770
2348771
2348772
2348773
2348774
2348776
2348777
2348778
2348779
2348780
2348781
2348785
2348786
2348787
2348788
2348789
2348790
2348799
2348800
2348801
2348802
2348803
2348804
2348805
2348807
2348808
2348809
2348810
2348811
2348812
2348813
2348815
2348816
2348817
2348818
2348819
2348820
2348821
2348823
2348824
2348825
2348826
2348827
2348828
2348829
2348833
2348834
2348835
2348836
2348837
2348849
2348850
2348851
2348852
2348853
2348854
2348855
2348857
2348858
2348859
2348860
2348861
2348862
2348863
2348865
2348866
2348867
2348868
2348869
2348870
2348871
2348873
2348874
2348875
2348876
2348877
2348878
2348879
2348896
2348897
2348898
2348899
2348900
2348901
2348902
2348904
2348908
2348909
2348910
2348911
2348912
2348913
2348914
2348915
2348923
2348924
2348925
2348926
2348927
2348928
2348929
2348930
2348931
2348938
2348939
2348940
2348941
2348942
2348943
2348944
2348946
2348947
2348948
2348949
2348950
2348951
2348952
2348954
2348955
2348956
2348957
2348958
2348959
2348960
2348962
2348963
2348964
2348965
2348966
2348967
2348968
2348972
2348973
2348981
2348982
2348983
2348985
2348986
2348987
2348988
2348989
2348990
2348991
2348993
2348994
2348995
2348996
2348997
2348998
2348999
2349001
2349002
2349003
2349004
2349005
2349006
2349007
2349009
2349010
2349011
2349012
2349013
2349014
2349015
2349026
2349027
2349028
2349029
2349030
2349031
2349032
2349034
2349035
2349036
2349037
2349038
2349039
2349040
2349042
2349043
2349044
2349045
2349046
2349047
2349048
2349065
2349066
2349067
2349068
2349069
2349070
2349071
2349072
2349073
2349074
2349075
2349076
2349077
2349078
2349085
2349086
2349087
2349088
2349089
2349091
2349092
2349093
2349094
2349095
2349096
2349097
2349099
2349100
2349101
2349102
2349103
2349104
2349105
2349107
2349108
2349109
2349110
2349111
2349112
2349113
2349117
2349118
2349123
2349124
2349125
2349126
2349127
2349128
2349129
2349131
2349132
2349133
2349134
2349135
2349136
2349137
2349139
2349140
2349141
2349142
2349143
2349144
2349145
2349147
2349148
2349149
2349150
2349151
2349152
2349153
2349162
2349163
2349164
2349173
2349174
2349175
2349176
2349177
2349178
2349179
2349181
2349182
2349183
2349184
2349185
2349186
2349187
2349189
2349190
2349191
2349192
2349193
2349194
2349195
2349211
2349212
2349213
2349214
2349215
2349216
2349217
2349218
2349219
2349220
2349226
2349227
2349228
2349229
2349230
2349231
2349232
2349234
2349235
2349236
2349237
2349238
2349239
2349240
2349242
2349243
2349244
2349245
2349246
2349247
2349248
2349250
2349251
2349252
2349253
2349254
2349255
2349256
2349264
2349265
2349266
2349267
2349268
2349269
2349270
2349272
2349273
2349274
2349275
2349276
2349277
2349278
2349280
2349281
2349282
2349283
2349284
2349285
2349286
2349290
2349291
2349292
2349293
2349294
2349303
2349304
2349305
2349306
2349307
2349308
2349309
2349311
2349312
2349313
2349314
2349315
2349316
2349317
2349319
2349320
2349321
2349322
2349323
2349324
2349325
2349327
2349328
2349329
2349330
2349334
2349335
2349336
2349337
2349338
2349339
2349340
2349348
2349349
2349350
2349351
2349352
2349373
2349374
2349375
2349376
2349377
2349378
2349379
2349381
2349382
2349383
2349384
2349385
2349386
2349387
2349389
2349390
2349391
2349392
2349393
2349394
2349395
2349397
2349398
2349399
2349400
2349401
2349402
2349403
2349405
2349406
2349407
2349408
2349409
2349410
2349418
2349419
2349427
2349430
2349431
2349432
2349433
2349434
2349541
2349542
2349543
2349544
2349545
2349546
2349547
2349549
2349550
2349551
2349552
2349553
2349554
2349555
2349557
2349558
2349559
2349560
2349561
2349562
2349563
2349565
2349566
2349567
2349568
2349569
2349570
2349571
2349573
2349574
2349575
2349576
2349577
2349578
2349579
2349581
2349582
2349583
2349584
2349585
2349586
2349587
2349589
2349590
2349591
2349592
2349593
2349594
2349595
2349599
2349600
2349604
2349605
2349607
2349608
2349609
2349610
2349611
2349612
2349613
2349614
2349615
2349616
2349620
2349621
2349622
2349623
2349624
2349626
2349628
2349629
2349630
2349631
2349632
2349633
2349634
2349641
2349642
2349643
2349644
2349645
2349646
2349647
2349649
2349650
2349651
2349652
2349653
2349654
2349655
2349657
2349658
2349659
2349660
2349661
2349662
2349663
2349665
2349666
2349667
2349668
2349669
2349670
2349671
2349675
2349676
2349679
2349680
2349681
2349682
2349683
2349684
2349685
2349687
2349688
2349689
2349690
2349691
2349692
2349693
2349695
2349696
2349697
2349698
2349699
2349700
2349701
2349704
2349705
2349706
2349707
2349708
2349709
2349710
2349712
2349713
2349714
2349715
2349716
2349717
2349718
2349720
2349721
2349722
2349723
2349728
2349729
2349730
2349731
2349736
2349737
2349738
2349739
2349740
2349741
2349742
2349743
2349744
2349745
2349746
2349749
2349750
2349751
2349752
2349753
2349754
2349755
2349757
2349758
2349759
2349760
2349761
2349762
2349763
2349765
2349766
2349767
2349768
2349769
2349770
2349771
2349773
2349774
2349775
2349776
2349777
2349778
2349779
2349785
2349786
2349788
2349789
2349790
2349791
2349792
2349793
2349794
2349796
2349797
2349798
2349799
2349800
2349801
2349802
2349804
2349805
2349806
2349807
2349808
2349809
2349810
2349812
2349813
2349814
2349815
2349816
2349817
2349818
2349822
2349823
2349824
2349825
2349826
2349827
2349828
2349830
2349831
2349832
2349833
2349834
2349835
2349836
2349838
2349839
2349840
2349841
2349842
2349843
2349848
2349849
2349858
2349859
2349860
2349861
2349862
2349863
2349864
2349865
2349874
2349876
2349877
2349878
2349879
2349880
2349881
2349882
2349884
2349885
2349886
2349887
2349888
2349889
2349890
2349892
2349893
2349894
2349895
2349896
2349897
2349898
2349900
2349901
2349902
2349903
2349904
2349905
2349906
2349910
2349911
2349912
2349913
2349914
2349915
2349916
2349918
2349919
2349920
2349921
2349922
2349923
2349924
2349926
2349927
2349928
2349929
2349930
2349931
2349932
2349934
2349935
2349936
2349937
2349938
2349939
2349940
2349942
2349943
2349944
2349945
2349946
2349947
2349948
2349950
2349951
2349952
2349953
2349954
2349955
2349956
2349958
2349959
2349960
2349964
2349965
2349968
2349969
2349970
2349971
2349972
2349973
2349974
2349975
2349976
2349977
2349986
2349989
2349990
2349991
2349992
2349993
2349994
2349995
2349997
2349998
2349999
2350000
2350001
2350002
2350003
2350005
2350006
2350007
2350008
2350009
2350010
2350011
2350013
2350014
2350015
2350016
2350017
2350018
2350019
2350021
2350022
2350023
2350024
2350025
2350026
2350027
2350029
2350030
2350031
2350032
2350033
2350034
2350035
2350037
2350038
2350039
2350040
2350041
2350042
2350043
2350045
2350046
2350047
2350048
2350049
2350050
2350051
2350053
2350054
2350055
2350056
2350057
2350058
2350059
2350061
2350065
2350066
2350067
2350068
2350069
2350070
2350071
2350072
2350073
2350074
2350075
2350076
2350077
2350078
2350079
2350080
2350081
2350082
2350088
2350089
2350099
2350100
2350101
2350102
2350103
2350104
2350105
2350107
2350108
2350109
2350110
2350111
2350112
2350113
2350115
2350116
2350117
2350118
2350119
2350120
2350121
2350123
2350124
2350125
2350126
2350127
2350128
2350129
2350131
2350132
2350133
2350134
2350135
2350136
2350137
2350139
2350140
2350141
2350142
2350143
2350144
2350145
2350147
2350148
2350149
2350150
2350151
2350152
2350153
2350155
2350156
2350157
2350158
2350159
2350160
2350161
2350165
2350166
2350169
2350170
2350171
2350172
2350173
2350174
2350175
2350177
2350178
2350179
2350180
2350181
2350182
2350183
2350185
2350186
2350187
2350188
2350189
2350190
2350191
2350193
2350194
2350195
2350196
2350197
2350208
2350209
2350210
2350211
2350212
2350213
2350214
2350215
2350216
2350217
2350218
2350236
2350237
2350238
2350239
2350240
2350241
2350242
2350244
2350245
2350246
2350247
2350248
2350249
2350250
2350252
2350253
2350254
2350255
2350256
2350257
2350258
2350259
2350260
2350261
2350262
2350263
2350264
2350265
2350267
2350268
2350269
2350270
2350271
2350272
2350273
2350277
2350278
2350279
2350280
2350281
2350282
2350283
2350284
2350293
2350294
2350295
2350296
2350297
2350298
2350299
2350301
2350302
2350303
2350304
2350305
2350306
2350307
2350309
2350310
2350311
2350312
2350313
2350314
2350315
2350317
2350318
2350319
2350320
2350321
2350322
2350336
2350337
2350338
2350339
2350340
2350341
2350342
2350343
2350344
2350345
2350346
2350347
2350348
2350349
2350382
2350383
2350384
2350385
2350386
2350387
2350388
2350390
2350391
2350392
2350393
2350394
2350395
2350396
2350398
2350399
2350400
2350401
2350402
2350403
2350404
2350406
2350407
2350408
2350409
2350410
2350411
2350412
2350415
2350425
2350426
2350427
2350428
2350429
2350430
2350431
2350455
2350456
2350457
2350458
2350459
2350460
2350461
2350462
2350494
2350495
2350496
2350497
2350498
2350499
2350500
2350502
2350503
2350504
2350505
2350506
2350507
2350508
2350510
2350511
2350512
2350513
2350514
2350515
2350516
2350518
2350519
2350520
2350521
2350522
2350523
2350524
2350526
2350527
2350528
2350529
2350530
2350531
2350532
2350534
2350535
2350536
2350537
2350538
2350539
2350540
2350542
2350543
2350544
2350545
2350546
2350547
2350548
2350550
2350551
2350552
2350553
2350554
2350555
2350556
2350564
2350565
2350567
2350568
2350569
2350570
2350571
2350572
2350573
2350575
2350576
2350577
2350578
2350579
2350580
2350581
2350583
2350584
2350585
2350586
2350587
2350588
2350589
2350591
2350592
2350593
2350594
2350595
2350596
2350597
2350608
2350609
2350610
2350611
2350612
2350613
2350620
2350621
2350622
2350623
2350624
2350625
2350626
2350628
2350629
2350630
2350631
2350632
2350633
2350634
2350636
2350637
2350638
2350639
2350640
2350641
2350642
2350644
2350645
2350646
2350647
2350648
2350649
2350650
2350677
2350678
2350679
2350680
2350681
2350682
2350683
2350685
2350686
2350687
2350688
2350689
2350690
2350691
2350693
2350694
2350695
2350696
2350697
2350698
2350699
2350701
2350702
2350703
2350704
2350705
2350706
2350707
2350714
2350715
2350716
2350717
2350718
2350719
2350720
2350722
2350723
2350724
2350725
2350726
2350727
2350728
2350730
2350731
2350732
2350733
2350739
2350740
2350741
2350742
2350743
2350744
2350745
2350746
2350747
2350748
2350749
2350750
2350751
2350752
2350753
2350754
2350755
2350756
2350765
2350766
2350767
2350768
2350769
2350770
2350771
2350773
2350774
2350775
2350776
2350777
2350778
2350779
2350781
2350782
2350783
2350784
2350785
2350786
2350787
2350789
2350790
2350791
2350792
2350793
2350794
2350795
2350799
2350800
2350804
2350806
2350807
2350808
2350809
2350811
2350812
2350813
2350814
2350815
2350816
2350817
2350819
2350820
2350821
2350822
2350823
2350824
2350825
2350827
2350828
2350829
2350830
2350831
2350832
2350833
2350835
2350836
2350837
2350838
2350839
2350840
2350841
2350850
2350851
2350852
2350853
2350854
2350855
2350856
2350858
2350859
2350860
2350861
2350862
2350863
2350864
2350866
2350867
2350868
2350869
2350870
2350871
2350872
2350874
2350875
2350876
2350877
2350878
2350879
2350880
2350889
2350890
2350891
2350892
2350893
2350894
2350895
2350897
2350898
2350899
2350900
2350901
2350902
2350903
2350905
2350906
2350907
2350908
2350909
2350910
2350911
2350913
2350917
2350918
2350926
2350927
2350928
2350929
2350930
2350931
2350932
2350933
2350934
2350935
2350936
2350937
2350938
2350939
2350956
2350957
2350958
2350959
2350960
2350961
2350962
2350964
2350965
2350966
2350967
2350968
2350969
2350970
2350974
2350975
2350983
2350984
2350985
2350986
2350987
2350988
2350989
2350991
2350992
2350993
2350994
2350995
2350996
2350997
2350999
2351000
2351001
2351002
2351003
2351004
2351005
2351007
2351008
2351009
2351010
2351011
2351012
2351013
2351019
2351020
2351021
2351022
2351023
2351024
2351025
2351027
2351028
2351029
2351030
2351031
2351032
2351033
2351035
2351036
2351037
2351038
2351039
2351040
2351041
2351052
2351053
2351054
2351069
2351070
2351071
2351072
2351073
2351074
2351075
2351076
2351077
2351078
2351079
2351081
2351082
2351084
2351085
2351086
2351088
2351089
2351090
2351091
2351092
2351093
2351094
2351096
2351097
2351098
2351099
2351100
2351101
2351102
2351104
2351105
2351106
2351107
2351108
2351109
2351110
2351127
2351128
2351129
2351130
2351131
2351132
2351133
2351135
2351136
2351137
2351138
2351139
2351140
2351141
2351143
2351144
2351145
2351146
2351147
2351148
2351149
2351163
2351164
2351165
2351166
2351167
2351168
2351169
2351171
2351172
2351173
2351174
2351175
2351176
2351177
2351179
2351180
2351181
2351189
2351190
2351191
2351192
2351193
2351194
2351195
2351196
2351197
2351198
2351199
2351200
2351201
2351202
2351203
2351204
2351205
2351206
2351214
2351217
2351218
2351219
2351220
2351221
2351222
2351223
2351225
2351226
2351227
2351228
2351229
2351230
2351231
2351233
2351234
2351235
2351236
2351237
2351238
2351239
2351241
2351242
2351243
2351244
2351245
2351246
2351247
2351251
2351252
2351254
2351255
2351256
2351257
2351258
2351259
2351260
2351262
2351263
2351264
2351265
2351266
2351267
2351268
2351270
2351271
2351272
2351273
2351274
2351275
2351276
2351278
2351279
2351280
2351281
2351282
2351283
2351284
2351288
2351289
2351290
2351292
2351293
2351294
2351295
2351296
2351297
2351298
2351300
2351301
2351302
2351303
2351304
2351305
2351306
2351308
2351309
2351310
2351311
2351312
2351313
2351314
2351316
2351317
2351318
2351319
2351320
2351321
2351322
2351326
2351327
2351328
2351329
2351331
2351332
2351333
2351334
2351335
2351336
2351337
2351339
2351340
2351341
2351342
2351343
2351344
2351345
2351347
2351348
2351349
2351350
2351351
2351352
2351353
2351355
2351356
2351357
2351358
2351359
2351360
2351361
2351363
2351364
2351365
2351366
2351367
2351368
2351369
2351371
2351372
2351373
2351374
2351375
2351376
2351377
2351379
2351380
2351381
2351382
2351383
2351384
2351385
2351387
2351398
2351399
2351400
2351401
2351402
2351403
2351404
2351424
2351425
2351426
2351427
2351428
2351429
2351430
2351431
2351432
2351433
2351434
2351435
2351436
2351437
2351529
2351530
2351531
2351532
2351533
2351534
2351535
2351537
2351538
2351539
2351540
2351541
2351542
2351543
2351545
2351546
2351547
2351548
2351549
2351550
2351551
2351553
2351554
2351555
2351556
2351557
2351558
2351559
2351590
2351591
2351592
2351593
2351594
2351595
2351596
2351598
2351599
2351600
2351601
2351602
2351603
2351604
2351606
2351607
2351608
2351609
2351610
2351611
2351612
2351614
2351615
2351616
2351617
2351618
2351619
2351620
2351624
2351625
2351629
2351631
2351632
2351633
2351634
2351635
2351636
2351637
2351640
2351641
2351642
2351643
2351644
2351645
2351646
2351648
2351649
2351650
2351651
2351652
2351653
2351654
2351656
2351657
2351658
2351659
2351660
2351661
2351662
2351664
2351665
2351666
2351667
2351668
2351669
2351670
2351681
2351682
2351688
2351689
2351690
2351691
2351692
2351693
2351694
2351696
2351697
2351698
2351699
2351700
2351701
2351702
2351704
2351705
2351706
2351707
2351708
2351709
2351710
2351712
2351713
2351714
2351715
2351716
2351717
2351718
2351720
2351721
2351722
2351723
2351724
2351725
2351726
2351728
2351729
2351730
2351731
2351732
2351733
2351734
2351736
2351737
2351738
2351739
2351740
2351741
2351742
2351744
2351745
2351746
2351747
2351748
2351749
2351750
2351756
2351757
2351758
2351759
2351760
2351761
2351762
2351764
2351766
2351767
2351768
2351769
2351770
2351771
2351772
2351773
2351774
2351775
2351776
2351777
2351778
2351779
2351780
2351792
2351794
2351795
2351796
2351797
2351798
2351799
2351800
2351802
2351803
2351804
2351805
2351806
2351807
2351808
2351810
2351811
2351812
2351813
2351814
2351815
2351816
2351818
2351819
2351820
2351821
2351822
2351823
2351824
2351833
2351834
2351836
2351837
2351838
2351839
2351840
2351841
2351842
2351844
2351845
2351846
2351847
2351848
2351849
2351850
2351852
2351853
2351854
2351855
2351856
2351857
2351858
2351860
2351861
2351862
2351863
2351864
2351865
2351866
2351868
2351869
2351870
2351871
2351872
2351873
2351874
2351876
2351877
2351878
2351879
2351880
2351881
2351882
2351884
2351885
2351886
2351887
2351888
2351889
2351890
2351892
2351893
2351894
2351895
2351896
2351897
2351898
2351902
2351903
2351904
2351905
2351906
2351907
2351908
2351909
2351910
2351912
2351913
2351914
2351915
2351916
2351917
2351918
2351919
2351920
2351921
2351935
2351936
2351937
2351938
2351940
2351941
2351942
2351943
2351944
2351945
2351947
2351948
2351949
2351950
2351951
2351952
2351953
2351955
2351956
2351957
2351958
2351959
2351960
2351961
2351963
2351964
2351965
2351966
2351967
2351968
2351969
2351973
2351974
2351975
2351976
2351977
2351978
2351979
2351981
2351982
2351983
2351984
2351985
2351986
2351987
2351989
2351990
2351991
2351992
2351993
2351994
2351995
2352000
2352001
2352003
2352004
2352005
2352006
2352007
2352008
2352009
2352011
2352012
2352013
2352014
2352015
2352016
2352017
2352019
2352020
2352021
2352022
2352023
2352024
2352025
2352027
2352028
2352029
2352033
2352034
2352035
2352036
2352037
2352038
2352039
2352040
2352041
2352042
2352043
2352051
2352052
2352053
2352054
2352055
2352056
2352061
2352062
2352063
2352064
2352065
2352066
2352067
2352069
2352070
2352071
2352072
2352073
2352074
2352075
2352077
2352078
2352079
2352080
2352081
2352082
2352083
2352085
2352086
2352087
2352088
2352089
2352090
2352091
2352101
2352102
2352111
2352112
2352113
2352114
2352115
2352116
2352117
2352119
2352120
2352121
2352122
2352123
2352124
2352125
2352127
2352128
2352129
2352130
2352131
2352132
2352133
2352136
2352137
2352138
2352139
2352140
2352141
2352142
2352144
2352145
2352146
2352147
2352148
2352149
2352150
2352152
2352153
2352154
2352155
2352156
2352157
2352158
2352165
2352166
2352167
2352168
2352169
2352170
2352172
2352173
2352174
2352175
2352179
2352180
2352181
2352182
2352183
2352184
2352185
2352186
2352187
2352188
2352189
2352190
2352191
2352206
2352207
2352208
2352209
2352210
2352211
2352212
2352214
2352215
2352216
2352217
2352218
2352219
2352220
2352222
2352223
2352224
2352225
2352226
2352227
2352228
2352230
2352231
2352232
2352233
2352234
2352235
2352236
2352247
2352248
2352249
2352250
2352251
2352252
2352253
2352254
2352255
2352256
2352257
2352258
2352259
2352260
2352262
2352263
2352264
2352265
2352266
2352267
2352268
2352274
2352275
2352277
2352278
2352279
2352280
2352281
2352282
2352283
2352285
2352286
2352287
2352288
2352289
2352290
2352291
2352293
2352294
2352295
2352296
2352297
2352298
2352299
2352301
2352302
2352303
2352304
2352305
2352306
2352307
2352319
2352320
2352321
2352322
2352393
2352394
2352395
2352396
2352397
2352398
2352399
2352400
2352401
2352402
2352403
2352404
2352405
2352406
2352407
2352435
2352436
2352437
2352438
2352439
2352440
2352441
2352442
2352443
2352445
2352446
2352447
2352448
2352449
2352450
2352451
2352453
2352454
2352455
2352456
2352457
2352458
2352459
2352461
2352462
2352463
2352464
2352465
2352466
2352467
2352469
2352470
2352471
2352472
2352473
2352474
2352475
2352477
2352479
2352488
2352489
2352490
2352491
2352492
2352493
2352494
2352495
2352496
2352546
2352612
2352613
2352614
2352615
2352616
2352617
2352618
2352620
2352621
2352622
2352623
2352624
2352625
2352626
2352636
2352637
2352638
2352639
2352640
2352641
2352642
2352644
2352645
2352646
2352647
2352648
2352649
2352650
2352652
2352653
2352654
2352655
2352656
2352657
2352658
2352660
2352661
2352662
2352663
2352664
2352665
2352666
2352669
2352670
2352671
2352672
2352673
2352674
2352675
2352677
2352678
2352679
2352680
2352681
2352682
2352683
2352685
2352686
2352687
2352688
2352689
2352690
2352706
2352707
2352708
2352709
2352710
2352711
2352712
2352714
2352715
2352716
2352717
2352718
2352719
2352720
2352722
2352723
2352724
2352725
2352726
2352727
2352728
2352730
2352731
2352732
2352733
2352734
2352735
2352736
2352738
2352739
2352740
2352741
2352742
2352743
2352744
2352746
2352747
2352748
2352749
2352750
2352751
2352752
2352754
2352755
2352756
2352757
2352758
2352759
2352760
2352762
2352763
2352764
2352765
2352766
2352767
2352768
2352773
2352774
2352778
2352779
2352780
2352781
2352782
2352783
2352784
2352785
2352786
2352787
2352788
2352789
2352790
2352791
2352792
2352799
2352800
2352801
2352802
2352803
2352804
2352805
2352807
2352808
2352809
2352810
2352811
2352812
2352813
2352815
2352816
2352817
2352818
2352819
2352820
2352821
2352825
2352826
2352828
2352829
2352830
2352831
2352832
2352833
2352834
2352836
2352837
2352838
2352839
2352840
2352841
2352842
2352844
2352845
2352846
2352847
2352848
2352849
2352850
2352852
2352853
2352854
2352855
2352856
2352857
2352858
2352876
2352877
2352878
2352879
2352880
2352881
2352882
2352884
2352885
2352886
2352887
2352888
2352889
2352890
2352892
2352893
2352894
2352895
2352896
2352897
2352898
2352900
2352901
2352902
2352903
2352904
2352905
2352906
2352918
2352919
2352965
2352966
2352967
2352968
2352969
2352970
2352971
2352973
2352974
2352975
2352976
2352977
2352978
2352979
2352981
2352982
2352983
2352984
2352985
2352986
2352987
2352989
2352990
2352991
2352992
2352993
2352994
2352995
2353010
2353011
2353012
2353013
2353014
2353015
2353016
2353018
2353019
2353020
2353021
2353022
2353023
2353024
2353026
2353027
2353028
2353029
2353030
2353031
2353032
2353034
2353035
2353036
2353040
2353041
2353042
2353043
2353044
2353045
2353046
2353047
2353048
2353049
2353050
2353051
2353052
2353053
2353054
2353055
2353056
2353057
2353072
2353073
2353074
2353075
2353076
2353077
2353078
2353080
2353081
2353082
2353083
2353084
2353085
2353086
2353088
2353089
2353090
2353091
2353092
2353093
2353094
2353096
2353097
2353098
2353099
2353100
2353101
2353102
2353111
2353112
2353113
2353114
2353116
2353117
2353118
2353119
2353120
2353121
2353122
2353124
2353125
2353126
2353127
2353128
2353129
2353130
2353132
2353133
2353134
2353135
2353136
2353137
2353138
2353140
2353141
2353142
2353143
2353144
2353145
2353146
2353148
2353149
2353150
2353151
2353152
2353153
2353158
2353159
2353160
2353161
2353162
2353163
2353164
2353166
2353167
2353168
2353169
2353170
2353171
2353172
2353174
2353175
2353176
2353177
2353178
2353179
2353180
2353182
2353183
2353184
2353185
2353186
2353187
2353188
2353191
2353192
2353196
2353197
2353198
2353199
2353200
2353214
2353215
2353216
2353217
2353218
2353219
2353220
2353221
2353222
2353223
2353224
2353225
2353226
2353227
2353231
2353232
2353233
2353234
2353235
2353236
2353254
2353255
2353256
2353257
2353258
2353259
2353260
2353262
2353263
2353264
2353265
2353266
2353267
2353268
2353270
2353271
2353272
2353273
2353274
2353275
2353276
2353278
2353279
2353280
2353281
2353282
2353283
2353284
2353286
2353287
2353288
2353289
2353290
2353291
2353292
2353294
2353295
2353296
2353297
2353298
2353299
2353300
2353302
2353303
2353304
2353305
2353306
2353307
2353308
2353310
2353311
2353312
2353313
2353314
2353315
2353316
2353318
2353319
2353320
2353321
2353322
2353323
2353324
2353326
2353327
2353328
2353329
2353330
2353331
2353332
2353346
2353347
2353348
2353349
2353350
2353351
2353352
2353353
2353354
2353355
2353356
2353357
2353358
2353359
2353360
2353361
2353362
2353363
2353365
2353366
2353367
2353368
2353372
2353373
2353374
2353375
2353376
2353380
2353382
2353387
2353388
2353389
2353390
2353391
2353392
2353393
2353395
2353396
2353397
2353398
2353399
2353400
2353401
2353403
2353404
2353405
2353406
2353408
2353412
2353413
2353417
2353418
2353419
2353523
2353524
2353525
2353526
2353527
2353528
2353529
2353531
2353532
2353533
2353534
2353535
2353536
2353537
2353539
2353540
2353541
2353542
2353543
2353544
2353545
2353547
2353548
2353549
2353550
2353551
2353552
2353553
2353573
2353574
2353576
2353577
2353578
2353579
2353580
2353581
2353582
2353584
2353585
2353586
2353587
2353588
2353589
2353590
2353592
2353593
2353594
2353595
2353596
2353597
2353598
2353600
2353601
2353602
2353603
2353604
2353605
2353606
2353608
2353609
2353610
2353611
2353612
2353613
2353614
2353616
2353617
2353618
2353619
2353620
2353621
2353622
2353624
2353625
2353626
2353627
2353628
2353629
2353630
2353632
2353633
2353634
2353635
2353636
2353637
2353638
2353649
2353650
2353651
2353652
2353654
2353655
2353656
2353657
2353658
2353659
2353660
2353662
2353664
2353665
2353666
2353667
2353668
2353669
2353670
2353672
2353673
2353674
2353675
2353676
2353677
2353678
2353680
2353681
2353682
2353683
2353684
2353685
2353686
2353696
2353697
2353698
2353699
2353700
2353701
2353702
2353703
2353704
2353705
2353706
2353707
2353712
2353713
2353714
2353715
2353716
2353717
2353718
2353735
2353736
2353737
2353738
2353739
2353740
2353741
2353743
2353744
2353745
2353746
2353747
2353748
2353749
2353750
2353759
2353760
2353766
2353767
2354408
2355822
2355958
2356708
2357345
2358206
2359165
2360016
2360924
2361711
2363277
2364959
2365860
2368545
2369519
2371427
2372358
2373156
2373935
2374773
2375553
2377415
2378386
2379303
2380301
2381138
2383082
2386653
2387694
2388664
2389636
2390576
2392454
2393191
2393857
2394474
2395077
2395759
2395867
2396456
2397138
2397801
2398467
2399142
2399794
2401129
2401785
2402472
2403199
2403887
2404687
2405391
2406052
2406732
2407376
2408110
2408863
2409553
2411507
2412256
2413106
2413834
2414580
2415307
2416155
2416715
2417221
2417766
2418431
2420163
2420711
2421278
2421813
2422289
2422799
2423937
2424708
2425429
2426632
2426635
2426638
2426647
2426720
2426727
2426728
2426732
2426735
2426745
2426772
2426883
2426884
2426885
2426887
2426888
2426889
2426890
2426891
2426926
2426927
2426930
2426933
2426934
2427017
2427020
2427021
2427024
2427025
2427063
2427081
2427084
2427108
2427850
2428214
2429154
2429423
2430606
2430790
2431370
2431538
2431775
2433675
2434439
2434982
2435458
2436861
2438885
2439710
2440626
2441713
2442742
2443752
2444683
2445306
2445623
2446261
2446567
2446570
2446573
2446576
2446583
2446586
2446589
2446592
2446619
2446875
2447110
2447259
2447439
2447468
2447491
2447492
2447510
2447589
2447819
2447997
2448316
2448944
2449310
2449802
2450053
2450166
2450169
2450172
2450180
2450184
2450223
2450282
2450693
2450754
2451330
2451809
2452017
2452020
2452023
2452026
2452029
2452032
2452036
2452039
2452042
2452050
2452053
2452056
2452058
2452059
2452060
2452061
2452062
2452063
2452064
2452065
2452066
2452067
2452068
2452069
2452071
2452072
2452073
2452075
2452078
2452081
2452084
2452087
2452090
2452093
2452094
2452095
2452096
2452097
2452098
2452099
2452100
2452127
2452130
2452133
2452136
2452139
2452181
2452324
2452533
2452898
2453157
2454024
2454133
2454139
2454140
2454141
2454145
2454149
2454152
2454154
2454156
2454157
2454159
2454160
2454161
2454162
2454166
2454168
2454172
2454176
2454178
2454182
2454223
2454524
2454527
2454530
2454532
2454536
2454544
2454547
2454550
2454552
2454554
2454555
2454556
2454557
2454559
2454560
2454561
2454565
2454568
2454570
2454578
2454581
2454582
2454584
2454585
2454589
2455363
2455925
2455926
2455931
2456396
2457420
2458296
2460426
2460526
2460781
2460998
2461097
2461224
2462104
2463153
2463870
2464237
2464644
2465567
2466630
2467563
2467661
2467665
2467805
2467815
2467822
2467830
2467832
2467844
2467845
2467849
2467851
2468110
2468554
2469678
2469686
2469690
2469707
2469785
2469786
2469799
2469811
2469884
2469885
2469979
2469980
2470007
2470008
2470009
2470027
2470028
2470053
2470054
2470076
2470090
2470135
2470136
2470166
2470167
2470176
2470202
2470675
2472371
2473058
2473671
2473952
2474278
2474478
2474734
2475288
2475952
2476340
2476574
2476852
2476983
2477340
2477428
2477536
2477552
2477562
2477945
2478479
2479551
2480666
2481839
2482237
2482485
2482638
2482800
2483270
2483793
2484198
2484852
2485900
2486915
2487615
2487616
2487617
2487656
2487657
2487684
2487994
2489112
2490259
2491361
2492529
2493215
2493702
2494287
2494603
2495051
2495543
2495935
2496484
2497044
2497946
2498853
2500104
2501364
2502594
2503773
2506189
2507351
2508753
2509512
2511648
2512804
2513936
2515038
2516198
2517398
2518648
2520801
2521862
2522888
2523593
2523830
2524096
2525107
2525510
2525889
2526236
2526596
2526954
2527363
2527372
2527425
2527608
2527938
2527944
2527946
2527947
2527951
2527953
2527988
2527989
2527990
2527991
2527992
2527993
2527994
2527995
2527996
2527997
2527998
2528000
2528001
2528002
2528003
2528004
2528005
2528006
2528007
2528008
2528009
2528010
2528011
2528012
2528013
2528014
2528015
2528016
2528017
2528018
2528019
2528025
2528026
2528027
2528028
2528029
2528030
2528031
2528032
2528034
2528035
2528036
2528037
2528055
2528056
2528062
2528063
2528064
2528065
2528066
2528067
2528068
2528069
2528070
2528071
2528074
2528075
2528076
2528077
2528078
2528079
2528080
2528081
2528082
2528083
2528093
2528094
2528095
2528096
2528097
2528098
2528099
2528100
2528101
2528102
2528110
2528111
2528112
2528113
2528114
2528115
2528116
2528117
2528118
2528119
2528130
2528131
2528132
2528133
2528134
2528135
2528136
2528137
2528139
2528140
2528141
2528142
2528143
2528144
2528145
2528147
2528148
2528149
2528150
2528151
2528152
2528154
2528155
2528156
2528157
2528158
2528159
2528168
2528169
2528170
2528171
2528172
2528173
2528179
2528185
2528189
2528201
2528202
2528203
2528204
2528205
2528206
2528207
2528208
2528209
2528210
2528241
2528242
2528243
2528244
2528245
2528246
2528247
2528248
2528250
2528251
2528252
2528253
2528254
2528255
2528256
2528258
2528259
2528260
2528261
2528262
2528263
2528264
2528265
2528266
2528267
2528269
2528270
2528271
2528272
2528273
2528274
2528275
2528276
2528277
2528278
2528281
2528285
2528286
2528287
2528288
2528289
2528290
2528291
2528292
2528293
2528294
2528299
2528300
2528311
2528312
2528313
2528314
2528315
2528316
2528317
2528318
2528319
2528320
2528321
2528322
2528323
2528324
2528325
2528326
2528327
2528328
2528330
2528331
2528332
2528333
2528334
2528335
2528336
2528338
2528339
2528340
2528341
2528342
2528343
2528344
2528345
2528346
2528347
2528349
2528350
2528351
2528352
2528353
2528354
2528355
2528356
2528357
2528358
2528373
2528382
2528384
2528385
2528386
2528387
2528388
2528389
2528390
2528391
2528392
2528393
2528404
2528405
2528406
2528407
2528408
2528409
2528410
2528411
2528412
2528413
2528415
2528416
2528417
2528418
2528419
2528420
2528421
2528422
2528424
2528425
2528426
2528427
2528428
2528429
2528430
2528431
2528433
2528434
2528435
2528436
2528437
2528438
2528439
2528440
2528441
2528442
2528454
2528455
2528466
2528467
2528468
2528469
2528471
2528477
2528478
2528479
2528480
2528481
2528482
2528483
2528484
2528485
2528486
2528504
2528505
2528506
2528507
2528508
2528509
2528510
2528511
2528512
2528513
2528539
2528540
2528541
2528542
2528543
2528544
2528545
2528546
2528547
2528548
2528600
2528601
2528602
2528603
2528604
2528605
2528606
2528607
2528610
2528611
2528612
2528613
2528626
2528627
2528628
2528629
2528630
2528631
2528632
2528633
2528634
2528635
2528637
2528638
2528639
2528640
2528641
2528642
2528643
2528644
2528646
2528647
2528648
2528649
2528650
2528651
2528652
2528653
2528654
2528655
2528656
2528657
2528658
2528659
2528660
2528661
2528662
2528663
2528664
2528665
2528680
2528681
2528682
2528683
2528684
2528685
2528729
2528730
2528731
2528732
2528733
2528734
2528735
2528736
2528738
2528739
2528740
2528741
2528742
2528743
2528744
2528745
2528746
2528747
2528749
2528750
2528751
2528752
2528753
2528754
2528755
2528756
2528758
2528759
2528760
2528761
2528762
2528763
2528764
2528765
2528766
2528767
2528777
2528778
2528779
2528784
2528797
2528855
2528856
2528857
2528858
2528859
2528860
2528861
2528862
2528864
2528865
2528866
2528867
2528868
2528869
2528870
2528871
2528872
2528873
2528874
2528875
2528876
2528877
2528878
2528879
2528880
2528881
2528883
2528884
2528885
2528886
2528887
2528888
2528889
2528893
2528901
2528902
2528905
2528906
2528907
2528908
2528909
2528910
2528911
2528912
2528913
2528914
2528931
2528932
2528933
2528934
2528935
2528936
2528937
2528938
2528939
2528940
2528944
2528945
2528946
2528947
2528948
2528949
2528950
2528951
2528952
2528953
2528955
2528956
2528957
2528958
2528959
2528960
2528961
2528962
2528963
2528964
2528966
2528967
2528968
2528969
2528970
2528971
2528972
2528973
2528975
2528976
2528977
2528978
2528979
2528980
2528981
2528982
2528984
2528985
2528986
2528987
2528988
2528989
2528990
2528991
2528992
2528993
2529002
2529003
2529004
2529005
2529006
2529007
2529008
2529009
2529010
2529011
2529013
2529014
2529015
2529016
2529017
2529018
2529019
2529020
2529021
2529022
2529023
2529024
2529025
2529026
2529027
2529028
2529029
2529030
2529031
2529032
2529034
2529035
2529036
2529037
2529038
2529039
2529040
2529041
2529045
2529046
2529047
2529048
2529049
2529050
2529057
2529058
2529059
2529060
2529061
2529062
2529063
2529064
2529065
2529066
2529069
2529070
2529074
2529075
2529076
2529077
2529084
2529085
2529086
2529087
2529088
2529089
2529090
2529091
2529092
2529093
2529107
2529108
2529109
2529110
2529111
2529112
2529113
2529114
2529116
2529117
2529118
2529119
2529120
2529121
2529122
2529123
2529124
2529125
2529127
2529128
2529129
2529130
2529131
2529132
2529133
2529134
2529135
2529136
2529137
2529138
2529139
2529140
2529141
2529142
2529143
2529144
2529148
2529153
2529154
2529155
2529156
2529157
2529158
2529159
2529161
2529162
2529163
2529164
2529165
2529166
2529167
2529168
2529170
2529171
2529172
2529173
2529174
2529175
2529176
2529177
2529181
2529182
2529184
2529185
2529186
2529187
2529188
2529189
2529190
2529191
2529193
2529194
2529195
2529196
2529197
2529198
2529199
2529200
2529202
2529203
2529204
2529205
2529206
2529207
2529208
2529209
2529211
2529212
2529213
2529214
2529215
2529216
2529217
2529218
2529224
2529225
2529226
2529227
2529228
2529229
2529230
2529231
2529233
2529234
2529235
2529236
2529237
2529238
2529239
2529240
2529242
2529243
2529244
2529245
2529246
2529247
2529248
2529249
2529251
2529252
2529253
2529257
2529258
2529268
2529270
2529271
2529272
2529273
2529274
2529275
2529276
2529278
2529279
2529280
2529281
2529282
2529283
2529284
2529285
2529287
2529288
2529289
2529290
2529291
2529292
2529293
2529294
2529296
2529297
2529298
2529299
2529300
2529301
2529302
2529303
2529313
2529314
2529315
2529316
2529317
2529318
2529319
2529320
2529322
2529323
2529324
2529325
2529326
2529327
2529328
2529329
2529331
2529332
2529333
2529334
2529335
2529336
2529337
2529338
2529340
2529341
2529342
2529343
2529344
2529345
2529346
2529347
2529349
2529350
2529351
2529352
2529353
2529354
2529355
2529356
2529359
2529360
2529361
2529362
2529363
2529364
2529365
2529366
2529368
2529369
2529370
2529371
2529372
2529373
2529374
2529375
2529377
2529378
2529379
2529380
2529381
2529382
2529383
2529384
2529386
2529387
2529388
2529389
2529390
2529391
2529392
2529393
2529396
2529397
2529398
2529414
2529415
2529416
2529417
2529418
2529419
2529420
2529421
2529423
2529424
2529425
2529426
2529427
2529428
2529429
2529430
2529432
2529433
2529434
2529435
2529436
2529437
2529438
2529439
2529441
2529442
2529443
2529444
2529445
2529446
2529447
2529448
2529451
2529452
2529453
2529454
2529455
2529456
2529457
2529458
2529460
2529461
2529462
2529463
2529464
2529465
2529466
2529467
2529469
2529470
2529471
2529472
2529473
2529474
2529475
2529476
2529480
2529481
2529482
2529483
2529484
2529485
2529486
2529487
2529495
2529496
2529497
2529498
2529499
2529500
2529501
2529502
2529504
2529505
2529506
2529507
2529508
2529509
2529510
2529511
2529513
2529514
2529515
2529516
2529517
2529518
2529519
2529520
2529522
2529523
2529524
2529525
2529526
2529527
2529528
2529529
2529533
2529534
2529535
2529536
2529537
2529538
2529539
2529540
2529542
2529543
2529544
2529545
2529546
2529547
2529548
2529549
2529551
2529552
2529553
2529554
2529555
2529556
2529557
2529558
2529560
2529561
2529562
2529563
2529564
2529565
2529566
2529567
2529571
2529572
2529573
2529575
2529576
2529577
2529578
2529579
2529580
2529581
2529582
2529584
2529585
2529586
2529587
2529588
2529589
2529590
2529591
2529593
2529594
2529595
2529596
2529597
2529598
2529599
2529600
2529602
2529603
2529604
2529605
2529606
2529607
2529608
2529609
2529612
2529613
2529614
2529615
2529616
2529617
2529618
2529619
2529621
2529622
2529623
2529624
2529625
2529626
2529627
2529628
2529630
2529631
2529632
2529633
2529634
2529635
2529636
2529637
2529639
2529640
2529641
2529642
2529643
2529644
2529645
2529646
2529650
2529651
2529652
2529665
2529666
2529667
2529668
2529669
2529670
2529672
2529673
2529674
2529675
2529676
2529677
2529678
2529679
2529681
2529682
2529683
2529684
2529685
2529686
2529687
2529688
2529690
2529691
2529692
2529693
2529694
2529695
2529696
2529697
2529702
2529703
2529704
2529705
2529706
2529707
2529709
2529713
2529715
2529716
2529728
2529729
2529730
2529732
2529733
2529734
2529735
2529736
2529737
2529738
2529739
2529741
2529742
2529744
2529850
2529851
2529852
2529853
2529854
2529855
2529856
2529858
2529859
2529860
2529861
2529862
2529863
2529864
2529865
2529867
2529868
2529869
2529870
2529871
2529872
2529873
2529874
2529876
2529877
2529878
2529879
2529880
2529881
2529882
2529883
2529885
2529886
2529887
2529888
2529889
2529890
2529891
2529892
2529894
2529895
2529896
2529897
2529898
2529899
2529900
2529901
2529903
2529904
2529905
2529906
2529907
2529908
2529909
2529910
2529912
2529913
2529914
2529915
2529916
2529917
2529918
2529919
2529934
2529935
2529936
2529937
2529938
2529939
2529940
2529942
2529943
2529944
2529945
2529946
2529947
2529948
2529950
2529951
2529952
2529953
2529954
2529955
2529956
2529958
2529959
2529960
2529961
2529962
2529963
2529964
2529978
2529979
2529980
2529981
2529982
2529983
2529984
2529986
2529987
2529988
2529989
2529990
2529991
2529992
2529994
2529995
2529996
2529997
2529998
2530043
2530044
2530068
2530069
2530070
2530071
2530072
2530073
2530074
2530076
2530077
2530078
2530079
2530080
2530081
2530082
2530084
2530085
2530086
2530087
2530088
2530089
2530090
2530092
2530093
2530094
2530095
2530096
2530097
2530098
2530102
2530105
2530106
2530107
2530108
2530109
2530110
2530111
2530113
2530114
2530115
2530116
2530117
2530118
2530119
2530121
2530122
2530123
2530124
2530125
2530126
2530127
2530131
2530135
2530136
2530137
2530138
2530139
2530140
2530141
2530143
2530144
2530145
2530146
2530147
2530148
2530149
2530151
2530152
2530153
2530154
2530155
2530156
2530157
2530159
2530160
2530161
2530162
2530163
2530164
2530165
2530167
2530168
2530169
2530170
2530171
2530172
2530173
2530176
2530178
2530179
2530180
2530181
2530182
2530183
2530184
2530186
2530187
2530188
2530189
2530190
2530191
2530192
2530194
2530195
2530196
2530197
2530198
2530199
2530200
2530202
2530203
2530204
2530205
2530206
2530207
2530208
2530223
2530224
2530225
2530227
2530228
2530229
2530230
2530231
2530232
2530233
2530235
2530236
2530237
2530238
2530239
2530240
2530241
2530243
2530244
2530245
2530246
2530247
2530248
2530249
2530251
2530252
2530253
2530254
2530255
2530256
2530257
2530283
2530284
2530287
2530288
2530289
2530290
2530291
2530292
2530293
2530295
2530296
2530297
2530298
2530299
2530300
2530301
2530303
2530304
2530305
2530306
2530307
2530308
2530309
2530319
2530320
2530322
2530323
2530324
2530325
2530326
2530327
2530328
2530330
2530331
2530332
2530333
2530334
2530335
2530336
2530338
2530339
2530340
2530341
2530342
2530343
2530344
2530346
2530347
2530348
2530349
2530350
2530351
2530352
2530356
2530370
2530371
2530372
2530373
2530374
2530375
2530376
2530378
2530379
2530380
2530381
2530382
2530383
2530384
2530386
2530387
2530388
2530389
2530390
2530391
2530392
2530394
2530395
2530396
2530397
2530398
2530399
2530400
2530412
2530413
2530414
2530415
2530416
2530417
2530418
2530420
2530421
2530422
2530423
2530424
2530425
2530426
2530428
2530429
2530430
2530431
2530432
2530433
2530434
2530436
2530437
2530438
2530439
2530440
2530441
2530442
2530444
2530445
2530446
2530447
2530448
2530449
2530450
2530452
2530453
2530454
2530455
2530456
2530457
2530458
2530460
2530461
2530462
2530463
2530464
2530465
2530466
2530468
2530469
2530470
2530471
2530472
2530473
2530474
2530477
2530478
2530479
2530480
2530481
2530482
2530483
2530485
2530486
2530487
2530488
2530489
2530490
2530491
2530493
2530494
2530495
2530496
2530497
2530498
2530499
2530501
2530502
2530503
2530504
2530505
2530506
2530517
2530518
2530519
2530520
2530521
2530539
2530540
2530541
2530542
2530543
2530544
2530545
2530547
2530548
2530549
2530550
2530551
2530552
2530553
2530555
2530556
2530557
2530558
2530559
2530560
2530561
2530569
2530570
2530571
2530572
2530573
2530574
2530575
2530577
2530578
2530579
2530580
2530581
2530582
2530583
2530585
2530586
2530587
2530588
2530589
2530590
2530591
2530593
2530594
2530595
2530596
2530597
2530598
2530599
2530607
2530608
2530609
2530611
2530612
2530613
2530614
2530615
2530616
2530617
2530619
2530620
2530621
2530622
2530623
2530624
2530625
2530627
2530628
2530629
2530630
2530631
2530632
2530634
2530650
2530651
2530722
2530723
2530724
2530725
2530726
2530727
2530728
2530730
2530731
2530732
2530733
2530734
2530735
2530736
2530738
2530739
2530740
2530741
2530742
2530743
2530744
2530746
2530747
2530748
2530749
2530750
2530751
2530752
2530761
2530763
2530765
2530766
2530767
2530768
2530769
2530770
2530771
2530773
2530774
2530775
2530776
2530777
2530778
2530779
2530781
2530782
2530783
2530784
2530785
2530786
2530787
2530789
2530790
2530791
2530792
2530793
2530794
2530795
2530800
2530804
2530805
2530806
2530807
2530808
2530809
2530810
2530818
2530819
2530820
2530821
2530822
2530823
2530824
2530826
2530827
2530828
2530829
2530830
2530831
2530832
2530833
2530835
2530836
2530837
2530838
2530839
2530840
2530841
2530842
2530844
2530845
2530846
2530847
2530848
2530849
2530850
2530851
2530855
2530856
2530857
2530858
2530859
2530860
2530861
2530862
2530864
2530865
2530866
2530867
2530868
2530869
2530870
2530871
2530873
2530874
2530875
2530876
2530877
2530878
2530879
2530880
2530882
2530883
2530884
2530885
2530886
2530887
2530888
2530889
2530893
2530894
2530895
2530896
2530897
2530898
2530899
2530900
2530902
2530903
2530904
2530905
2530906
2530907
2530908
2530909
2530911
2530912
2530913
2530914
2530915
2530916
2530917
2530919
2530920
2530921
2530922
2530923
2530924
2530925
2530934
2530935
2530936
2530937
2530938
2530939
2530940
2530942
2530943
2530944
2530945
2530946
2530947
2530948
2530950
2530951
2530952
2530953
2530954
2530955
2530956
2530958
2530959
2530960
2530961
2530962
2530963
2530964
2530968
2530971
2530972
2530973
2530974
2530975
2530976
2530977
2530979
2530980
2530981
2530982
2530983
2530984
2530985
2530987
2530988
2530989
2530990
2530991
2530992
2530993
2530995
2530996
2530997
2530998
2530999
2531000
2531001
2531003
2531004
2531005
2531006
2531007
2531008
2531009
2531011
2531012
2531013
2531014
2531015
2531016
2531017
2531019
2531020
2531021
2531022
2531023
2531024
2531025
2531029
2531032
2531033
2531034
2531035
2531036
2531037
2531038
2531040
2531041
2531042
2531043
2531044
2531045
2531046
2531048
2531049
2531050
2531051
2531052
2531053
2531054
2531056
2531057
2531058
2531059
2531060
2531061
2531062
2531064
2531065
2531066
2531067
2531068
2531069
2531070
2531072
2531073
2531074
2531075
2531076
2531077
2531078
2531080
2531081
2531082
2531083
2531084
2531085
2531086
2531088
2531089
2531090
2531091
2531092
2531093
2531094
2531117
2531118
2531119
2531120
2531121
2531122
2531123
2531125
2531126
2531127
2531128
2531129
2531130
2531131
2531133
2531134
2531135
2531136
2531137
2531138
2531139
2531141
2531142
2531143
2531144
2531145
2531146
2531147
2531157
2531185
2531186
2531188
2531189
2531190
2531191
2531192
2531194
2531196
2531197
2531198
2531199
2531202
2531225
2531226
2531227
2531228
2531229
2531230
2531231
2531233
2531234
2531235
2531236
2531237
2531238
2531239
2531241
2531242
2531243
2531244
2531245
2531246
2531247
2531249
2531250
2531251
2531252
2531253
2531254
2531255
2531262
2531263
2531264
2531265
2531266
2531267
2531268
2531270
2531271
2531272
2531273
2531274
2531275
2531276
2531278
2531279
2531280
2531281
2531282
2531283
2531284
2531286
2531287
2531288
2531289
2531290
2531291
2531292
2531296
2531297
2531298
2531299
2531300
2531301
2531302
2531304
2531305
2531306
2531307
2531308
2531309
2531310
2531312
2531313
2531314
2531315
2531316
2531317
2531318
2531325
2531326
2531327
2531328
2531329
2531330
2531331
2531333
2531334
2531335
2531336
2531337
2531338
2531339
2531341
2531342
2531343
2531344
2531345
2531346
2531347
2531349
2531350
2531351
2531352
2531353
2531354
2531355
2531357
2531358
2531359
2531360
2531361
2531362
2531363
2531365
2531366
2531367
2531368
2531369
2531370
2531371
2531373
2531374
2531375
2531376
2531377
2531378
2531379
2531381
2531382
2531383
2531384
2531385
2531386
2531387
2531391
2531392
2531393
2531395
2531396
2531397
2531398
2531399
2531400
2531401
2531402
2531411
2531412
2531413
2531414
2531415
2531416
2531417
2531419
2531420
2531421
2531422
2531423
2531424
2531425
2531427
2531428
2531429
2531430
2531431
2531432
2531433
2531435
2531436
2531437
2531438
2531439
2531440
2531441
2531450
2531451
2531457
2531458
2531459
2531460
2531461
2531462
2531463
2531465
2531466
2531467
2531468
2531469
2531470
2531471
2531473
2531474
2531475
2531476
2531477
2531478
2531479
2531481
2531482
2531483
2531484
2531485
2531486
2531487
2531489
2531490
2531491
2531492
2531493
2531494
2531495
2531497
2531498
2531499
2531500
2531501
2531502
2531503
2531505
2531506
2531507
2531508
2531509
2531510
2531511
2531513
2531514
2531515
2531516
2531517
2531518
2531519
2531523
2531528
2531538
2531539
2531540
2531557
2531643
2531644
2531645
2531646
2531647
2531648
2531649
2531651
2531652
2531653
2531654
2531655
2531656
2531657
2531659
2531660
2531661
2531662
2531663
2531664
2531665
2531667
2531668
2531669
2531670
2531671
2531672
2531673
2531681
2531686
2531689
2531690
2531691
2531692
2531693
2531694
2531695
2531697
2531698
2531699
2531700
2531701
2531702
2531703
2531705
2531706
2531707
2531708
2531709
2531710
2531711
2531713
2531714
2531715
2531716
2531717
2531718
2531719
2531724
2531725
2531726
2531727
2531728
2531729
2531730
2531732
2531733
2531734
2531735
2531736
2531737
2531738
2531740
2531741
2531742
2531743
2531744
2531745
2531746
2531748
2531749
2531750
2531751
2531752
2531753
2531754
2531756
2531757
2531758
2531759
2531760
2531761
2531762
2531764
2531765
2531766
2531767
2531768
2531769
2531770
2531772
2531773
2531774
2531775
2531776
2531777
2531778
2531780
2531781
2531782
2531783
2531784
2531785
2531786
2531790
2531791
2531792
2531799
2531800
2531801
2531802
2531803
2531804
2531805
2531807
2531808
2531809
2531810
2531811
2531812
2531813
2531815
2531816
2531817
2531818
2531819
2531820
2531821
2531823
2531824
2531825
2531826
2531827
2531828
2531829
2531833
2531834
2531845
2531846
2531847
2531848
2531849
2531850
2531851
2531853
2531854
2531855
2531856
2531857
2531858
2531859
2531861
2531862
2531863
2531864
2531865
2531866
2531867
2531869
2531870
2531871
2531872
2531873
2531874
2531875
2531879
2531880
2531881
2531882
2531883
2531884
2531885
2531886
2531888
2531889
2531890
2531891
2531892
2531893
2531894
2531896
2531897
2531898
2531899
2531900
2531901
2531902
2531904
2531905
2531906
2531907
2531908
2531909
2531910
2531912
2531913
2531914
2531915
2531916
2531917
2531918
2531927
2531928
2531930
2531931
2531934
2531935
2531936
2531937
2531938
2531939
2531940
2531942
2531943
2531944
2531945
2531946
2531947
2531948
2531950
2531951
2531952
2531953
2531954
2531955
2531956
2531960
2531961
2531962
2531964
2531965
2531966
2531967
2531968
2531969
2531970
2531972
2531973
2531974
2531975
2531976
2531977
2531978
2531980
2531981
2531982
2531983
2531984
2531985
2531986
2531988
2531989
2531990
2531991
2531992
2531993
2531994
2531996
2531997
2531998
2532000
2532011
2532012
2532013
2532015
2532016
2532017
2532018
2532019
2532020
2532021
2532023
2532024
2532025
2532026
2532027
2532028
2532029
2532031
2532032
2532033
2532034
2532035
2532036
2532037
2532039
2532040
2532041
2532042
2532043
2532044
2532045
2532047
2532048
2532049
2532050
2532051
2532052
2532053
2532055
2532056
2532057
2532058
2532059
2532060
2532061
2532063
2532064
2532065
2532066
2532067
2532068
2532069
2532071
2532072
2532073
2532074
2532075
2532076
2532077
2532083
2532084
2532085
2532086
2532087
2532088
2532089
2532090
2532091
2532092
2532093
2532094
2532095
2532096
2532097
2532098
2532100
2532101
2532102
2532104
2532106
2532107
2532108
2532109
2532110
2532111
2532112
2532114
2532115
2532116
2532117
2532118
2532119
2532120
2532122
2532123
2532124
2532125
2532126
2532127
2532128
2532130
2532131
2532132
2532133
2532134
2532135
2532136
2532142
2532143
2532145
2532148
2532149
2532150
2532151
2532153
2532154
2532155
2532156
2532157
2532158
2532159
2532161
2532162
2532163
2532164
2532165
2532166
2532167
2532169
2532170
2532171
2532172
2532173
2532174
2532175
2532177
2532178
2532179
2532180
2532181
2532182
2532183
2532193
2532194
2532196
2532197
2532198
2532199
2532200
2532201
2532202
2532204
2532205
2532206
2532207
2532208
2532209
2532210
2532212
2532213
2532214
2532215
2532216
2532217
2532218
2532220
2532221
2532222
2532223
2532224
2532225
2532226
2532233
2532234
2532235
2532236
2532237
2532238
2532239
2532241
2532242
2532243
2532244
2532245
2532246
2532247
2532249
2532250
2532251
2532252
2532253
2532254
2532255
2532257
2532258
2532259
2532260
2532261
2532262
2532263
2532267
2532268
2532269
2532270
2532271
2532272
2532273
2532274
2532276
2532279
2532281
2532282
2532283
2532284
2532285
2532286
2532287
2532289
2532290
2532291
2532292
2532293
2532294
2532295
2532297
2532298
2532299
2532300
2532301
2532302
2532303
2532305
2532306
2532307
2532308
2532309
2532310
2532311
2532315
2532316
2532317
2532318
2532319
2532320
2532321
2532322
2532323
2532324
2532325
2532326
2532330
2532331
2532333
2532334
2532335
2532336
2532337
2532339
2532340
2532341
2532342
2532343
2532344
2532345
2532347
2532348
2532349
2532350
2532351
2532352
2532353
2532355
2532356
2532357
2532358
2532359
2532360
2532361
2532363
2532364
2532365
2532366
2532367
2532368
2532369
2532384
2532385
2532386
2532387
2532388
2532389
2532390
2532392
2532393
2532394
2532395
2532396
2532397
2532398
2532400
2532401
2532402
2532403
2532404
2532405
2532406
2532408
2532409
2532410
2532411
2532412
2532413
2532414
2532418
2532419
2532423
2532425
2532426
2532427
2532428
2532429
2532430
2532431
2532433
2532450
2532451
2532453
2532454
2532455
2532456
2532457
2532458
2532459
2532461
2532462
2532463
2532464
2532465
2532466
2532467
2532469
2532470
2532471
2532472
2532473
2532474
2532475
2532477
2532478
2532479
2532480
2532481
2532482
2532483
2532485
2532486
2532487
2532488
2532489
2532490
2532491
2532493
2532494
2532495
2532496
2532497
2532498
2532499
2532501
2532502
2532503
2532504
2532505
2532506
2532507
2532509
2532510
2532511
2532512
2532513
2532514
2532515
2532520
2532521
2532523
2532524
2532525
2532526
2532527
2532528
2532529
2532531
2532532
2532533
2532534
2532535
2532536
2532537
2532539
2532540
2532541
2532542
2532543
2532545
2532547
2532553
2532554
2532555
2532556
2532557
2532558
2532559
2532560
2532580
2532581
2532582
2532583
2532584
2532585
2532586
2532588
2532591
2532718
2532719
2532721
2532722
2532723
2532724
2532725
2532726
2532727
2532729
2532730
2532731
2532732
2532733
2532734
2532735
2532737
2532738
2532739
2532740
2532741
2532742
2532743
2532745
2532746
2532747
2532748
2532749
2532750
2532751
2532776
2532777
2532778
2532779
2532780
2532781
2532782
2532784
2532785
2532786
2532787
2532788
2532789
2532790
2532795
2532796
2532797
2532798
2532799
2532800
2532801
2532803
2532804
2532805
2532806
2532807
2532808
2532809
2532811
2532812
2532813
2532814
2532815
2532816
2532817
2532819
2532820
2532821
2532822
2532823
2532824
2532825
2532827
2532828
2532829
2532830
2532831
2532832
2532833
2532842
2532843
2532852
2532853
2532854
2532855
2532856
2532857
2532858
2532859
2532860
2532861
2532862
2532863
2532864
2532865
2532866
2532868
2532876
2532877
2532878
2532879
2532880
2532881
2532882
2532884
2532885
2532886
2532887
2532888
2532889
2532890
2532892
2532893
2532894
2532895
2532896
2532897
2532898
2532902
2532903
2532935
2532936
2532937
2532938
2532939
2532940
2532941
2532943
2532944
2532945
2532946
2532947
2532948
2532949
2532951
2532952
2532953
2532954
2532955
2532956
2532957
2532978
2532979
2532980
2532981
2532982
2532983
2532984
2532986
2532987
2532988
2532989
2532990
2532991
2532992
2532994
2532995
2532996
2532997
2532998
2532999
2533000
2533014
2533015
2533017
2533018
2533019
2533020
2533021
2533022
2533023
2533025
2533026
2533027
2533028
2533029
2533030
2533031
2533033
2533034
2533035
2533036
2533037
2533038
2533039
2533041
2533042
2533043
2533044
2533045
2533046
2533047
2533062
2533063
2533064
2533065
2533066
2533067
2533068
2533070
2533071
2533072
2533073
2533074
2533075
2533076
2533078
2533079
2533080
2533081
2533082
2533083
2533084
2533086
2533087
2533088
2533089
2533090
2533091
2533092
2533100
2533101
2533102
2533103
2533104
2533105
2533106
2533107
2533108
2533109
2533110
2533111
2533115
2533116
2533117
2533118
2533119
2533120
2533121
2533123
2533124
2533125
2533126
2533127
2533128
2533129
2533131
2533132
2533133
2533134
2533135
2533136
2533137
2533141
2533142
2533143
2533144
2533145
2533146
2533147
2533148
2533149
2533150
2533151
2533152
2533154
2533157
2533158
2533159
2533160
2533161
2533162
2533163
2533166
2533167
2533168
2533169
2533170
2533171
2533172
2533174
2533175
2533176
2533177
2533178
2533179
2533180
2533182
2533183
2533184
2533185
2533186
2533187
2533188
2533190
2533191
2533192
2533193
2533194
2533195
2533196
2533198
2533199
2533200
2533201
2533202
2533203
2533204
2533207
2533208
2533209
2533210
2533211
2533212
2533213
2533215
2533216
2533217
2533218
2533219
2533220
2533221
2533223
2533224
2533225
2533226
2533227
2533228
2533229
2533231
2533232
2533233
2533234
2533235
2533236
2533237
2533239
2533240
2533241
2533242
2533243
2533244
2533245
2533248
2533249
2533250
2533251
2533252
2533253
2533254
2533257
2533258
2533259
2533260
2533261
2533262
2533263
2533264
2533268
2533269
2533270
2533271
2533272
2533273
2533274
2533276
2533277
2533278
2533279
2533280
2533281
2533282
2533284
2533285
2533286
2533287
2533288
2533289
2533290
2533292
2533293
2533294
2533295
2533296
2533297
2533298
2533308
2533309
2533310
2533311
2533312
2533313
2533314
2533316
2533317
2533318
2533319
2533320
2533321
2533322
2533324
2533325
2533326
2533327
2533328
2533329
2533330
2533332
2533333
2533334
2533335
2533336
2533337
2533338
2533342
2533343
2533344
2533345
2533346
2533347
2533348
2533350
2533351
2533352
2533353
2533354
2533355
2533356
2533358
2533359
2533360
2533361
2533362
2533363
2533364
2533366
2533367
2533368
2533369
2533370
2533371
2533372
2533380
2533381
2533382
2533383
2533384
2533385
2533386
2533388
2533389
2533390
2533391
2533392
2533393
2533394
2533396
2533397
2533398
2533399
2533400
2533401
2533402
2533404
2533405
2533406
2533407
2533408
2533409
2533410
2533415
2533416
2533417
2533418
2533419
2533420
2533421
2533422
2533423
2533424
2533425
2533426
2533427
2533428
2533429
2533430
2533431
2533432
2533434
2533444
2533445
2533446
2533447
2533448
2533449
2533450
2533452
2533453
2533454
2533455
2533456
2533457
2533458
2533460
2533461
2533462
2533463
2533464
2533465
2533466
2533468
2533469
2533470
2533471
2533472
2533473
2533474
2533478
2533479
2533480
2533481
2533482
2533483
2533484
2533485
2533486
2533487
2533488
2533490
2533492
2533493
2533494
2533495
2533496
2533497
2533498
2533500
2533501
2533502
2533503
2533504
2533505
2533506
2533508
2533509
2533510
2533511
2533512
2533513
2533514
2533516
2533517
2533518
2533519
2533520
2533521
2533522
2533526
2533527
2533528
2533529
2533530
2533531
2533532
2533544
2533545
2533548
2533549
2533576
2533620
2533621
2533622
2533623
2533624
2533625
2533626
2533628
2533629
2533630
2533631
2533632
2533633
2533634
2533636
2533637
2533638
2533639
2533640
2533641
2533642
2533644
2533645
2533646
2533647
2533648
2533649
2533650
2533653
2533656
2533657
2533659
2533662
2533708
2533709
2533710
2533711
2533712
2533713
2533715
2533716
2533717
2533719
2533832
2533833
2533834
2533835
2533836
2533837
2533838
2533840
2533841
2533842
2533843
2533844
2533845
2533846
2533848
2533849
2533850
2533851
2533852
2533853
2533854
2533856
2533857
2533858
2533859
2533860
2533861
2533862
2533866
2533867
2533873
2533874
2533875
2533876
2533877
2533878
2533879
2533881
2533882
2533883
2533884
2533885
2533886
2533887
2533889
2533890
2533891
2533892
2533893
2533894
2533895
2533897
2533898
2533899
2533900
2533901
2533902
2533903
2533922
2533923
2533924
2533925
2533926
2533927
2533928
2533930
2533931
2533932
2533933
2533934
2533935
2533936
2533938
2533939
2533940
2533941
2533942
2533943
2533944
2533948
2533949
2533950
2533951
2533952
2533953
2533955
2533956
2533957
2533958
2533959
2533961
2533962
2533963
2533965
2533966
2533967
2533968
2533969
2533970
2533971
2533973
2533974
2533975
2533976
2533977
2533978
2533979
2533981
2533982
2533983
2533984
2533985
2533986
2533987
2533992
2533993
2533994
2533995
2533996
2533997
2533998
2533999
2534000
2534003
2534004
2534005
2534006
2534007
2534008
2534009
2534010
2534011
2534014
2534015
2534016
2534017
2534018
2534019
2534020
2534021
2534022
2534024
2534025
2534026
2534027
2534028
2534029
2534030
2534032
2534033
2534034
2534035
2534036
2534037
2534038
2534040
2534041
2534042
2534043
2534044
2534045
2534046
2534048
2534049
2534050
2534051
2534052
2534053
2534054
2534065
2534066
2534067
2534068
2534069
2534070
2534071
2534073
2534074
2534075
2534076
2534077
2534078
2534079
2534081
2534082
2534083
2534084
2534085
2534086
2534087
2534089
2534090
2534091
2534092
2534093
2534094
2534095
2534103
2534104
2534105
2534106
2534107
2534108
2534109
2534111
2534112
2534113
2534114
2534115
2534116
2534117
2534119
2534120
2534121
2534122
2534123
2534124
2534125
2534127
2534128
2534129
2534130
2534131
2534132
2534133
2534137
2534138
2534139
2534140
2534141
2534142
2534143
2534144
2534145
2534146
2534147
2534148
2534149
2534150
2534151
2534152
2534153
2534154
2534155
2534156
2534157
2534158
2534160
2534161
2534162
2534163
2534164
2534165
2534166
2534167
2534168
2534169
2534170
2534171
2534172
2534174
2534175
2534176
2534177
2534178
2534179
2534180
2534181
2534182
2534183
2534184
2534196
2534197
2534198
2534199
2534200
2534201
2534204
2534205
2534206
2534207
2534208
2534209
2534210
2534212
2534213
2534214
2534215
2534216
2534217
2534218
2534220
2534221
2534222
2534223
2534224
2534225
2534226
2534230
2534231
2534232
2534233
2534234
2534235
2534236
2534238
2534239
2534240
2534241
2534242
2534243
2534244
2534246
2534247
2534248
2534249
2534250
2534251
2534252
2534254
2534255
2534256
2534257
2534258
2534259
2534260
2534264
2534265
2534267
2534268
2534269
2534270
2534271
2534272
2534273
2534275
2534276
2534277
2534278
2534279
2534280
2534281
2534283
2534284
2534285
2534286
2534287
2534288
2534289
2534291
2534292
2534293
2534294
2534295
2534296
2534297
2534304
2534305
2534306
2534307
2534308
2534309
2534310
2534311
2534312
2534313
2534314
2534315
2534316
2534317
2534319
2534320
2534321
2534322
2534323
2534324
2534325
2534336
2534337
2534338
2534339
2534340
2534341
2534342
2534345
2534346
2534347
2534348
2534349
2534350
2534351
2534353
2534354
2534355
2534356
2534357
2534358
2534359
2534361
2534362
2534363
2534364
2534365
2534366
2534367
2534369
2534370
2534371
2534372
2534373
2534374
2534375
2534379
2534380
2534381
2534382
2534383
2534384
2534385
2534386
2534387
2534388
2534390
2534391
2534392
2534393
2534394
2534395
2534396
2534398
2534399
2534400
2534401
2534402
2534403
2534404
2534406
2534407
2534408
2534409
2534410
2534411
2534412
2534414
2534415
2534416
2534417
2534418
2534419
2534420
2534424
2534425
2534426
2534427
2534428
2534429
2534430
2534431
2534432
2534433
2534434
2534435
2534437
2534438
2534439
2534440
2534441
2534442
2534443
2534445
2534446
2534447
2534448
2534449
2534450
2534451
2534453
2534454
2534455
2534456
2534457
2534458
2534459
2534461
2534462
2534463
2534464
2534465
2534466
2534467
2534471
2534472
2534473
2534474
2534475
2534476
2534477
2534478
2534479
2534481
2534482
2534483
2534484
2534485
2534486
2534487
2534489
2534490
2534491
2534492
2534493
2534494
2534495
2534497
2534498
2534499
2534500
2534501
2534502
2534503
2534505
2534506
2534507
2534508
2534509
2534510
2534511
2534513
2534514
2534515
2534516
2534517
2534518
2534519
2534521
2534522
2534523
2534524
2534525
2534526
2534527
2534529
2534530
2534531
2534532
2534533
2534534
2534535
2534537
2534538
2534539
2534540
2534541
2534542
2534543
2534547
2534548
2534549
2534550
2534551
2534552
2534553
2534555
2534556
2534557
2534558
2534559
2534560
2534561
2534563
2534564
2534565
2534566
2534567
2534568
2534569
2534571
2534572
2534573
2534574
2534575
2534576
2534577
2534579
2534580
2534581
2534582
2534583
2534584
2534585
2534589
2534590
2534591
2534592
2534593
2534594
2534595
2534596
2534598
2534600
2534601
2534602
2534603
2534604
2534605
2534606
2534608
2534609
2534610
2534611
2534612
2534613
2534614
2534616
2534617
2534618
2534619
2534620
2534621
2534622
2534624
2534625
2534626
2534627
2534628
2534629
2534630
2534634
2534635
2534636
2534637
2534638
2534639
2534640
2534642
2534643
2534644
2534645
2534646
2534647
2534648
2534650
2534651
2534652
2534653
2534654
2534655
2534656
2534658
2534659
2534660
2534661
2534662
2534663
2534664
2534666
2534667
2534668
2534669
2534670
2534671
2534672
2534688
2534689
2534690
2534691
2534692
2534693
2534694
2534696
2534697
2534698
2534699
2534700
2534701
2534702
2534704
2534705
2534706
2534707
2534708
2534709
2534710
2534712
2534713
2534714
2534715
2534716
2534717
2534718
2534720
2534721
2534722
2534723
2534724
2534725
2534726
2534729
2534730
2534731
2534732
2534733
2534734
2534735
2534737
2534738
2534739
2534740
2534741
2534742
2534743
2534745
2534746
2534747
2534748
2534749
2534750
2534751
2534753
2534754
2534755
2534756
2534757
2534758
2534759
2534777
2534778
2534779
2534780
2534781
2534782
2534789
2534790
2534791
2534792
2534793
2534794
2534795
2534797
2534798
2534799
2534800
2534801
2534802
2534803
2534812
2534813
2534814
2535015
2535016
2535017
2535018
2535019
2535020
2535021
2535023
2535024
2535025
2535026
2535027
2535028
2535029
2535031
2535032
2535033
2535034
2535035
2535036
2535037
2535039
2535040
2535041
2535042
2535043
2535044
2535045
2535060
2535061
2535062
2535063
2535064
2535065
2535066
2535068
2535069
2535070
2535071
2535072
2535073
2535074
2535076
2535077
2535078
2535079
2535080
2535081
2535082
2535088
2535089
2535091
2535092
2535093
2535094
2535095
2535096
2535097
2535099
2535100
2535101
2535102
2535103
2535104
2535105
2535107
2535108
2535109
2535110
2535111
2535112
2535113
2535115
2535116
2535117
2535118
2535119
2535120
2535121
2535125
2535126
2535127
2535128
2535129
2535130
2535131
2535137
2535138
2535139
2535140
2535141
2535142
2535143
2535145
2535146
2535147
2535148
2535149
2535150
2535151
2535153
2535154
2535155
2535156
2535157
2535158
2535159
2535161
2535162
2535163
2535164
2535165
2535166
2535167
2535171
2535172
2535173
2535174
2535175
2535176
2535177
2535178
2535182
2535183
2535184
2535185
2535186
2535187
2535188
2535190
2535191
2535192
2535193
2535194
2535195
2535196
2535198
2535199
2535200
2535201
2535202
2535203
2535204
2535206
2535207
2535208
2535209
2535210
2535211
2535212
2535214
2535215
2535216
2535217
2535218
2535219
2535220
2535222
2535223
2535224
2535225
2535226
2535227
2535228
2535230
2535231
2535232
2535233
2535234
2535235
2535236
2535238
2535239
2535240
2535241
2535242
2535243
2535244
2535248
2535249
2535250
2535251
2535252
2535253
2535259
2535260
2535261
2535262
2535263
2535264
2535265
2535269
2535270
2535271
2535272
2535273
2535274
2535275
2535276
2535277
2535278
2535279
2535291
2535292
2535293
2535294
2535295
2535296
2535297
2535299
2535300
2535301
2535302
2535303
2535304
2535305
2535307
2535308
2535309
2535310
2535311
2535312
2535313
2535317
2535318
2535319
2535321
2535322
2535323
2535324
2535325
2535326
2535327
2535329
2535330
2535331
2535332
2535333
2535334
2535335
2535337
2535338
2535339
2535340
2535341
2535342
2535343
2535345
2535346
2535347
2535348
2535349
2535350
2535351
2535359
2535360
2535361
2535362
2535363
2535364
2535365
2535367
2535368
2535369
2535370
2535371
2535372
2535373
2535375
2535376
2535377
2535378
2535379
2535380
2535381
2535383
2535384
2535385
2535386
2535387
2535388
2535389
2535393
2535394
2535395
2535396
2535397
2535398
2535399
2535401
2535402
2535403
2535404
2535405
2535406
2535407
2535409
2535410
2535411
2535412
2535413
2535414
2535415
2535418
2535419
2535420
2535421
2535422
2535423
2535424
2535426
2535427
2535428
2535429
2535430
2535431
2535432
2535434
2535435
2535436
2535437
2535438
2535439
2535440
2535442
2535443
2535444
2535445
2535446
2535447
2535448
2535450
2535451
2535452
2535453
2535454
2535455
2535456
2535458
2535459
2535460
2535461
2535462
2535464
2535465
2535466
2535467
2535468
2535469
2535470
2535472
2535473
2535474
2535475
2535476
2535477
2535478
2535482
2535483
2535484
2535485
2535486
2535487
2535488
2535489
2535490
2535491
2535492
2535493
2535494
2535495
2535496
2535497
2535498
2535499
2535500
2535501
2535503
2535504
2535506
2535507
2535508
2535509
2535510
2535511
2535512
2535514
2535515
2535516
2535517
2535518
2535519
2535520
2535522
2535523
2535524
2535525
2535526
2535527
2535528
2535532
2535533
2535534
2535535
2535536
2535537
2535539
2535541
2535542
2535543
2535544
2535545
2535546
2535547
2535549
2535550
2535551
2535552
2535553
2535554
2535555
2535557
2535558
2535559
2535560
2535561
2535562
2535563
2535565
2535566
2535567
2535568
2535569
2535570
2535571
2535577
2535578
2535579
2535580
2535581
2535582
2535583
2535585
2535586
2535587
2535588
2535589
2535590
2535591
2535593
2535594
2535595
2535596
2535597
2535598
2535599
2535601
2535602
2535603
2535604
2535605
2535606
2535607
2535609
2535610
2535611
2535612
2535613
2535614
2535615
2535617
2535618
2535619
2535620
2535621
2535622
2535623
2535625
2535626
2535627
2535628
2535629
2535630
2535631
2535633
2535634
2535635
2535636
2535637
2535638
2535639
2535643
2535644
2535645
2535646
2535647
2535648
2535651
2535652
2535653
2535654
2535655
2535656
2535657
2535659
2535660
2535661
2535662
2535663
2535664
2535665
2535667
2535668
2535669
2535670
2535671
2535672
2535673
2535675
2535676
2535677
2535678
2535679
2535680
2535681
2535689
2535690
2535691
2535692
2535693
2535694
2535695
2535697
2535698
2535699
2535700
2535701
2535702
2535703
2535705
2535706
2535707
2535708
2535709
2535710
2535711
2535713
2535714
2535715
2535716
2535717
2535718
2535719
2535724
2535725
2535726
2535727
2535728
2535729
2535730
2535732
2535733
2535734
2535735
2535736
2535737
2535738
2535740
2535741
2535742
2535743
2535744
2535745
2535746
2535748
2535749
2535750
2535751
2535752
2535753
2535754
2535758
2535759
2535760
2535761
2535762
2535763
2535764
2535765
2535766
2535767
2535768
2535769
2535770
2535771
2535772
2535773
2535774
2535775
2535776
2535777
2535778
2535779
2535780
2535781
2535782
2535783
2535784
2535785
2535786
2535787
2535788
2535789
2535791
2535806
2535807
2535808
2535809
2535810
2535811
2535812
2535814
2535815
2535816
2535817
2535818
2535819
2535820
2535822
2535823
2535824
2535825
2535826
2535827
2535828
2535830
2535831
2535832
2535833
2535834
2535835
2535836
2535839
2535840
2535841
2535842
2535843
2535844
2535845
2535847
2535848
2535849
2535850
2535851
2535852
2535853
2535855
2535856
2535857
2535858
2535859
2535860
2535861
2535863
2535864
2535865
2535866
2535867
2535868
2535869
2535956
2535957
2535958
2535966
2535967
2535968
2535969
2535970
2535971
2535972
2535973
2535974
2535975
2536077
2536078
2536079
2536080
2536081
2536082
2536083
2536085
2536086
2536087
2536088
2536089
2536090
2536091
2536093
2536094
2536095
2536096
2536097
2536098
2536099
2536101
2536102
2536103
2536104
2536105
2536106
2536107
2536142
2536143
2536161
2536162
2536176
2536177
2536178
2536179
2536180
2536181
2536182
2536184
2536185
2536186
2536187
2536188
2536189
2536190
2536192
2536193
2536194
2536195
2536196
2536197
2536198
2536200
2536201
2536202
2536203
2536204
2536205
2536206
2536210
2536211
2536218
2536219
2536220
2536221
2536222
2536223
2536224
2536226
2536227
2536228
2536229
2536230
2536231
2536232
2536234
2536235
2536236
2536237
2536238
2536239
2536240
2536242
2536243
2536244
2536245
2536246
2536247
2536248
2536252
2536253
2536254
2536282
2536283
2536284
2536285
2536286
2536287
2536288
2536290
2536291
2536292
2536293
2536294
2536295
2536296
2536298
2536299
2536300
2536301
2536302
2536303
2536304
2536306
2536307
2536308
2536309
2536310
2536311
2536312
2536314
2536315
2536316
2536317
2536318
2536319
2536320
2536331
2536332
2536333
2536384
2536385
2536386
2536387
2536388
2536389
2536390
2536392
2536393
2536394
2536395
2536396
2536397
2536398
2536400
2536401
2536402
2536403
2536404
2536405
2536406
2536408
2536409
2536410
2536411
2536412
2536413
2536414
2536416
2536417
2536418
2536419
2536420
2536421
2536422
2536424
2536425
2536426
2536427
2536428
2536429
2536430
2536432
2536433
2536434
2536435
2536436
2536437
2536438
2536442
2536443
2536444
2536445
2536447
2536448
2536449
2536450
2536451
2536452
2536453
2536455
2536456
2536457
2536458
2536459
2536460
2536461
2536463
2536464
2536465
2536466
2536467
2536468
2536469
2536471
2536472
2536473
2536474
2536475
2536476
2536477
2536484
2536485
2536486
2536487
2536488
2536489
2536490
2536492
2536493
2536494
2536495
2536496
2536497
2536498
2536500
2536501
2536502
2536503
2536504
2536505
2536506
2536508
2536509
2536510
2536511
2536512
2536513
2536514
2536523
2536524
2536525
2536526
2536527
2536528
2536529
2536531
2536532
2536533
2536534
2536535
2536536
2536537
2536539
2536540
2536541
2536542
2536543
2536544
2536545
2536547
2536548
2536549
2536550
2536551
2536552
2536553
2536555
2536556
2536557
2536558
2536559
2536560
2536561
2536563
2536564
2536565
2536566
2536567
2536568
2536569
2536571
2536572
2536573
2536574
2536575
2536576
2536577
2536579
2536580
2536581
2536582
2536583
2536584
2536585
2536593
2536594
2536595
2536596
2536597
2536598
2536599
2536600
2536601
2536602
2536603
2536604
2536605
2536606
2536607
2536608
2536609
2536610
2536611
2536612
2536613
2536614
2536615
2536625
2536626
2536627
2536628
2536629
2536630
2536631
2536632
2536662
2536668
2536669
2536670
2536671
2536672
2536673
2536674
2536676
2536677
2536678
2536679
2536680
2536681
2536682
2536684
2536685
2536686
2536687
2536688
2536689
2536690
2536692
2536693
2536694
2536695
2536696
2536697
2536698
2536733
2536734
2536736
2536737
2536738
2536739
2536740
2536741
2536742
2536744
2536745
2536746
2536747
2536748
2536749
2536750
2536752
2536753
2536754
2536755
2536756
2536757
2536758
2536760
2536761
2536762
2536763
2536764
2536765
2536766
2536780
2536781
2536784
2536785
2536786
2536787
2536788
2536789
2536790
2536792
2536793
2536794
2536795
2536796
2536797
2536798
2536800
2536801
2536802
2536803
2536804
2536805
2536806
2536808
2536809
2536810
2536811
2536812
2536813
2536814
2536822
2536823
2536824
2536825
2536826
2536827
2536828
2536830
2536831
2536832
2536833
2536834
2536835
2536836
2536838
2536839
2536840
2536841
2536842
2536843
2536844
2536848
2536849
2536850
2536851
2536852
2536853
2536854
2536855
2536856
2536857
2536858
2536859
2536860
2536861
2536862
2536863
2536864
2536865
2536866
2536867
2536868
2536869
2536883
2536884
2536885
2536886
2536887
2536888
2536889
2536891
2536892
2536893
2536894
2536895
2536896
2536897
2536899
2536900
2536901
2536902
2536903
2536904
2536905
2536910
2536911
2536912
2536913
2536914
2536915
2536916
2536917
2536918
2536919
2536920
2536921
2536922
2536923
2536924
2536925
2536926
2536927
2536928
2536937
2536938
2536939
2536940
2536941
2536942
2536943
2536944
2536945
2536946
2536947
2536948
2536949
2536951
2536952
2536953
2536954
2536955
2536956
2536957
2536959
2536960
2536961
2536962
2536963
2536964
2536965
2536967
2536968
2536969
2536970
2536971
2536972
2536973
2536975
2536976
2536977
2536978
2536979
2536980
2536981
2536999
2537000
2537004
2537006
2537007
2537008
2537009
2537010
2537011
2537012
2537013
2537014
2537015
2537016
2537017
2537018
2537019
2537021
2537022
2537023
2537024
2537025
2537026
2537027
2537029
2537030
2537031
2537032
2537033
2537034
2537035
2537037
2537038
2537039
2537040
2537041
2537042
2537043
2537045
2537047
2537060
2537061
2537075
2537076
2537077
2537078
2537079
2537080
2537081
2537082
2537083
2537084
2537085
2537180
2537181
2537182
2537183
2537184
2537185
2537186
2537188
2537189
2537190
2537191
2537192
2537193
2537194
2537196
2537197
2537198
2537199
2537200
2537201
2537202
2537226
2537227
2537229
2537230
2537231
2537232
2537233
2537234
2537235
2537237
2537238
2537239
2537240
2537241
2537242
2537243
2537245
2537246
2537247
2537248
2537249
2537250
2537251
2537253
2537254
2537255
2537256
2537257
2537258
2537259
2537271
2537272
2537273
2537274
2537275
2537276
2537277
2537279
2537280
2537281
2537282
2537283
2537284
2537285
2537287
2537288
2537289
2537290
2537291
2537292
2537293
2537295
2537296
2537297
2537298
2537299
2537300
2537301
2537305
2537306
2537307
2537308
2537309
2537310
2537311
2537312
2537313
2537314
2537315
2537316
2537317
2537318
2537319
2537320
2537321
2537322
2537323
2537324
2537325
2537326
2537327
2537328
2537329
2537332
2537333
2537334
2537335
2537336
2537337
2537338
2537340
2537341
2537342
2537343
2537344
2537345
2537346
2537348
2537349
2537350
2537351
2537352
2537353
2537354
2537356
2537357
2537358
2537359
2537360
2537361
2537362
2537366
2537367
2537368
2537369
2537370
2537371
2537372
2537374
2537375
2537376
2537377
2537378
2537379
2537380
2537382
2537383
2537384
2537385
2537386
2537387
2537388
2537390
2537391
2537392
2537393
2537394
2537395
2537396
2537429
2537430
2537431
2537432
2537433
2537434
2537435
2537436
2537437
2537438
2537439
2537440
2537441
2537442
2537443
2537444
2537445
2537446
2537447
2537448
2537449
2537450
2537451
2537452
2537453
2537454
2537455
2537456
2537458
2537459
2537460
2537461
2537462
2537463
2537464
2537466
2537467
2537468
2537469
2537470
2537471
2537472
2537474
2537475
2537476
2537477
2537478
2537479
2537480
2537482
2537483
2537484
2537485
2537486
2537487
2537488
2537510
2537511
2537520
2537521
2537522
2537523
2537524
2537525
2537526
2537527
2537528
2537529
2537535
2537536
2537537
2537538
2537539
2537540
2537541
2537582
2537583
2537601
2537602
2537603
2537604
2537605
2537606
2537607
2537609
2537610
2537611
2537612
2537613
2537614
2537615
2537617
2537618
2537619
2537620
2537621
2537622
2537623
2537625
2537626
2537627
2537628
2537629
2537630
2537631
2537640
2537641
2537645
2537646
2537647
2537649
2537650
2537651
2537652
2537653
2537654
2537655
2537656
2537658
2537659
2537660
2537661
2537662
2537663
2537664
2537666
2537667
2537668
2537669
2537670
2537671
2537672
2537674
2537675
2537676
2537677
2537678
2537679
2537680
2537682
2537683
2537684
2537685
2537686
2537687
2537688
2537707
2537708
2537709
2537710
2537711
2537712
2537713
2537715
2537716
2537717
2537718
2537719
2537720
2537721
2537723
2537724
2537725
2537726
2537727
2537728
2537729
2537731
2537732
2537733
2537734
2537735
2537736
2537737
2537746
2537747
2537748
2537749
2537750
2537751
2537752
2537754
2537755
2537756
2537757
2537758
2537759
2537760
2537762
2537763
2537764
2537765
2537766
2537767
2537768
2537770
2537771
2537772
2537773
2537774
2537775
2537776
2537783
2537784
2537785
2537786
2537787
2537788
2537789
2537791
2537792
2537793
2537794
2537795
2537796
2537797
2537799
2537800
2537801
2537802
2537803
2537804
2537805
2537807
2537808
2537809
2537810
2537811
2537812
2537813
2537823
2537824
2537825
2537826
2537827
2537828
2537829
2537830
2537831
2537832
2537833
2537834
2537835
2537836
2537837
2537838
2537839
2537840
2537841
2537842
2537843
2537844
2537845
2537846
2537847
2537848
2537849
2537850
2537851
2537852
2537853
2537854
2537856
2537857
2537861
2537862
2537863
2537864
2537865
2537866
2537867
2537869
2537870
2537871
2537872
2537873
2537874
2537875
2537877
2537878
2537879
2537880
2537881
2537882
2537883
2537885
2537886
2537887
2537888
2537889
2537890
2537891
2537893
2537894
2537895
2537896
2537897
2537898
2537899
2537901
2537902
2537903
2537904
2537905
2537906
2537907
2537909
2537910
2537911
2537912
2537913
2537914
2537915
2537924
2537925
2537926
2537927
2537928
2537929
2537930
2537931
2537932
2537933
2537934
2537935
2537936
2537937
2537938
2537939
2537940
2537941
2537942
2537943
2537944
2537945
2537946
2537947
2537948
2537949
2537950
2537951
2537952
2537992
2537993
2537994
2537995
2537996
2537997
2537998
2538000
2538001
2538002
2538003
2538004
2538005
2538006
2538008
2538009
2538010
2538011
2538012
2538013
2538014
2538016
2538017
2538018
2538019
2538020
2538021
2538022
2538026
2538027
2538028
2538029
2538030
2538031
2538032
2538033
2538034
2538037
2538038
2538039
2538040
2538041
2538042
2538043
2538045
2538046
2538047
2538048
2538049
2538050
2538051
2538053
2538054
2538055
2538056
2538057
2538058
2538059
2538061
2538062
2538063
2538064
2538065
2538066
2538067
2538069
2538070
2538071
2538072
2538073
2538074
2538075
2538077
2538078
2538079
2538080
2538081
2538082
2538083
2538085
2538086
2538087
2538088
2538089
2538090
2538091
2538093
2538094
2538095
2538096
2538097
2538098
2538099
2538107
2538108
2538109
2538110
2538111
2538112
2538113
2538115
2538116
2538117
2538118
2538119
2538120
2538121
2538123
2538124
2538125
2538126
2538127
2538128
2538129
2538147
2538148
2538149
2538150
2538151
2538152
2538153
2538154
2538155
2538156
2538157
2538158
2538159
2538160
2538161
2538162
2538163
2538164
2538165
2538166
2538167
2538168
2538169
2538170
2538171
2538172
2538173
2538174
2538175
2538176
2538177
2538178
2538180
2538181
2538182
2538183
2538184
2538185
2538186
2538187
2538188
2538189
2538190
2538191
2538192
2538194
2538195
2538196
2538197
2538198
2538199
2538200
2538202
2538203
2538204
2538205
2538206
2538207
2538208
2538210
2538211
2538212
2538213
2538214
2538215
2538216
2538220
2538221
2538222
2538223
2538224
2538225
2538226
2538227
2538228
2538229
2538230
2538231
2538232
2538233
2538237
2538238
2538239
2538240
2538241
2538242
2538244
2538261
2538263
2538264
2538265
2538266
2538267
2538268
2538269
2538270
2538271
2538272
2538273
2538274
2538275
2538276
2538312
2538313
2538314
2538315
2538316
2538317
2538318
2538319
2538412
2538413
2538414
2538415
2538416
2538417
2538418
2538420
2538421
2538422
2538423
2538424
2538425
2538426
2538428
2538429
2538430
2538431
2538432
2538433
2538434
2538436
2538437
2538438
2538439
2538440
2538441
2538442
2538444
2538445
2538446
2538447
2538448
2538449
2538450
2538452
2538453
2538454
2538455
2538456
2538457
2538458
2538460
2538461
2538462
2538463
2538464
2538465
2538466
2538468
2538469
2538470
2538471
2538472
2538473
2538474
2538478
2538479
2538480
2538481
2538482
2538483
2538484
2538485
2538486
2538487
2538488
2538489
2538490
2538491
2538492
2538493
2538494
2538495
2538499
2538500
2538501
2538502
2538503
2538504
2538505
2538507
2538508
2538509
2538510
2538511
2538512
2538513
2538515
2538516
2538517
2538518
2538519
2538520
2538521
2538528
2538529
2538530
2538531
2538532
2538533
2538534
2538536
2538537
2538538
2538539
2538540
2538541
2538542
2538544
2538545
2538546
2538547
2538548
2538549
2538550
2538552
2538553
2538554
2538555
2538556
2538557
2538558
2538560
2538561
2538562
2538563
2538564
2538565
2538566
2538568
2538569
2538570
2538571
2538572
2538573
2538574
2538576
2538577
2538578
2538579
2538580
2538581
2538582
2538586
2538587
2538588
2538589
2538590
2538591
2538592
2538593
2538594
2538595
2538596
2538597
2538598
2538599
2538600
2538601
2538602
2538603
2538604
2538605
2538606
2538607
2538608
2538609
2538610
2538611
2538612
2538613
2538614
2538615
2538616
2538617
2538619
2538620
2538621
2538622
2538623
2538624
2538634
2538635
2538636
2538637
2538638
2538639
2538640
2538659
2538660
2538661
2538662
2538663
2538664
2538665
2538667
2538668
2538669
2538670
2538671
2538672
2538673
2538675
2538676
2538677
2538678
2538679
2538680
2538681
2538683
2538684
2538685
2538686
2538687
2538688
2538689
2538691
2538692
2538693
2538694
2538695
2538696
2538697
2538699
2538700
2538701
2538702
2538703
2538704
2538705
2538707
2538708
2538709
2538710
2538711
2538712
2538713
2538715
2538716
2538717
2538718
2538719
2538720
2538721
2538728
2538729
2538730
2538731
2538732
2538733
2538734
2538735
2538736
2538737
2538738
2538739
2538740
2538741
2538742
2538743
2538744
2538745
2538746
2538747
2538748
2538749
2538750
2538752
2538753
2538754
2538755
2538756
2538757
2538758
2538760
2538761
2538762
2538763
2538764
2538765
2538766
2538768
2538769
2538770
2538771
2538772
2538773
2538774
2538776
2538777
2538778
2538779
2538780
2538781
2538782
2538784
2538785
2538786
2538787
2538788
2538789
2538790
2538792
2538793
2538794
2538795
2538796
2538797
2538798
2538800
2538801
2538802
2538803
2538804
2538805
2538806
2538808
2538809
2538810
2538811
2538812
2538813
2538814
2538816
2538817
2538818
2538819
2538820
2538821
2538822
2538824
2538825
2538826
2538827
2538828
2538829
2538830
2538832
2538833
2538834
2538835
2538836
2538837
2538838
2538840
2538841
2538842
2538843
2538844
2538845
2538846
2538853
2538854
2538855
2538856
2538857
2538858
2538859
2538861
2538862
2538863
2538864
2538865
2538866
2538867
2538869
2538870
2538871
2538872
2538873
2538874
2538875
2538877
2538878
2538879
2538880
2538881
2538882
2538883
2538898
2538899
2538900
2538901
2538902
2538903
2538904
2538906
2538907
2538908
2538909
2538910
2538911
2538912
2538914
2538915
2538916
2538917
2538918
2538919
2538920
2538922
2538923
2538924
2538925
2538926
2538927
2538928
2538932
2538933
2538934
2538935
2538936
2538937
2538938
2538939
2538940
2538941
2538942
2538943
2538944
2538945
2538946
2538947
2538948
2538949
2538950
2538951
2538952
2538953
2538954
2538955
2538956
2538957
2538958
2538959
2538960
2538961
2538962
2538963
2538965
2538966
2538967
2538968
2538969
2538970
2538971
2538972
2538973
2538974
2538975
2538976
2538977
2538978
2538979
2538980
2538981
2538982
2538983
2538984
2538985
2538986
2538987
2538988
2538989
2538990
2538991
2538992
2538993
2538994
2538995
2538996
2538998
2538999
2539000
2539001
2539002
2539003
2539004
2539005
2539006
2539007
2539008
2539009
2539010
2539011
2539016
2539017
2539018
2539019
2539069
2539070
2539071
2539072
2539073
2539074
2539075
2539084
2539152
2539153
2539154
2539155
2539156
2539157
2539158
2539160
2539161
2539162
2539163
2539164
2539165
2539166
2539168
2539169
2539170
2539171
2539172
2539173
2539174
2539176
2539177
2539178
2539179
2539180
2539181
2539182
2539184
2539185
2539186
2539187
2539188
2539189
2539190
2539192
2539193
2539194
2539195
2539196
2539197
2539198
2539202
2539203
2539207
2539209
2539210
2539211
2539212
2539213
2539214
2539215
2539216
2539217
2539218
2539219
2539220
2539221
2539222
2539223
2539230
2539231
2539232
2539233
2539234
2539235
2539237
2539238
2539239
2539240
2539241
2539242
2539243
2539245
2539246
2539247
2539248
2539249
2539250
2539251
2539253
2539254
2539255
2539256
2539257
2539258
2539259
2539261
2539262
2539263
2539264
2539265
2539266
2539267
2539278
2539279
2539280
2539281
2539282
2539283
2539284
2539286
2539287
2539288
2539289
2539290
2539291
2539292
2539294
2539295
2539296
2539297
2539298
2539299
2539300
2539304
2539305
2539306
2539307
2539308
2539309
2539310
2539311
2539312
2539313
2539314
2539315
2539316
2539317
2539318
2539319
2539320
2539321
2539324
2539325
2539326
2539327
2539328
2539329
2539330
2539332
2539333
2539334
2539335
2539336
2539337
2539338
2539340
2539341
2539342
2539343
2539344
2539345
2539346
2539348
2539349
2539350
2539351
2539352
2539353
2539354
2539362
2539363
2539364
2539365
2539366
2539367
2539368
2539370
2539371
2539372
2539373
2539374
2539375
2539376
2539378
2539379
2539380
2539381
2539382
2539383
2539384
2539386
2539387
2539388
2539389
2539390
2539391
2539392
2539395
2539399
2539400
2539438
2539544
2539545
2539546
2539547
2539548
2539549
2539550
2539552
2539553
2539554
2539555
2539556
2539557
2539558
2539560
2539561
2539562
2539563
2539564
2539565
2539566
2539568
2539569
2539570
2539571
2539572
2539573
2539574
2539592
2539593
2539594
2539595
2539596
2539597
2539598
2539600
2539601
2539602
2539603
2539604
2539605
2539606
2539608
2539609
2539610
2539611
2539612
2539613
2539614
2539616
2539617
2539618
2539619
2539620
2539621
2539622
2539626
2539627
2539628
2539629
2539630
2539631
2539632
2539633
2539635
2539636
2539637
2539638
2539639
2539640
2539641
2539642
2539644
2539645
2539646
2539647
2539648
2539649
2539650
2539651
2539662
2539663
2539664
2539665
2539666
2539667
2539668
2539669
2539670
2539671
2539672
2539673
2539674
2539675
2539676
2539677
2539678
2539679
2539720
2539721
2539722
2539723
2539724
2539725
2539726
2539727
2539733
2539734
2539735
2539736
2539737
2539738
2539739
2539740
2539741
2539742
2539743
2539744
2539745
2539747
2539748
2539749
2539750
2539751
2539752
2539753
2539754
2539756
2539757
2539758
2539759
2539760
2539761
2539762
2539763
2539765
2539766
2539767
2539768
2539769
2539770
2539771
2539772
2539774
2539775
2539776
2539777
2539778
2539779
2539780
2539781
2539807
2539808
2539809
2539810
2539811
2539817
2539818
2539819
2539820
2539821
2539822
2539823
2539824
2539826
2539827
2539828
2539829
2539830
2539831
2539832
2539833
2539835
2539836
2539837
2539838
2539839
2539840
2539841
2539842
2539844
2539845
2539846
2539847
2539848
2539849
2539850
2539851
2539857
2539858
2539859
2539860
2539861
2539862
2539863
2539865
2539866
2539867
2539868
2539869
2539870
2539871
2539873
2539874
2539875
2539876
2539877
2539878
2539879
2539881
2539882
2539883
2539884
2539885
2539886
2539887
2539889
2539890
2539891
2539892
2539893
2539894
2539895
2539897
2539898
2539899
2539900
2539901
2539902
2539903
2539905
2539906
2539907
2539908
2539909
2539910
2539911
2539917
2539918
2539919
2539920
2539921
2539922
2539923
2539925
2539926
2539927
2539928
2539929
2539930
2539931
2539933
2539934
2539935
2539936
2539937
2539938
2539939
2539941
2539942
2539943
2539944
2539945
2539946
2539947
2539949
2539950
2539951
2539952
2539953
2539954
2539955
2539957
2539958
2539959
2539960
2539961
2539962
2539963
2539965
2539966
2539967
2539968
2539969
2539970
2539971
2539973
2539974
2539975
2539976
2539977
2539978
2539979
2539984
2539985
2539986
2539987
2539988
2539989
2539990
2539991
2539992
2539993
2539994
2539995
2539996
2539997
2539998
2539999
2540000
2540001
2540002
2540003
2540004
2540005
2540006
2540007
2540008
2540009
2540010
2540024
2540025
2540026
2540027
2540028
2540029
2540030
2540032
2540033
2540034
2540035
2540036
2540037
2540038
2540040
2540041
2540042
2540043
2540044
2540045
2540046
2540048
2540049
2540050
2540051
2540052
2540053
2540054
2540058
2540059
2540060
2540061
2540062
2540063
2540064
2540065
2540066
2540067
2540068
2540112
2540113
2540114
2540115
2540116
2540117
2540118
2540120
2540121
2540122
2540123
2540124
2540125
2540126
2540128
2540129
2540130
2540131
2540132
2540133
2540134
2540136
2540137
2540138
2540139
2540140
2540141
2540142
2540153
2540154
2540155
2540156
2540157
2540158
2540159
2540160
2540161
2540162
2540163
2540164
2540194
2540195
2540196
2540197
2540198
2540199
2540200
2540227
2540228
2540229
2540230
2540231
2540232
2540233
2540235
2540236
2540237
2540238
2540239
2540240
2540241
2540243
2540244
2540245
2540246
2540247
2540248
2540249
2540251
2540252
2540253
2540254
2540255
2540256
2540257
2540267
2540268
2540269
2540270
2540271
2540272
2540273
2540275
2540276
2540277
2540278
2540279
2540280
2540281
2540283
2540284
2540285
2540286
2540287
2540288
2540289
2540291
2540292
2540293
2540294
2540295
2540296
2540297
2540301
2540302
2540303
2540304
2540305
2540306
2540307
2540308
2540309
2540310
2540311
2540312
2540313
2540314
2540315
2540316
2540317
2540318
2540319
2540320
2540321
2540322
2540323
2540324
2540325
2540326
2540327
2540328
2540329
2540330
2540331
2540333
2540334
2540335
2540336
2540337
2540338
2540339
2540341
2540342
2540343
2540344
2540345
2540346
2540347
2540349
2540350
2540351
2540352
2540353
2540354
2540355
2540357
2540358
2540359
2540360
2540361
2540362
2540363
2540367
2540368
2540369
2540370
2540371
2540372
2540373
2540374
2540375
2540376
2540378
2540379
2540380
2540381
2540382
2540383
2540384
2540386
2540387
2540388
2540389
2540390
2540391
2540392
2540394
2540395
2540396
2540397
2540398
2540399
2540400
2540402
2540403
2540404
2540405
2540406
2540407
2540408
2540410
2540411
2540412
2540413
2540414
2540415
2540416
2540418
2540419
2540420
2540421
2540422
2540423
2540424
2540426
2540427
2540428
2540429
2540430
2540431
2540432
2540434
2540435
2540436
2540437
2540438
2540439
2540440
2540452
2540453
2540454
2540455
2540456
2540457
2540458
2540460
2540461
2540462
2540463
2540464
2540465
2540466
2540468
2540469
2540470
2540471
2540472
2540473
2540474
2540476
2540477
2540478
2540479
2540480
2540481
2540482
2540487
2540488
2540506
2540507
2540508
2540509
2540510
2540511
2540512
2540514
2540515
2540516
2540517
2540518
2540519
2540520
2540522
2540523
2540524
2540525
2540526
2540527
2540528
2540530
2540531
2540532
2540533
2540534
2540535
2540536
2540563
2540564
2540565
2540566
2540567
2540568
2540569
2540570
2540571
2540572
2540573
2540574
2540575
2540576
2540620
2540621
2540622
2540623
2540624
2540625
2540626
2540627
2540722
2540723
2540724
2540725
2540726
2540727
2540728
2540730
2540731
2540732
2540733
2540734
2540735
2540736
2540738
2540739
2540740
2540741
2540742
2540743
2540744
2540746
2540747
2540748
2540749
2540750
2540751
2540752
2540754
2540755
2540756
2540757
2540758
2540759
2540760
2540762
2540763
2540764
2540765
2540766
2540767
2540768
2540770
2540771
2540772
2540773
2540774
2540775
2540776
2540778
2540779
2540780
2540781
2540782
2540783
2540784
2540792
2540793
2540794
2540795
2540796
2540797
2540798
2540816
2540817
2540818
2540819
2540820
2540821
2540822
2540824
2540825
2540826
2540827
2540828
2540829
2540830
2540832
2540833
2540834
2540835
2540836
2540837
2540838
2540840
2540841
2540842
2540843
2540844
2540845
2540846
2540852
2540853
2540854
2540855
2540856
2540857
2540858
2540860
2540861
2540862
2540863
2540864
2540865
2540866
2540868
2540869
2540870
2540871
2540872
2540873
2540874
2540876
2540877
2540878
2540879
2540880
2540881
2540882
2540886
2540887
2540888
2540889
2540890
2540891
2540892
2540893
2540894
2540895
2540896
2540897
2540898
2540899
2540900
2540901
2540902
2540906
2540907
2540908
2540909
2540910
2540911
2540912
2540914
2540915
2540916
2540917
2540918
2540919
2540920
2540922
2540923
2540924
2540925
2540926
2540927
2540928
2540935
2540936
2540937
2540938
2540939
2540940
2540941
2540943
2540944
2540945
2540946
2540947
2540948
2540949
2540951
2540952
2540953
2540954
2540955
2540956
2540957
2540959
2540960
2540961
2540962
2540963
2540964
2540965
2540969
2540970
2540971
2540972
2540973
2540974
2540975
2540976
2540977
2540978
2540979
2540980
2540981
2540983
2540984
2540985
2540986
2540987
2540988
2540989
2540991
2540992
2540993
2540994
2540995
2540996
2540997
2540999
2541000
2541001
2541002
2541003
2541004
2541005
2541010
2541011
2541012
2541013
2541014
2541015
2541016
2541017
2541018
2541019
2541020
2541026
2541027
2541028
2541029
2541030
2541031
2541032
2541034
2541035
2541036
2541037
2541038
2541039
2541040
2541042
2541043
2541044
2541045
2541046
2541047
2541048
2541050
2541051
2541052
2541053
2541054
2541055
2541056
2541100
2541101
2541102
2541103
2541104
2541105
2541106
2541108
2541109
2541110
2541111
2541112
2541113
2541114
2541116
2541117
2541118
2541119
2541120
2541121
2541122
2541124
2541125
2541126
2541127
2541128
2541129
2541132
2541133
2541134
2541135
2541136
2541137
2541138
2541139
2541140
2541141
2541142
2541143
2541144
2541145
2541146
2541147
2541148
2541149
2541150
2541151
2541152
2541153
2541154
2541155
2541156
2541157
2541158
2541159
2541168
2541169
2541170
2541171
2541172
2541173
2541174
2541175
2541176
2541177
2541178
2541179
2541180
2541182
2541183
2541184
2541185
2541186
2541187
2541188
2541190
2541191
2541192
2541193
2541194
2541195
2541196
2541198
2541199
2541200
2541201
2541202
2541203
2541204
2541206
2541207
2541208
2541209
2541210
2541211
2541212
2541220
2541221
2541222
2541223
2541224
2541225
2541226
2541228
2541229
2541230
2541231
2541232
2541233
2541234
2541236
2541237
2541238
2541239
2541240
2541241
2541242
2541246
2541247
2541249
2541250
2541251
2541252
2541253
2541254
2541255
2541257
2541258
2541259
2541260
2541261
2541262
2541263
2541265
2541266
2541267
2541268
2541269
2541270
2541271
2541273
2541274
2541275
2541276
2541277
2541278
2541279
2541283
2541284
2541285
2541286
2541287
2541288
2541289
2541290
2541291
2541293
2541294
2541295
2541296
2541297
2541298
2541299
2541301
2541302
2541303
2541304
2541305
2541306
2541307
2541309
2541310
2541311
2541312
2541313
2541314
2541315
2541317
2541318
2541319
2541320
2541321
2541322
2541323
2541329
2541330
2541331
2541332
2541333
2541334
2541335
2541337
2541338
2541339
2541340
2541341
2541342
2541343
2541345
2541346
2541347
2541348
2541349
2541350
2541351
2541353
2541354
2541355
2541356
2541357
2541358
2541359
2541361
2541362
2541363
2541364
2541365
2541366
2541367
2541370
2541372
2541376
2541377
2541378
2541379
2541380
2541381
2541382
2541383
2541384
2541386
2541387
2541388
2541389
2541390
2541391
2541392
2541394
2541395
2541396
2541397
2541398
2541399
2541400
2541402
2541403
2541404
2541405
2541406
2541407
2541408
2541410
2541411
2541412
2541413
2541414
2541415
2541416
2541420
2541421
2541433
2541434
2541435
2541436
2541437
2541438
2541439
2541441
2541442
2541443
2541444
2541445
2541446
2541447
2541449
2541450
2541451
2541452
2541453
2541454
2541455
2541457
2541458
2541459
2541460
2541461
2541462
2541463
2541467
2541468
2541469
2541470
2541471
2541472
2541473
2541475
2541476
2541477
2541478
2541479
2541480
2541481
2541483
2541484
2541485
2541486
2541487
2541488
2541489
2541493
2541494
2541495
2541496
2541497
2541498
2541499
2541501
2541502
2541503
2541504
2541505
2541506
2541507
2541509
2541510
2541511
2541512
2541513
2541514
2541515
2541519
2541520
2541521
2541522
2541523
2541524
2541525
2541526
2541527
2541528
2541529
2541530
2541531
2541532
2541533
2541534
2541535
2541536
2541538
2541539
2541540
2541541
2541542
2541543
2541544
2541545
2541546
2541547
2541548
2541549
2541550
2541551
2541552
2541553
2541556
2541557
2541558
2541559
2541560
2541561
2541562
2541564
2541565
2541566
2541567
2541568
2541569
2541570
2541572
2541573
2541574
2541575
2541576
2541577
2541578
2541580
2541581
2541582
2541583
2541584
2541585
2541586
2541587
2541588
2541589
2541590
2541591
2541592
2541593
2541595
2541596
2541597
2541598
2541599
2541600
2541601
2541603
2541604
2541605
2541606
2541607
2541608
2541609
2541611
2541612
2541613
2541614
2541615
2541616
2541617
2541622
2541623
2541624
2541625
2541626
2541627
2541628
2541630
2541631
2541632
2541633
2541634
2541635
2541637
2541641
2541642
2541643
2541644
2541645
2541646
2541647
2541648
2541649
2541650
2541651
2541652
2541653
2541654
2541655
2541656
2541657
2541658
2541659
2541660
2541661
2541662
2541663
2541664
2541665
2541666
2541667
2541668
2541669
2541670
2541671
2541672
2541674
2541675
2541679
2541680
2541681
2541682
2541684
2541699
2541700
2541715
2541716
2541717
2541718
2541728
2541729
2541730
2541731
2541800
2541801
2541802
2541803
2541804
2541805
2541806
2541808
2541809
2541810
2541811
2541812
2541813
2541814
2541816
2541817
2541818
2541819
2541820
2541821
2541822
2541824
2541825
2541826
2541827
2541828
2541829
2541830
2541840
2541841
2541843
2541844
2541845
2541846
2541847
2541848
2541849
2541851
2541852
2541853
2541854
2541855
2541856
2541857
2541859
2541860
2541861
2541862
2541863
2541864
2541865
2541867
2541868
2541869
2541870
2541871
2541872
2541873
2541877
2541878
2541879
2541880
2541881
2541882
2541883
2541884
2541886
2541887
2541888
2541889
2541890
2541891
2541892
2541894
2541895
2541896
2541897
2541898
2541899
2541900
2541902
2541903
2541904
2541905
2541906
2541907
2541908
2541910
2541911
2541912
2541913
2541914
2541915
2541916
2541927
2541928
2541929
2541930
2541931
2541932
2541933
2541934
2541936
2541937
2541938
2541939
2541940
2541941
2541942
2541944
2541945
2541946
2541947
2541948
2541949
2541950
2541952
2541953
2541954
2541955
2541956
2541957
2541958
2541960
2541961
2541962
2541963
2541964
2541965
2541966
2541970
2541971
2541972
2541973
2541974
2541975
2541976
2541977
2541978
2541979
2541983
2541985
2541986
2541987
2541988
2541989
2541990
2541991
2541992
2541994
2541995
2541996
2541997
2541998
2541999
2542000
2542002
2542003
2542004
2542005
2542006
2542007
2542008
2542010
2542011
2542012
2542013
2542014
2542015
2542016
2542020
2542021
2542022
2542023
2542024
2542025
2542026
2542028
2542029
2542030
2542031
2542032
2542033
2542034
2542036
2542037
2542038
2542039
2542040
2542041
2542042
2542046
2542047
2542048
2542049
2542050
2542051
2542052
2542053
2542054
2542055
2542056
2542057
2542058
2542059
2542060
2542061
2542062
2542063
2542064
2542069
2542070
2542071
2542072
2542073
2542074
2542075
2542082
2542083
2542084
2542085
2542086
2542087
2542088
2542090
2542091
2542092
2542093
2542094
2542095
2542096
2542098
2542099
2542100
2542101
2542102
2542103
2542104
2542106
2542107
2542108
2542109
2542110
2542111
2542112
2542115
2542116
2542117
2542118
2542119
2542120
2542121
2542123
2542124
2542125
2542126
2542127
2542128
2542129
2542131
2542132
2542133
2542134
2542135
2542136
2542137
2542141
2542142
2542143
2542144
2542145
2542146
2542147
2542148
2542149
2542150
2542151
2542152
2542153
2542154
2542155
2542156
2542157
2542158
2542159
2542160
2542164
2542165
2542166
2542167
2542168
2542169
2542170
2542172
2542173
2542174
2542175
2542176
2542177
2542178
2542180
2542181
2542182
2542183
2542184
2542185
2542186
2542188
2542189
2542190
2542191
2542192
2542193
2542194
2542196
2542197
2542198
2542199
2542200
2542201
2542202
2542204
2542205
2542206
2542207
2542208
2542209
2542210
2542212
2542213
2542214
2542215
2542216
2542217
2542218
2542222
2542223
2542224
2542225
2542226
2542227
2542228
2542230
2542231
2542232
2542233
2542234
2542235
2542236
2542238
2542239
2542240
2542241
2542242
2542243
2542244
2542246
2542247
2542248
2542249
2542250
2542251
2542252
2542254
2542255
2542256
2542257
2542258
2542259
2542260
2542266
2542267
2542268
2542269
2542270
2542271
2542272
2542273
2542274
2542275
2542276
2542277
2542278
2542279
2542280
2542281
2542282
2542283
2542284
2542285
2542286
2542287
2542288
2542289
2542290
2542291
2542297
2542298
2542299
2542300
2542301
2542302
2542303
2542305
2542306
2542307
2542308
2542309
2542310
2542311
2542313
2542314
2542315
2542316
2542317
2542318
2542319
2542321
2542322
2542323
2542324
2542325
2542326
2542327
2542331
2542332
2542335
2542336
2542337
2542338
2542339
2542340
2542341
2542343
2542344
2542345
2542346
2542347
2542348
2542349
2542351
2542352
2542353
2542354
2542355
2542356
2542357
2542359
2542360
2542361
2542362
2542363
2542364
2542365
2542371
2542372
2542373
2542374
2542375
2542376
2542377
2542506
2542507
2542508
2542509
2542510
2542511
2542512
2542513
2542583
2542584
2542585
2542586
2542587
2542588
2542589
2542591
2542592
2542593
2542594
2542595
2542596
2542597
2542599
2542600
2542601
2542602
2542603
2542604
2542605
2542607
2542608
2542609
2542610
2542611
2542612
2542613
2542615
2542616
2542617
2542618
2542619
2542620
2542621
2542661
2542662
2542663
2542664
2542665
2542666
2542667
2542669
2542670
2542671
2542672
2542673
2542674
2542675
2542677
2542678
2542679
2542680
2542681
2542682
2542683
2542685
2542686
2542687
2542688
2542689
2542690
2542691
2542696
2542697
2542698
2542699
2542700
2542701
2542702
2542703
2542704
2542705
2542706
2542707
2542708
2542709
2542710
2542711
2542712
2542713
2542714
2542715
2542716
2542717
2542718
2542719
2542720
2542721
2542722
2542723
2542743
2542804
2542805
2542806
2542807
2542808
2542809
2542810
2542811
2542812
2542813
2542814
2542815
2542816
2542817
2542818
2542819
2542878
2542879
2542931
2542932
2542933
2542934
2542935
2542936
2542937
2542939
2542940
2542941
2542942
2542943
2542944
2542945
2542947
2542948
2542949
2542950
2542951
2542952
2542953
2542957
2542958
2542964
2542965
2542966
2542967
2542968
2542969
2542970
2542972
2542973
2542974
2542975
2542976
2542977
2542978
2542980
2542981
2542982
2542983
2542984
2542985
2542986
2542988
2542989
2542990
2542991
2542992
2542993
2542994
2542996
2542997
2542998
2542999
2543000
2543001
2543002
2543004
2543005
2543006
2543007
2543008
2543009
2543010
2543012
2543013
2543014
2543015
2543016
2543017
2543018
2543020
2543021
2543022
2543023
2543024
2543025
2543026
2543028
2543029
2543030
2543031
2543032
2543033
2543034
2543036
2543037
2543038
2543039
2543040
2543041
2543042
2543044
2543045
2543046
2543047
2543048
2543049
2543050
2543060
2543061
2543062
2543063
2543064
2543065
2543066
2543067
2543068
2543069
2543070
2543071
2543072
2543073
2543074
2543075
2543076
2543077
2543078
2543079
2543080
2543081
2543082
2543083
2543084
2543085
2543086
2543087
2543088
2543089
2543090
2543091
2543093
2543094
2543095
2543096
2543097
2543098
2543099
2543100
2543108
2543109
2543110
2543111
2543112
2543113
2543114
2543115
2543116
2543125
2543183
2543184
2543185
2543186
2543187
2543188
2543189
2543191
2543192
2543193
2543194
2543195
2543196
2543197
2543199
2543200
2543201
2543202
2543203
2543204
2543205
2543207
2543208
2543209
2543210
2543211
2543212
2543213
2543218
2543219
2543220
2543221
2543222
2543223
2543224
2543226
2543227
2543228
2543229
2543230
2543231
2543232
2543234
2543235
2543236
2543237
2543238
2543239
2543240
2543242
2543243
2543244
2543245
2543246
2543247
2543248
2543250
2543251
2543252
2543253
2543254
2543255
2543256
2543258
2543259
2543260
2543261
2543262
2543263
2543264
2543266
2543267
2543268
2543269
2543270
2543271
2543272
2543277
2543278
2543279
2543280
2543281
2543282
2543283
2543285
2543286
2543287
2543288
2543289
2543290
2543291
2543293
2543294
2543295
2543296
2543297
2543298
2543299
2543303
2543304
2543305
2543306
2543307
2543308
2543309
2543310
2543311
2543312
2543313
2543314
2543315
2543316
2543317
2543318
2543319
2543320
2543321
2543322
2543323
2543324
2543325
2543326
2543327
2543328
2543329
2543330
2543331
2543332
2543333
2543334
2543336
2543337
2543339
2543340
2543341
2543342
2543343
2543344
2543345
2543347
2543348
2543349
2543350
2543351
2543352
2543353
2543355
2543356
2543357
2543358
2543359
2543360
2543361
2543363
2543364
2543365
2543366
2543367
2543368
2543369
2543373
2543374
2543375
2543376
2543377
2543378
2543379
2543380
2543381
2543382
2543383
2543384
2543385
2543386
2543387
2543554
2543555
2543556
2543557
2543558
2543559
2543560
2543562
2543563
2543564
2543565
2543566
2543567
2543568
2543600
2543601
2543602
2543603
2543604
2543605
2543606
2543608
2543609
2543610
2543611
2543612
2543613
2543614
2543616
2543617
2543618
2543619
2543620
2543621
2543622
2543624
2543625
2543626
2543627
2543628
2543629
2543630
2543632
2543633
2543634
2543635
2543636
2543637
2543638
2543640
2543641
2543642
2543643
2543644
2543645
2543646
2543648
2543649
2543650
2543651
2543652
2543653
2543654
2543656
2543657
2543658
2543659
2543660
2543661
2543662
2543666
2543667
2543668
2543669
2543670
2543671
2543672
2543674
2543675
2543676
2543677
2543678
2543679
2543680
2543682
2543683
2543684
2543685
2543686
2543687
2543688
2543695
2543696
2543697
2543698
2543699
2543700
2543701
2543703
2543704
2543705
2543706
2543707
2543708
2543709
2543711
2543712
2543713
2543714
2543715
2543716
2543717
2543739
2543740
2543741
2543742
2543743
2543744
2543745
2543747
2543748
2543749
2543750
2543751
2543752
2543753
2543755
2543756
2543757
2543758
2543759
2543760
2543761
2543763
2543764
2543765
2543766
2543767
2543768
2543769
2543773
2543774
2543775
2543776
2543777
2543778
2543779
2543780
2543781
2543782
2543783
2543784
2543785
2543786
2543787
2543788
2543789
2543790
2543791
2543792
2543793
2543794
2543795
2543796
2543797
2543798
2543799
2543800
2543801
2543802
2543803
2543804
2543806
2543807
2543808
2543809
2543810
2543811
2543812
2543822
2543868
2543869
2543870
2543871
2543872
2543873
2543874
2543875
2543876
2543940
2543941
2543942
2543943
2543944
2543973
2543974
2543975
2543976
2543977
2543978
2543979
2543981
2543982
2543983
2543984
2543985
2543986
2543987
2543989
2543990
2543991
2543992
2543993
2543994
2543995
2543997
2543998
2543999
2544000
2544001
2544002
2544003
2544042
2544043
2544044
2544045
2544046
2544047
2544048
2544050
2544051
2544052
2544053
2544054
2544055
2544056
2544058
2544059
2544060
2544061
2544062
2544063
2544064
2544066
2544067
2544068
2544069
2544070
2544071
2544072
2544074
2544075
2544076
2544077
2544078
2544079
2544080
2544082
2544083
2544084
2544085
2544086
2544087
2544088
2544090
2544091
2544092
2544093
2544094
2544095
2544096
2544098
2544099
2544100
2544101
2544102
2544103
2544104
2544108
2544109
2544110
2544111
2544112
2544113
2544114
2544115
2544116
2544117
2544118
2544119
2544120
2544121
2544122
2544123
2544124
2544125
2544130
2544131
2544132
2544133
2544134
2544135
2544136
2544138
2544139
2544140
2544141
2544142
2544143
2544144
2544146
2544147
2544148
2544149
2544150
2544151
2544152
2544196
2544197
2544198
2544199
2544200
2544201
2544202
2544204
2544205
2544206
2544207
2544208
2544209
2544210
2544212
2544213
2544214
2544215
2544216
2544217
2544218
2544222
2544223
2544224
2544225
2544226
2544227
2544228
2544229
2544230
2544231
2544232
2544233
2544234
2544235
2544236
2544237
2544238
2544239
2544240
2544241
2544242
2544243
2544244
2544245
2544246
2544247
2544248
2544249
2544250
2544251
2544252
2544254
2544255
2544256
2544257
2544258
2544259
2544260
2544262
2544263
2544264
2544265
2544266
2544267
2544268
2544270
2544271
2544272
2544273
2544274
2544275
2544276
2544278
2544279
2544280
2544281
2544282
2544283
2544284
2544286
2544287
2544288
2544289
2544290
2544291
2544292
2544294
2544295
2544296
2544297
2544298
2544299
2544300
2544302
2544303
2544304
2544305
2544306
2544307
2544308
2544310
2544311
2544312
2544313
2544314
2544315
2544316
2544318
2544319
2544320
2544321
2544322
2544323
2544324
2544326
2544327
2544328
2544329
2544330
2544331
2544332
2544334
2544335
2544336
2544337
2544338
2544339
2544340
2544342
2544343
2544344
2544345
2544346
2544347
2544348
2544352
2544353
2544354
2544355
2544356
2544357
2544358
2544360
2544361
2544362
2544363
2544364
2544365
2544366
2544368
2544369
2544370
2544371
2544372
2544373
2544374
2544378
2544379
2544380
2544381
2544382
2544383
2544384
2544385
2544386
2544387
2544388
2544389
2544390
2544391
2544392
2544393
2544394
2544395
2544396
2544397
2544398
2544399
2544400
2544401
2544402
2544403
2544404
2544405
2544406
2544407
2544408
2544409
2544411
2544412
2544413
2544414
2544415
2544416
2544417
2544418
2544419
2544420
2544421
2544424
2544425
2544426
2544427
2544428
2544429
2544430
2544432
2544433
2544434
2544435
2544436
2544437
2544438
2544440
2544441
2544442
2544443
2544444
2544445
2544446
2544469
2544470
2544471
2544472
2544473
2544474
2544475
2544476
2544477
2544478
2544485
2544486
2544487
2544488
2544489
2544490
2544491
2544493
2544494
2544495
2544496
2544497
2544498
2544499
2544501
2544502
2544503
2544504
2544505
2544506
2544507
2544535
2544536
2544537
2544538
2544539
2544540
2544541
2544542
2544543
2544544
2544545
2544546
2544547
2544548
2544549
2544551
2544552
2544553
2544554
2544555
2544556
2544557
2544559
2544560
2544561
2544562
2544563
2544564
2544565
2544567
2544568
2544572
2544573
2544574
2544575
2544576
2544577
2544578
2544579
2544580
2544581
2544582
2544583
2544584
2544585
2544586
2544587
2544606
2544607
2544608
2544609
2544610
2544611
2544653
2544654
2544663
2544917
2545427
2546732
2548037
2549286
2550425
2550940
2551272
2551758
2552017
2552295
2552676
2552688
2552694
2552697
2552709
2552712
2552715
2552719
2552783
2552784
2552800
2552802
2552820
2552826
2552828
2552836
2553686
2553957
2554129
2554858
2555196
2555758
2556471
2557793
2558536
2559149
2560499
2561058
2561985
2563143
2566202
2567459
2568341
2569563
2570584
2571270
2571568
2571760
2572113
2572577
2572734
2572928
2573016
2573208
2573270
2573406
2573866
2574033
2574666
2575687
2576019
2576842
2577015
2577083
2577095
2577108
2577109
2577117
2577118
2577121
2577122
2577123
2577124
2577129
2577130
2577131
2577132
2577133
2577134
2577138
2577334
2577704
2577965
2578284
2578836
2579151
2579390
2579596
2580203
2580892
2583164
2583558
2584180
2584756
2585250
2585711
2586329
2586963
2587869
2588558
2588968
2589032
2589462
2589560
2589564
2589568
2589572
2589574
2589576
2589577
2589581
2589583
2589591
2589593
2589599
2589613
2589679
2589710
2589724
2589743
2589744
2589772
2589794
2589795
2589845
2589846
2589857
2589897
2591306
2591973
2592678
2593820
2595076
2596337
2597596
2598851
2601040
2602338
2603656
2604941
2605332
2605738
2606195
2606552
2606988
2607436
2608097
2609812
2611093
2611161
2611599
2612629
2612836
2613393
2614014
2616506
2617285
2617569
2618037
2618942
2619896
2621200
2621726
2622221
2622528
2623094
2623353
2623509
2624246
2624472
2624732
2624985
2625041
2625054
2625063
2625064
2625065
2625075
2625076
2625082
2625433
2626966
2627675
2628485
2630008
2630767
2631569
2632099
2632569
2632606
2633206
2633861
2634489
2635162
2636585
2637165
2638579
2638782
2639393
2640843
2641600
2641750
2641753
2641757
2641765
2641769
2642008
2642196
2643064
2643329
2643892
2644286
2644916
2645571
2646095
2646654
2648462
2649124
2649743
2650344
2650993
2651629
2652285
2652969
2653497
2653801
2654260
2654261
2654292
2654293
2654294
2654295
2654296
2654297
2654298
2654299
2654300
2654301
2654302
2654303
2654305
2654309
2654310
2654314
2654316
2654339
2654340
2654350
2654351
2654352
2654353
2654357
2654358
2654359
2654360
2654361
2654362
2654366
2654367
2654368
2654369
2654370
2654371
2654381
2654382
2654383
2654384
2654385
2654386
2654387
2654388
2654389
2654390
2654392
2654393
2654394
2654395
2654396
2654397
2654398
2654399
2654400
2654401
2654403
2654404
2654405
2654406
2654407
2654409
2654441
2654442
2654443
2654444
2654445
2654446
2654447
2654448
2654449
2654450
2654451
2654452
2654453
2654454
2654455
2654456
2654457
2654458
2654465
2654466
2654467
2654468
2654469
2654470
2654471
2654472
2654499
2654500
2654501
2654502
2654503
2654504
2654505
2654506
2654507
2654508
2654510
2654511
2654512
2654513
2654514
2654515
2654516
2654517
2654518
2654519
2654521
2654522
2654523
2654524
2654525
2654526
2654527
2654528
2654529
2654530
2654534
2654535
2654562
2654563
2654564
2654565
2654566
2654567
2654568
2654569
2654571
2654572
2654573
2654574
2654575
2654576
2654577
2654578
2654579
2654580
2654584
2654596
2654597
2654601
2654603
2654604
2654605
2654606
2654607
2654608
2654609
2654610
2654611
2654613
2654614
2654615
2654617
2654618
2654619
2654620
2654621
2654622
2654623
2654624
2654625
2654626
2654627
2654628
2654629
2654631
2654635
2654636
2654637
2654638
2654639
2654640
2654641
2654642
2654643
2654647
2654648
2654649
2654650
2654651
2654652
2654653
2654654
2654655
2654656
2654658
2654659
2654660
2654661
2654662
2654663
2654664
2654665
2654666
2654667
2654669
2654670
2654671
2654672
2654673
2654674
2654675
2654676
2654677
2654678
2654680
2654681
2654714
2654715
2654716
2654717
2654718
2654719
2654720
2654721
2654722
2654723
2654724
2654725
2654726
2654727
2654728
2654729
2654730
2654731
2654732
2654733
2654734
2654735
2654736
2654737
2654738
2654739
2654740
2654741
2654742
2654743
2654744
2654745
2654747
2654748
2654749
2654750
2654751
2654752
2654753
2654754
2654755
2654756
2654757
2654770
2654771
2654772
2654773
2654774
2654776
2654780
2654781
2654782
2654783
2654784
2654785
2654786
2654787
2654831
2654832
2654833
2654861
2654862
2654863
2654864
2654865
2654866
2654867
2654868
2654869
2654870
2654872
2654873
2654874
2654875
2654876
2654877
2654878
2654879
2654880
2654881
2654886
2654887
2654888
2654889
2654890
2654894
2654895
2654896
2654897
2654898
2654899
2654900
2654901
2654902
2654903
2654904
2654905
2654906
2654907
2654908
2654909
2654910
2654922
2654923
2654924
2654925
2654926
2654927
2654928
2654929
2654930
2654931
2654932
2654933
2654934
2654936
2654937
2654938
2654939
2654940
2654941
2654942
2654943
2654944
2654945
2654947
2654948
2654949
2654950
2654951
2654952
2654953
2654954
2654955
2654956
2654958
2654959
2654960
2654961
2654962
2654963
2654964
2654965
2654966
2654967
2654969
2654970
2654971
2654972
2654973
2654974
2654975
2654976
2654977
2654978
2654982
2654983
2654990
2654991
2654992
2654993
2654994
2654995
2654996
2654997
2654998
2654999
2655001
2655002
2655003
2655004
2655005
2655020
2655021
2655022
2655039
2655040
2655041
2655042
2655043
2655045
2655047
2655048
2655049
2655050
2655051
2655052
2655053
2655054
2655055
2655056
2655058
2655059
2655060
2655061
2655062
2655063
2655064
2655065
2655067
2655068
2655072
2655073
2655074
2655075
2655076
2655077
2655081
2655083
2655092
2655093
2655094
2655095
2655096
2655097
2655098
2655099
2655100
2655101
2655103
2655104
2655105
2655106
2655107
2655108
2655109
2655110
2655111
2655112
2655114
2655115
2655116
2655117
2655118
2655119
2655120
2655121
2655122
2655123
2655148
2655149
2655183
2655184
2655185
2655186
2655187
2655188
2655194
2655195
2655196
2655197
2655198
2655199
2655200
2655201
2655202
2655203
2655205
2655206
2655207
2655208
2655209
2655210
2655211
2655212
2655213
2655214
2655216
2655217
2655218
2655219
2655220
2655221
2655222
2655223
2655224
2655225
2655227
2655228
2655229
2655230
2655231
2655232
2655233
2655234
2655235
2655236
2655239
2655240
2655281
2655282
2655283
2655284
2655285
2655286
2655287
2655288
2655289
2655290
2655292
2655293
2655294
2655295
2655296
2655297
2655298
2655299
2655300
2655301
2655303
2655304
2655305
2655306
2655307
2655308
2655309
2655310
2655311
2655312
2655314
2655315
2655316
2655317
2655318
2655319
2655320
2655326
2655327
2655328
2655329
2655330
2655331
2655354
2655355
2655356
2655357
2655358
2655359
2655360
2655361
2655362
2655363
2655365
2655366
2655367
2655368
2655369
2655370
2655371
2655372
2655373
2655374
2655376
2655377
2655378
2655379
2655380
2655381
2655382
2655383
2655384
2655385
2655387
2655388
2655389
2655390
2655391
2655392
2655393
2655397
2655398
2655399
2655400
2655401
2655405
2655406
2655407
2655408
2655409
2655413
2655416
2655417
2655418
2655419
2655420
2655421
2655422
2655423
2655424
2655425
2655427
2655428
2655429
2655430
2655431
2655432
2655433
2655434
2655435
2655436
2655438
2655439
2655440
2655441
2655442
2655443
2655444
2655445
2655446
2655447
2655449
2655450
2655451
2655452
2655453
2655454
2655455
2655456
2655457
2655458
2655462
2655463
2655464
2655465
2655466
2655467
2655468
2655469
2655470
2655471
2655473
2655474
2655475
2655476
2655477
2655478
2655479
2655480
2655481
2655482
2655484
2655487
2655488
2655527
2655528
2655529
2655530
2655531
2655532
2655641
2655642
2655643
2655644
2655645
2655646
2655647
2655648
2655649
2655650
2655652
2655653
2655654
2655655
2655656
2655657
2655658
2655659
2655660
2655661
2655663
2655664
2655665
2655666
2655667
2655668
2655669
2655670
2655671
2655672
2655676
2655698
2655699
2655700
2655701
2655702
2655703
2655704
2655705
2655706
2655707
2655709
2655710
2655711
2655712
2655713
2655714
2655715
2655716
2655717
2655718
2655720
2655721
2655722
2655723
2655724
2655725
2655726
2655727
2655728
2655729
2655731
2655732
2655733
2655734
2655735
2655736
2655737
2655738
2655739
2655740
2655744
2655745
2655747
2655748
2655749
2655750
2655751
2655752
2655753
2655754
2655755
2655757
2655758
2655760
2655761
2655762
2655763
2655765
2655766
2655767
2655768
2655769
2655770
2655771
2655772
2655774
2655775
2655776
2655777
2655778
2655779
2655786
2655787
2655788
2655789
2655797
2655798
2655802
2655803
2655804
2655805
2655806
2655807
2655808
2655809
2655810
2655811
2655813
2655814
2655815
2655816
2655817
2655818
2655819
2655820
2655821
2655822
2655824
2655825
2655826
2655827
2655828
2655829
2655830
2655831
2655832
2655833
2655835
2655836
2655837
2655838
2655839
2655840
2655841
2655842
2655843
2655844
2655849
2655850
2655851
2655852
2655853
2655854
2655855
2655856
2655857
2655858
2655860
2655861
2655862
2655863
2655864
2655865
2655866
2655867
2655868
2655869
2655871
2655872
2655873
2655874
2655875
2655876
2655877
2655878
2655879
2655880
2655882
2655883
2655884
2655885
2655886
2655887
2655888
2655889
2655890
2655891
2655899
2655900
2655901
2655902
2655903
2655904
2655905
2655906
2655908
2655909
2655910
2655911
2655913
2655914
2655918
2655919
2655920
2655921
2655922
2655923
2655924
2655925
2655926
2655927
2655929
2655930
2655931
2655932
2655933
2655934
2655935
2655936
2655937
2655938
2655940
2655941
2655942
2655943
2655944
2655946
2656039
2656040
2656041
2656042
2656043
2656044
2656045
2656046
2656047
2656048
2656050
2656051
2656052
2656053
2656054
2656055
2656056
2656057
2656058
2656059
2656061
2656062
2656063
2656064
2656065
2656066
2656067
2656068
2656069
2656070
2656072
2656073
2656074
2656075
2656076
2656077
2656078
2656079
2656080
2656081
2656085
2656086
2656089
2656090
2656091
2656092
2656093
2656094
2656095
2656096
2656097
2656098
2656100
2656101
2656102
2656103
2656104
2656105
2656106
2656107
2656108
2656109
2656111
2656112
2656113
2656114
2656115
2656116
2656117
2656118
2656119
2656120
2656122
2656123
2656124
2656125
2656126
2656127
2656128
2656129
2656130
2656131
2656133
2656134
2656135
2656136
2656137
2656138
2656139
2656140
2656141
2656142
2656144
2656145
2656146
2656147
2656151
2656152
2656156
2656157
2656158
2656159
2656160
2656161
2656162
2656163
2656164
2656165
2656167
2656168
2656169
2656170
2656171
2656172
2656173
2656174
2656175
2656176
2656178
2656179
2656180
2656181
2656183
2656185
2656189
2656190
2656191
2656192
2656193
2656194
2656195
2656211
2656212
2656213
2656214
2656215
2656216
2656217
2656218
2656219
2656220
2656222
2656223
2656224
2656225
2656226
2656227
2656228
2656229
2656230
2656231
2656233
2656234
2656235
2656236
2656237
2656238
2656239
2656240
2656241
2656242
2656244
2656245
2656246
2656247
2656248
2656249
2656250
2656251
2656252
2656253
2656255
2656256
2656257
2656258
2656259
2656260
2656261
2656262
2656263
2656291
2656292
2656293
2656294
2656295
2656297
2656298
2656299
2656300
2656301
2656302
2656303
2656304
2656306
2656307
2656308
2656309
2656310
2656311
2656312
2656313
2656314
2656315
2656317
2656318
2656319
2656320
2656321
2656322
2656323
2656324
2656325
2656326
2656328
2656329
2656330
2656331
2656332
2656333
2656334
2656335
2656336
2656337
2656397
2656398
2656399
2656400
2656401
2656402
2656403
2656404
2656405
2656407
2656411
2656412
2656413
2656414
2656418
2656420
2656421
2656422
2656423
2656431
2656432
2656439
2656440
2656441
2656442
2656443
2656444
2656445
2656447
2656448
2656449
2656450
2656451
2656452
2656453
2656454
2656455
2656456
2656458
2656459
2656460
2656461
2656462
2656463
2656464
2656465
2656466
2656467
2656469
2656470
2656471
2656472
2656473
2656474
2656475
2656476
2656477
2656478
2656497
2656498
2656499
2656500
2656501
2656502
2656503
2656504
2656505
2656506
2656508
2656509
2656510
2656511
2656512
2656513
2656514
2656515
2656516
2656517
2656519
2656520
2656521
2656522
2656523
2656524
2656525
2656526
2656527
2656528
2656530
2656531
2656532
2656533
2656534
2656535
2656536
2656537
2656538
2656539
2656550
2656551
2656552
2656553
2656554
2656555
2656556
2656557
2656558
2656559
2656562
2656563
2656566
2656567
2656568
2656569
2656570
2656571
2656572
2656573
2656574
2656575
2656577
2656578
2656579
2656580
2656581
2656582
2656583
2656584
2656585
2656586
2656588
2656589
2656590
2656591
2656592
2656593
2656594
2656595
2656596
2656597
2656599
2656600
2656601
2656602
2656603
2656604
2656605
2656609
2656610
2656611
2656612
2656613
2656614
2656628
2656629
2656631
2656632
2656633
2656634
2656635
2656636
2656637
2656638
2656639
2656641
2656642
2656643
2656644
2656645
2656646
2656647
2656648
2656649
2656650
2656652
2656653
2656654
2656655
2656656
2656657
2656658
2656659
2656660
2656661
2656663
2656664
2656665
2656666
2656667
2656668
2656669
2656670
2656671
2656672
2656674
2656675
2656676
2656677
2656678
2656679
2656680
2656681
2656682
2656683
2656685
2656686
2656687
2656688
2656689
2656690
2656691
2656693
2656694
2656698
2656699
2656700
2656701
2656708
2656709
2656710
2656711
2656717
2656718
2656719
2656720
2656721
2656722
2656723
2656724
2656725
2656726
2656728
2656729
2656730
2656731
2656732
2656733
2656734
2656735
2656736
2656737
2656739
2656740
2656741
2656742
2656743
2656744
2656745
2656746
2656747
2656748
2656750
2656751
2656752
2656753
2656754
2656755
2656756
2656757
2656758
2656759
2656762
2656763
2656764
2656765
2656766
2656767
2656768
2656769
2656770
2656771
2656773
2656774
2656775
2656776
2656777
2656778
2656779
2656780
2656784
2656785
2656813
2656814
2656815
2656816
2656817
2656818
2656819
2656820
2656821
2656822
2656824
2656825
2656826
2656827
2656828
2656829
2656830
2656831
2656832
2656833
2656835
2656836
2656837
2656838
2656839
2656840
2656841
2656842
2656843
2656844
2656846
2656847
2656848
2656849
2656850
2656851
2656852
2656853
2656854
2656862
2656863
2656870
2656871
2656872
2656873
2656874
2656878
2656879
2656880
2656881
2656882
2656883
2656884
2656885
2656887
2656888
2656889
2656890
2656891
2656892
2656893
2656894
2656895
2656896
2656898
2656899
2656900
2656901
2656902
2656903
2656904
2656905
2656906
2656907
2656909
2656910
2656911
2656912
2656913
2656914
2656915
2656916
2656917
2656918
2656922
2656923
2656924
2656925
2656926
2656927
2656928
2656929
2656930
2656931
2656933
2656934
2656935
2656936
2656937
2656938
2656939
2656940
2656941
2656942
2656944
2656945
2656946
2656947
2656948
2656949
2656950
2656951
2656952
2656953
2656955
2656956
2656957
2656958
2656959
2656960
2656961
2656962
2656963
2656964
2657053
2657054
2657055
2657056
2657057
2657058
2657059
2657060
2657061
2657062
2657064
2657065
2657066
2657067
2657068
2657072
2657073
2657074
2657075
2657076
2657077
2657078
2657079
2657080
2657081
2657090
2657091
2657092
2657093
2657094
2657095
2657096
2657097
2657098
2657099
2657101
2657102
2657103
2657104
2657105
2657106
2657107
2657108
2657109
2657110
2657112
2657113
2657114
2657115
2657116
2657117
2657118
2657119
2657120
2657121
2657123
2657124
2657125
2657126
2657127
2657128
2657129
2657130
2657131
2657132
2657134
2657135
2657136
2657137
2657138
2657139
2657140
2657141
2657143
2657144
2657145
2657146
2657147
2657148
2657149
2657150
2657151
2657152
2657154
2657155
2657156
2657157
2657158
2657159
2657160
2657161
2657162
2657163
2657165
2657166
2657167
2657168
2657169
2657170
2657171
2657172
2657173
2657174
2657176
2657177
2657178
2657179
2657180
2657181
2657182
2657183
2657184
2657185
2657187
2657188
2657189
2657190
2657191
2657192
2657194
2657199
2657200
2657204
2657205
2657206
2657207
2657208
2657209
2657210
2657212
2657222
2657223
2657224
2657225
2657226
2657227
2657228
2657229
2657230
2657231
2657233
2657234
2657235
2657236
2657237
2657238
2657239
2657240
2657241
2657242
2657244
2657245
2657246
2657247
2657248
2657249
2657250
2657251
2657252
2657253
2657255
2657256
2657257
2657258
2657259
2657260
2657261
2657262
2657263
2657264
2657266
2657267
2657268
2657269
2657270
2657271
2657272
2657273
2657274
2657275
2657277
2657278
2657279
2657280
2657281
2657282
2657283
2657284
2657285
2657286
2657288
2657289
2657290
2657291
2657292
2657293
2657294
2657295
2657296
2657297
2657299
2657300
2657301
2657302
2657303
2657304
2657305
2657306
2657307
2657308
2657325
2657334
2657335
2657336
2657337
2657338
2657339
2657340
2657341
2657342
2657343
2657345
2657346
2657347
2657348
2657349
2657350
2657351
2657352
2657353
2657354
2657356
2657357
2657358
2657359
2657360
2657361
2657362
2657363
2657364
2657365
2657367
2657368
2657369
2657370
2657371
2657372
2657373
2657374
2657375
2657376
2657381
2657383
2657384
2657385
2657386
2657387
2657388
2657389
2657390
2657391
2657393
2657395
2657399
2657400
2657407
2657408
2657443
2657528
2657529
2657530
2657531
2657532
2657533
2657534
2657535
2657536
2657537
2657539
2657540
2657541
2657542
2657543
2657544
2657545
2657546
2657547
2657548
2657550
2657551
2657552
2657553
2657554
2657555
2657556
2657557
2657558
2657559
2657601
2657602
2657603
2657604
2657605
2657606
2657607
2657608
2657610
2657611
2657612
2657613
2657614
2657615
2657616
2657617
2657618
2657619
2657621
2657622
2657623
2657624
2657625
2657626
2657627
2657628
2657629
2657630
2657632
2657633
2657634
2657635
2657636
2657637
2657638
2657639
2657640
2657641
2657662
2657663
2657664
2657665
2657666
2657667
2657668
2657669
2657670
2657671
2657673
2657674
2657675
2657676
2657677
2657678
2657679
2657680
2657681
2657682
2657684
2657685
2657686
2657687
2657688
2657689
2657690
2657691
2657692
2657693
2657703
2657704
2657705
2657706
2657707
2657708
2657709
2657710
2657711
2657712
2657714
2657715
2657716
2657717
2657718
2657719
2657720
2657721
2657722
2657723
2657725
2657726
2657727
2657728
2657732
2657733
2657734
2657735
2657736
2657742
2657743
2657744
2657745
2657747
2657748
2657750
2657751
2657752
2657753
2657754
2657755
2657756
2657758
2657759
2657760
2657761
2657762
2657763
2657764
2657765
2657766
2657767
2657769
2657770
2657771
2657772
2657773
2657774
2657775
2657776
2657777
2657778
2657780
2657781
2657782
2657783
2657784
2657785
2657786
2657787
2657788
2657789
2657793
2657794
2657802
2657803
2657804
2657805
2657806
2657807
2657808
2657809
2657810
2657811
2657814
2657815
2657821
2657822
2657823
2657824
2657825
2657826
2657827
2657828
2657829
2657830
2657832
2657833
2657834
2657835
2657836
2657837
2657838
2657839
2657840
2657841
2657843
2657844
2657845
2657846
2657847
2657848
2657849
2657850
2657851
2657852
2657854
2657855
2657856
2657857
2657858
2657859
2657860
2657861
2657862
2657863
2657866
2657867
2657868
2657869
2657870
2657871
2657872
2657873
2657874
2657875
2657877
2657878
2657879
2657880
2657881
2657882
2657883
2657884
2657885
2657886
2657888
2657889
2657890
2657891
2657892
2657893
2657894
2657895
2657896
2657897
2657899
2657900
2657901
2657902
2657903
2657904
2657905
2657906
2657907
2657908
2657914
2657915
2657916
2657917
2657918
2657919
2657920
2657921
2657922
2657923
2657925
2657926
2657927
2657928
2657929
2657930
2657931
2657932
2657933
2657934
2657936
2657937
2657938
2657939
2657940
2657941
2657942
2657943
2657944
2657945
2657947
2657948
2657949
2657950
2657951
2657952
2657953
2657954
2657958
2657959
2657970
2657971
2657972
2657973
2657974
2657975
2657976
2657985
2657986
2657987
2657988
2657989
2657990
2657991
2657992
2657993
2657994
2657996
2657997
2657998
2657999
2658000
2658001
2658002
2658003
2658004
2658005
2658007
2658008
2658009
2658010
2658011
2658012
2658013
2658014
2658015
2658016
2658018
2658019
2658020
2658021
2658022
2658023
2658024
2658025
2658026
2658027
2658034
2658035
2658036
2658037
2658038
2658039
2658040
2658041
2658042
2658043
2658045
2658046
2658047
2658048
2658049
2658050
2658051
2658052
2658053
2658054
2658056
2658057
2658058
2658059
2658060
2658061
2658062
2658063
2658064
2658065
2658067
2658068
2658069
2658070
2658071
2658072
2658073
2658074
2658075
2658076
2658083
2658084
2658085
2658086
2658087
2658088
2658089
2658090
2658091
2658092
2658095
2658096
2658106
2658107
2658108
2658109
2658110
2658113
2658114
2658115
2658116
2658117
2658118
2658119
2658120
2658121
2658122
2658124
2658125
2658126
2658127
2658128
2658129
2658130
2658131
2658132
2658133
2658135
2658136
2658137
2658138
2658139
2658140
2658141
2658142
2658143
2658144
2658148
2658149
2658152
2658153
2658154
2658155
2658156
2658157
2658158
2658159
2658160
2658161
2658163
2658164
2658165
2658166
2658167
2658168
2658169
2658170
2658171
2658172
2658174
2658175
2658176
2658177
2658178
2658179
2658180
2658181
2658182
2658183
2658192
2658193
2658194
2658195
2658197
2658198
2658199
2658200
2658201
2658202
2658203
2658204
2658205
2658206
2658209
2658210
2658212
2658213
2658214
2658215
2658216
2658217
2658218
2658219
2658221
2658222
2658223
2658224
2658225
2658226
2658227
2658228
2658229
2658230
2658232
2658233
2658234
2658235
2658236
2658237
2658238
2658239
2658240
2658241
2658243
2658244
2658245
2658246
2658247
2658248
2658249
2658250
2658251
2658252
2658254
2658255
2658256
2658257
2658258
2658259
2658260
2658261
2658262
2658263
2658265
2658266
2658267
2658268
2658269
2658270
2658271
2658272
2658273
2658274
2658276
2658277
2658278
2658279
2658280
2658281
2658282
2658283
2658284
2658285
2658287
2658288
2658289
2658290
2658291
2658292
2658293
2658294
2658295
2658296
2658298
2658299
2658301
2658302
2658303
2658304
2658305
2658306
2658307
2658308
2658309
2658310
2658312
2658313
2658314
2658315
2658316
2658317
2658318
2658319
2658320
2658321
2658323
2658324
2658325
2658326
2658327
2658328
2658329
2658330
2658331
2658332
2658334
2658335
2658336
2658337
2658338
2658339
2658340
2658341
2658342
2658343
2658347
2658348
2658349
2658350
2658351
2658352
2658353
2658354
2658355
2658356
2658358
2658359
2658360
2658361
2658362
2658363
2658364
2658365
2658366
2658367
2658369
2658370
2658371
2658372
2658373
2658374
2658375
2658376
2658377
2658378
2658380
2658381
2658382
2658383
2658384
2658385
2658386
2658387
2658388
2658389
2658391
2658392
2658393
2658394
2658395
2658396
2658397
2658398
2658399
2658400
2658402
2658403
2658404
2658405
2658406
2658407
2658408
2658409
2658410
2658411
2658413
2658414
2658415
2658416
2658417
2658418
2658419
2658420
2658421
2658422
2658424
2658425
2658426
2658427
2658428
2658429
2658430
2658431
2658432
2658433
2658435
2658436
2658437
2658438
2658439
2658440
2658441
2658442
2658443
2658444
2658448
2658449
2658450
2658451
2658452
2658454
2658455
2658456
2658457
2658458
2658459
2658460
2658461
2658462
2658463
2658465
2658466
2658467
2658468
2658470
2658471
2658472
2658473
2658474
2658475
2658476
2658477
2658478
2658479
2658481
2658482
2658483
2658484
2658485
2658486
2658487
2658488
2658489
2658490
2658494
2658495
2658496
2658497
2658498
2658499
2658500
2658501
2658502
2658504
2658505
2658506
2658507
2658508
2658509
2658510
2658511
2658512
2658513
2658515
2658516
2658517
2658518
2658519
2658520
2658521
2658522
2658523
2658524
2658526
2658527
2658528
2658529
2658530
2658531
2658532
2658533
2658534
2658535
2658537
2658538
2658539
2658540
2658541
2658542
2658543
2658544
2658545
2658546
2658548
2658549
2658550
2658551
2658552
2658553
2658554
2658555
2658556
2658557
2658558
2658559
2658560
2658561
2658562
2658564
2658565
2658566
2658567
2658568
2658570
2658574
2658575
2658576
2658577
2658578
2658579
2658580
2658581
2658583
2658584
2658594
2658595
2658603
2658628
2658629
2658630
2658631
2658632
2658633
2658634
2658635
2658636
2658637
2658639
2658640
2658641
2658642
2658643
2658644
2658645
2658646
2658647
2658648
2658650
2658651
2658652
2658653
2658654
2658655
2658656
2658657
2658658
2658659
2658661
2658662
2658663
2658664
2658665
2658666
2658667
2658668
2658669
2658670
2658675
2658676
2658677
2658678
2658679
2658680
2658681
2658682
2658684
2658685
2658686
2658687
2658688
2658689
2658690
2658691
2658692
2658693
2658695
2658696
2658697
2658698
2658699
2658700
2658701
2658702
2658703
2658704
2658706
2658707
2658708
2658709
2658710
2658711
2658712
2658713
2658714
2658715
2658719
2658720
2658722
2658723
2658724
2658725
2658726
2658727
2658728
2658729
2658730
2658731
2658733
2658734
2658735
2658736
2658737
2658738
2658739
2658740
2658741
2658742
2658744
2658745
2658746
2658747
2658748
2658749
2658750
2658751
2658752
2658753
2658755
2658756
2658757
2658758
2658759
2658760
2658761
2658762
2658763
2658764
2658769
2658770
2658771
2658772
2658773
2658774
2658775
2658776
2658777
2658778
2658780
2658781
2658782
2658783
2658784
2658785
2658786
2658787
2658788
2658789
2658791
2658792
2658793
2658794
2658795
2658796
2658797
2658798
2658799
2658800
2658803
2658804
2658805
2658806
2658807
2658808
2658809
2658810
2658811
2658812
2658814
2658815
2658816
2658817
2658818
2658819
2658820
2658821
2658822
2658823
2658825
2658826
2658827
2658828
2658829
2658833
2658837
2658838
2658839
2658854
2658855
2658856
2658857
2658858
2658859
2658860
2658861
2658862
2658863
2658865
2658866
2658867
2658868
2658869
2658870
2658871
2658872
2658873
2658874
2658876
2658877
2658878
2658879
2658880
2658881
2658882
2658883
2658884
2658885
2658887
2658888
2658889
2658890
2658891
2658892
2658893
2658894
2658895
2658896
2658898
2658899
2658900
2658901
2658902
2658903
2658904
2658905
2658906
2658907
2658909
2658910
2658911
2658912
2658913
2658914
2658915
2658916
2658917
2658918
2658920
2658921
2658922
2658923
2658924
2658925
2658926
2658927
2658928
2658929
2658931
2658932
2658933
2658934
2658935
2658936
2658937
2658938
2658939
2658940
2658946
2658947
2658948
2658949
2658950
2658951
2658952
2658953
2658954
2658955
2658956
2658957
2658958
2658959
2658960
2658961
2658962
2658964
2658966
2658967
2658968
2658969
2658970
2658971
2658972
2658973
2658974
2658975
2658977
2658978
2658979
2658980
2658981
2658982
2658983
2658984
2658985
2658986
2658988
2658989
2658990
2658991
2658992
2658993
2658994
2658995
2658996
2658997
2659001
2659011
2659012
2659013
2659016
2659017
2659018
2659019
2659020
2659021
2659022
2659023
2659024
2659025
2659027
2659028
2659029
2659030
2659031
2659032
2659033
2659034
2659035
2659036
2659038
2659039
2659040
2659041
2659042
2659043
2659044
2659045
2659046
2659047
2659049
2659050
2659051
2659052
2659053
2659054
2659055
2659056
2659057
2659058
2659060
2659061
2659062
2659063
2659064
2659065
2659066
2659067
2659068
2659069
2659071
2659072
2659073
2659074
2659075
2659076
2659077
2659078
2659079
2659080
2659082
2659083
2659084
2659085
2659086
2659087
2659088
2659089
2659090
2659091
2659099
2659100
2659101
2659102
2659103
2659104
2659105
2659106
2659107
2659108
2659110
2659111
2659112
2659113
2659114
2659115
2659116
2659117
2659118
2659119
2659121
2659122
2659123
2659124
2659125
2659126
2659127
2659128
2659129
2659130
2659132
2659133
2659134
2659135
2659136
2659137
2659138
2659139
2659140
2659141
2659148
2659149
2659150
2659151
2659152
2659153
2659154
2659155
2659156
2659157
2659159
2659160
2659161
2659162
2659163
2659164
2659165
2659166
2659167
2659168
2659170
2659171
2659172
2659173
2659174
2659175
2659176
2659177
2659178
2659179
2659181
2659182
2659183
2659184
2659185
2659186
2659187
2659196
2659197
2659198
2659199
2659200
2659201
2659202
2659203
2659204
2659205
2659206
2659207
2659208
2659209
2659210
2659211
2659212
2659213
2659217
2659218
2659219
2659220
2659221
2659222
2659223
2659224
2659225
2659226
2659228
2659229
2659230
2659231
2659232
2659233
2659234
2659235
2659236
2659237
2659239
2659240
2659241
2659242
2659243
2659244
2659245
2659246
2659247
2659248
2659252
2659253
2659254
2659271
2659272
2659273
2659274
2659275
2659276
2659277
2659278
2659279
2659280
2659282
2659283
2659284
2659285
2659286
2659287
2659288
2659289
2659290
2659291
2659293
2659294
2659295
2659296
2659297
2659298
2659299
2659300
2659301
2659302
2659304
2659305
2659306
2659307
2659308
2659309
2659310
2659311
2659312
2659313
2659315
2659316
2659317
2659318
2659319
2659320
2659321
2659322
2659323
2659324
2659326
2659327
2659328
2659329
2659330
2659331
2659332
2659333
2659334
2659335
2659337
2659338
2659339
2659340
2659341
2659342
2659343
2659344
2659345
2659346
2659348
2659349
2659350
2659351
2659352
2659353
2659354
2659355
2659356
2659357
2659359
2659360
2659361
2659362
2659363
2659364
2659365
2659366
2659367
2659368
2659370
2659371
2659372
2659373
2659374
2659375
2659376
2659377
2659378
2659379
2659381
2659382
2659383
2659384
2659385
2659386
2659387
2659388
2659389
2659390
2659401
2659402
2659403
2659404
2659405
2659406
2659407
2659408
2659409
2659410
2659411
2659412
2659413
2659414
2659415
2659416
2659417
2659418
2659419
2659420
2659422
2659423
2659424
2659425
2659426
2659427
2659428
2659429
2659430
2659431
2659433
2659434
2659435
2659436
2659437
2659438
2659439
2659440
2659441
2659442
2659444
2659445
2659446
2659472
2659473
2659474
2659475
2659476
2659477
2659478
2659479
2659480
2659481
2659482
2659483
2659484
2659485
2659486
2659487
2659503
2659504
2659505
2659506
2659507
2659508
2659509
2659510
2659511
2659512
2659514
2659515
2659516
2659517
2659518
2659519
2659520
2659521
2659522
2659523
2659525
2659526
2659527
2659528
2659529
2659530
2659531
2659532
2659533
2659534
2659536
2659537
2659538
2659539
2659540
2659541
2659542
2659543
2659544
2659545
2659553
2659554
2659555
2659556
2659557
2659558
2659559
2659560
2659561
2659563
2659565
2659577
2659578
2659579
2659654
2659655
2659656
2659657
2659658
2659659
2659660
2659661
2659662
2659663
2659665
2659666
2659667
2659668
2659669
2659670
2659671
2659672
2659673
2659674
2659686
2659687
2659688
2659689
2659690
2659691
2659692
2659693
2659694
2659695
2659697
2659698
2659699
2659700
2659701
2659702
2659703
2659704
2659705
2659706
2659708
2659709
2659710
2659711
2659712
2659713
2659714
2659715
2659716
2659717
2659724
2659725
2659726
2659727
2659728
2659729
2659730
2659731
2659732
2659733
2659735
2659736
2659737
2659738
2659739
2659740
2659741
2659742
2659743
2659744
2659746
2659747
2659748
2659749
2659750
2659751
2659752
2659753
2659754
2659755
2659764
2659765
2659766
2659767
2659768
2659769
2659770
2659771
2659772
2659773
2659775
2659776
2659777
2659778
2659779
2659780
2659781
2659782
2659783
2659784
2659786
2659787
2659788
2659789
2659790
2659791
2659792
2659793
2659794
2659795
2659797
2659798
2659799
2659800
2659801
2659802
2659803
2659804
2659805
2659806
2659810
2659811
2659812
2659813
2659814
2659815
2659816
2659817
2659818
2659819
2659820
2659821
2659822
2659823
2659824
2659825
2659826
2659827
2659912
2659913
2659914
2659915
2659916
2659917
2659918
2659919
2659920
2659921
2659923
2659924
2659925
2659926
2659927
2659928
2659929
2659930
2659931
2659932
2659934
2659935
2659936
2659937
2659938
2659939
2659940
2659941
2659942
2659943
2659945
2659946
2659947
2659948
2659949
2659950
2659951
2659952
2659953
2659954
2659956
2659957
2659958
2659959
2659960
2659961
2659962
2659963
2659964
2659965
2659967
2659968
2659969
2659970
2659971
2659972
2659973
2659974
2659975
2659976
2659978
2659979
2659980
2659981
2659982
2659983
2659984
2659985
2659986
2659987
2659989
2659990
2659991
2659992
2659993
2659994
2659995
2659996
2659997
2659998
2660002
2660003
2660004
2660005
2660006
2660007
2660008
2660009
2660010
2660011
2660013
2660014
2660015
2660016
2660017
2660018
2660019
2660020
2660021
2660022
2660024
2660025
2660026
2660027
2660028
2660029
2660030
2660031
2660032
2660033
2660036
2660037
2660038
2660039
2660040
2660041
2660042
2660043
2660044
2660045
2660047
2660048
2660049
2660050
2660051
2660052
2660053
2660054
2660055
2660056
2660058
2660059
2660060
2660061
2660062
2660063
2660064
2660065
2660066
2660067
2660070
2660074
2660075
2660076
2660077
2660078
2660079
2660080
2660081
2660082
2660083
2660084
2660085
2660086
2660087
2660088
2660089
2660090
2660091
2660097
2660098
2660099
2660100
2660101
2660102
2660103
2660104
2660127
2660128
2660129
2660130
2660131
2660132
2660133
2660134
2660135
2660136
2660138
2660139
2660140
2660141
2660142
2660143
2660144
2660145
2660146
2660147
2660149
2660150
2660151
2660152
2660153
2660154
2660155
2660156
2660157
2660158
2660160
2660161
2660162
2660163
2660164
2660165
2660166
2660167
2660169
2660170
2660171
2660172
2660173
2660174
2660175
2660176
2660177
2660178
2660180
2660181
2660182
2660183
2660184
2660185
2660186
2660187
2660188
2660189
2660191
2660192
2660193
2660194
2660195
2660196
2660197
2660198
2660199
2660200
2660206
2660208
2660209
2660211
2660212
2660213
2660214
2660215
2660216
2660217
2660218
2660219
2660220
2660222
2660223
2660224
2660225
2660226
2660227
2660228
2660229
2660230
2660231
2660233
2660234
2660235
2660236
2660237
2660238
2660239
2660240
2660241
2660242
2660244
2660245
2660246
2660247
2660248
2660249
2660250
2660251
2660252
2660253
2660255
2660256
2660257
2660258
2660259
2660260
2660261
2660262
2660263
2660264
2660266
2660267
2660268
2660269
2660270
2660271
2660272
2660273
2660274
2660275
2660277
2660278
2660279
2660280
2660281
2660282
2660283
2660284
2660285
2660286
2660290
2660294
2660295
2660296
2660297
2660298
2660299
2660300
2660301
2660302
2660303
2660305
2660306
2660307
2660308
2660309
2660310
2660311
2660312
2660313
2660314
2660316
2660317
2660318
2660319
2660320
2660321
2660322
2660323
2660324
2660325
2660329
2660330
2660331
2660332
2660333
2660334
2660335
2660336
2660337
2660340
2660341
2660342
2660343
2660344
2660345
2660346
2660347
2660348
2660349
2660351
2660352
2660353
2660354
2660355
2660356
2660357
2660358
2660359
2660360
2660362
2660363
2660364
2660365
2660366
2660367
2660368
2660369
2660371
2660387
2660388
2660389
2660390
2660391
2660392
2660402
2660403
2660404
2660406
2660471
2660472
2660473
2660474
2660475
2660476
2660477
2660478
2660479
2660480
2660482
2660483
2660484
2660485
2660486
2660487
2660488
2660489
2660490
2660491
2660493
2660494
2660495
2660496
2660497
2660498
2660499
2660500
2660501
2660502
2660504
2660505
2660506
2660507
2660508
2660509
2660510
2660511
2660515
2660544
2660545
2660562
2660563
2660564
2660565
2660566
2660567
2660568
2660569
2660570
2660571
2660573
2660574
2660575
2660576
2660577
2660578
2660579
2660580
2660581
2660582
2660584
2660585
2660586
2660587
2660588
2660589
2660590
2660591
2660592
2660593
2660595
2660596
2660597
2660598
2660599
2660600
2660601
2660602
2660615
2660616
2660618
2660619
2660620
2660621
2660622
2660623
2660624
2660625
2660626
2660627
2660629
2660630
2660631
2660632
2660633
2660634
2660635
2660636
2660637
2660638
2660640
2660641
2660642
2660643
2660644
2660645
2660646
2660647
2660648
2660649
2660651
2660652
2660653
2660654
2660655
2660656
2660657
2660658
2660659
2660660
2660663
2660664
2660665
2660666
2660667
2660668
2660669
2660670
2660672
2660673
2660674
2660675
2660676
2660677
2660678
2660679
2660680
2660681
2660683
2660684
2660685
2660686
2660687
2660688
2660689
2660690
2660691
2660692
2660694
2660695
2660696
2660697
2660698
2660699
2660700
2660701
2660702
2660703
2660705
2660706
2660707
2660708
2660709
2660710
2660711
2660712
2660713
2660714
2660716
2660717
2660718
2660719
2660720
2660721
2660722
2660723
2660725
2660726
2660727
2660728
2660729
2660730
2660731
2660732
2660733
2660734
2660736
2660737
2660738
2660739
2660740
2660741
2660742
2660743
2660744
2660745
2660765
2660766
2660767
2660768
2660769
2660770
2660771
2660772
2660773
2660774
2660776
2660777
2660778
2660779
2660780
2660781
2660782
2660783
2660784
2660785
2660790
2660791
2660792
2660793
2660794
2660795
2660824
2660825
2660838
2660839
2660840
2660841
2660843
2660846
2660847
2660909
2660910
2660911
2660912
2660913
2660914
2660915
2660917
2660918
2660919
2660920
2660921
2660922
2660923
2660924
2660925
2660926
2660927
2660928
2660929
2660930
2660931
2660932
2660933
2660934
2660936
2660937
2660938
2660939
2660940
2660941
2660942
2660943
2660946
2660947
2660948
2660949
2660950
2660951
2660952
2660953
2660954
2660955
2660964
2660968
2660969
2660970
2660971
2660972
2660973
2660974
2660975
2660976
2660977
2660979
2660980
2660981
2660982
2660983
2660984
2660985
2660986
2660987
2660988
2660989
2660990
2660991
2660992
2660993
2660994
2660995
2660996
2660997
2660998
2660999
2661000
2661001
2661002
2661003
2661004
2661005
2661006
2661019
2661022
2661057
2661263
2661264
2661265
2661266
2661267
2661268
2661269
2661271
2661272
2661273
2661274
2661275
2661276
2661277
2661278
2661279
2661280
2661281
2661282
2661283
2661284
2661285
2661286
2661287
2661288
2661289
2661290
2661293
2661294
2661295
2661296
2661297
2661298
2661299
2661300
2661301
2661302
2661305
2661309
2661731
2661861
2661862
2661863
2661864
2661865
2661866
2661867
2661868
2661870
2661871
2661872
2661873
2661874
2661875
2661876
2661878
2661879
2661880
2661881
2661882
2661883
2661884
2661885
2661886
2661887
2661888
2661889
2661890
2661891
2661892
2661893
2661894
2661895
2661896
2661897
2661934
2661935
2661936
2661937
2661938
2661939
2661940
2661941
2661942
2661943
2661990
2661991
2661992
2661993
2661994
2661995
2661996
2661997
2661999
2662000
2662001
2662002
2662003
2662004
2662005
2662006
2662008
2662009
2662010
2662011
2662012
2662013
2662014
2662015
2662016
2662017
2662019
2662020
2662021
2662022
2662023
2662024
2662025
2662026
2662027
2662028
2662031
2662032
2662050
2662051
2662052
2662053
2662054
2662055
2662056
2662057
2662058
2662059
2662062
2662095
2662096
2662097
2662098
2662099
2662100
2662101
2662102
2662103
2662104
2662105
2662106
2662107
2662108
2662109
2662110
2662111
2662112
2662114
2662115
2662116
2662117
2662118
2662119
2662120
2662121
2662123
2662124
2662125
2662126
2662127
2662128
2662129
2662130
2662131
2662132
2662134
2662135
2662136
2662137
2662138
2662139
2662140
2662141
2662142
2662143
2662173
2662174
2662175
2662176
2662177
2662178
2662179
2662180
2662181
2662182
2662184
2662185
2662186
2662187
2662188
2662189
2662190
2662191
2662192
2662193
2662195
2662196
2662197
2662198
2662199
2662200
2662201
2662202
2662204
2662205
2662206
2662207
2662208
2662209
2662210
2662211
2662215
2662216
2662218
2662219
2662220
2662221
2662222
2662223
2662224
2662225
2662227
2662228
2662229
2662230
2662231
2662232
2662233
2662234
2662236
2662237
2662238
2662239
2662240
2662241
2662242
2662243
2662245
2662246
2662247
2662248
2662249
2662250
2662251
2662252
2662255
2662256
2662257
2662258
2662259
2662260
2662261
2662262
2662264
2662265
2662266
2662267
2662268
2662269
2662270
2662271
2662273
2662274
2662275
2662276
2662277
2662278
2662279
2662280
2662282
2662283
2662284
2662285
2662286
2662287
2662288
2662289
2662294
2662295
2662297
2662298
2662299
2662300
2662301
2662302
2662303
2662304
2662306
2662307
2662308
2662309
2662310
2662311
2662312
2662313
2662315
2662316
2662317
2662318
2662319
2662320
2662321
2662322
2662350
2662351
2662352
2662354
2662361
2662362
2662444
2662445
2662446
2662447
2662448
2662449
2662450
2662451
2662453
2662454
2662455
2662456
2662457
2662458
2662459
2662460
2662462
2662463
2662464
2662465
2662466
2662467
2662468
2662469
2662471
2662472
2662473
2662474
2662475
2662476
2662477
2662478
2662482
2662483
2662511
2662512
2662513
2662514
2662515
2662516
2662517
2662518
2662520
2662521
2662522
2662523
2662524
2662525
2662526
2662527
2662529
2662530
2662531
2662532
2662533
2662534
2662535
2662536
2662538
2662539
2662540
2662541
2662542
2662543
2662544
2662545
2662549
2662550
2662552
2662553
2662554
2662555
2662556
2662557
2662558
2662559
2662561
2662562
2662563
2662564
2662565
2662566
2662567
2662569
2662570
2662571
2662572
2662573
2662574
2662575
2662577
2662578
2662579
2662580
2662581
2662582
2662583
2662602
2662603
2662605
2662606
2662607
2662608
2662609
2662610
2662611
2662613
2662614
2662615
2662616
2662617
2662618
2662619
2662621
2662622
2662623
2662624
2662625
2662626
2662627
2662629
2662630
2662631
2662632
2662633
2662634
2662635
2662644
2662645
2662646
2662649
2662650
2662651
2662652
2662653
2662654
2662655
2662657
2662658
2662659
2662660
2662661
2662662
2662663
2662665
2662666
2662667
2662668
2662669
2662670
2662671
2662673
2662674
2662675
2662676
2662677
2662678
2662679
2662681
2662682
2662683
2662684
2662685
2662686
2662687
2662689
2662690
2662691
2662692
2662693
2662694
2662695
2662697
2662698
2662699
2662700
2662701
2662702
2662703
2662732
2662733
2662734
2662736
2662737
2662738
2662739
2662740
2662741
2662742
2662744
2662745
2662746
2662747
2662748
2662749
2662750
2662752
2662753
2662754
2662755
2662756
2662757
2662758
2662760
2662761
2662762
2662763
2662764
2662765
2662766
2662770
2662771
2662773
2662774
2662775
2662776
2662777
2662778
2662779
2662781
2662782
2662783
2662784
2662785
2662786
2662787
2662789
2662790
2662791
2662792
2662793
2662794
2662795
2662797
2662798
2662799
2662800
2662801
2662802
2662803
2662807
2662808
2662809
2662810
2662811
2662812
2662813
2662815
2662816
2662817
2662818
2662819
2662820
2662821
2662823
2662824
2662825
2662826
2662827
2662828
2662829
2662833
2662834
2662866
2662867
2662868
2662869
2662870
2662871
2662872
2662874
2662875
2662876
2662877
2662878
2662879
2662880
2662882
2662883
2662884
2662885
2662886
2662887
2662888
2662890
2662891
2662892
2662893
2662894
2662895
2662896
2662923
2662924
2662925
2662926
2662927
2662928
2662929
2662931
2662932
2662933
2662934
2662935
2662936
2662937
2662939
2662940
2662941
2662942
2662943
2662944
2662945
2662947
2662948
2662949
2662950
2662951
2662952
2662953
2662957
2662958
2662960
2662961
2662962
2662963
2662964
2662965
2662966
2662968
2662969
2662970
2662971
2662972
2662973
2662974
2662976
2662977
2662978
2662979
2662980
2662981
2662982
2662984
2662985
2662986
2662987
2662988
2662989
2662990
2663176
2663177
2663178
2663179
2663180
2663181
2663182
2663184
2663185
2663186
2663187
2663188
2663189
2663190
2663192
2663193
2663194
2663195
2663196
2663197
2663198
2663202
2663203
2663204
2663205
2663206
2663207
2663208
2663210
2663211
2663212
2663213
2663214
2663215
2663216
2663218
2663219
2663220
2663221
2663222
2663223
2663224
2663226
2663227
2663228
2663229
2663230
2663231
2663232
2663241
2663242
2663243
2663244
2663245
2663246
2663247
2663249
2663250
2663251
2663252
2663253
2663254
2663255
2663256
2663258
2663259
2663260
2663261
2663262
2663263
2663264
2663265
2663267
2663268
2663269
2663270
2663271
2663272
2663273
2663274
2663278
2663279
2663280
2663281
2663282
2663284
2663285
2663286
2663287
2663288
2663289
2663290
2663291
2663293
2663294
2663295
2663296
2663297
2663298
2663299
2663300
2663302
2663303
2663304
2663305
2663306
2663307
2663308
2663309
2663311
2663312
2663313
2663314
2663315
2663316
2663317
2663318
2663380
2663381
2663382
2663383
2663384
2663385
2663386
2663387
2663389
2663390
2663391
2663392
2663393
2663394
2663395
2663396
2663398
2663399
2663400
2663401
2663402
2663403
2663404
2663405
2663407
2663408
2663409
2663410
2663411
2663412
2663413
2663414
2663418
2663419
2663420
2663421
2663422
2663423
2663425
2663426
2663430
2663431
2663432
2663433
2663434
2663435
2663436
2663438
2663439
2663440
2663441
2663442
2663443
2663444
2663474
2663475
2663476
2663477
2663478
2663479
2663480
2663482
2663483
2663484
2663485
2663486
2663487
2663488
2663490
2663491
2663492
2663493
2663494
2663495
2663496
2663498
2663499
2663500
2663501
2663502
2663503
2663504
2663506
2663507
2663508
2663509
2663510
2663511
2663512
2663514
2663515
2663516
2663517
2663518
2663519
2663520
2663522
2663523
2663524
2663525
2663526
2663527
2663528
2663530
2663531
2663532
2663533
2663534
2663535
2663536
2663559
2663560
2663561
2663562
2663563
2663564
2663565
2663566
2663567
2663568
2663569
2663570
2663571
2663572
2663573
2663574
2663575
2663576
2663577
2663578
2663579
2663580
2663581
2663582
2663613
2663614
2663615
2663616
2663617
2663618
2663619
2663621
2663622
2663623
2663624
2663625
2663626
2663627
2663629
2663630
2663631
2663632
2663633
2663634
2663635
2663638
2663639
2663640
2663641
2663642
2663643
2663644
2663646
2663647
2663648
2663649
2663650
2663651
2663652
2663654
2663655
2663656
2663657
2663658
2663659
2663660
2663662
2663663
2663664
2663665
2663666
2663667
2663668
2663670
2663671
2663672
2663673
2663674
2663675
2663676
2663678
2663679
2663680
2663681
2663682
2663683
2663684
2663686
2663687
2663688
2663689
2663690
2663691
2663692
2663728
2663729
2663730
2663731
2663732
2663733
2663734
2663787
2663788
2663840
2663841
2663842
2663843
2663844
2663845
2663846
2663848
2663849
2663850
2663851
2663852
2663853
2663854
2663856
2663857
2663858
2663859
2663860
2663861
2663862
2663866
2663867
2663868
2663869
2663870
2663871
2663872
2663874
2663875
2663876
2663877
2663878
2663879
2663880
2663882
2663883
2663884
2663885
2663886
2663887
2663888
2663890
2663891
2663892
2663893
2663894
2663895
2663896
2663900
2663901
2663903
2663904
2663905
2663906
2663907
2663908
2663909
2663911
2663912
2663913
2663914
2663915
2663916
2663917
2663919
2663920
2663921
2663922
2663923
2663924
2663925
2663927
2663928
2663929
2663930
2663931
2663932
2663933
2663934
2663937
2663938
2663939
2663940
2663941
2663942
2663943
2663945
2663946
2663947
2663948
2663949
2663950
2663951
2663953
2663954
2663955
2663956
2663957
2663958
2663959
2663963
2663964
2663965
2663966
2663967
2663968
2663969
2663970
2663971
2663972
2663973
2663983
2663984
2663985
2663986
2663987
2663988
2663989
2663991
2663992
2663993
2663994
2663995
2663996
2663997
2663999
2664000
2664001
2664002
2664003
2664004
2664005
2664007
2664008
2664009
2664010
2664011
2664012
2664013
2664018
2664019
2664020
2664021
2664022
2664023
2664024
2664026
2664027
2664028
2664029
2664030
2664031
2664032
2664036
2664037
2664038
2664039
2664040
2664041
2664042
2664043
2664044
2664045
2664046
2664047
2664048
2664049
2664050
2664051
2664052
2664053
2664054
2664055
2664056
2664057
2664058
2664059
2664060
2664061
2664062
2664063
2664064
2664065
2664066
2664067
2664069
2664070
2664071
2664072
2664073
2664074
2664075
2664076
2664077
2664078
2664079
2664080
2664081
2664082
2664083
2664084
2664085
2664086
2664087
2664088
2664089
2664090
2664091
2664092
2664093
2664094
2664100
2664101
2664102
2664103
2664104
2664105
2664106
2664108
2664109
2664110
2664111
2664112
2664113
2664114
2664116
2664117
2664118
2664119
2664120
2664121
2664122
2664126
2664127
2664133
2664134
2664135
2664136
2664137
2664138
2664139
2664142
2664143
2664144
2664145
2664146
2664147
2664148
2664149
2664150
2664152
2664153
2664154
2664155
2664156
2664157
2664158
2664159
2664160
2664161
2664162
2664163
2664164
2664207
2664208
2664209
2664210
2664215
2664216
2664217
2664218
2664219
2664220
2664221
2664223
2664224
2664225
2664226
2664227
2664228
2664229
2664230
2664231
2664233
2664234
2664235
2664236
2664237
2664238
2664239
2664245
2664246
2664247
2664248
2664249
2664250
2664251
2664253
2664254
2664255
2664256
2664257
2664258
2664259
2664261
2664262
2664263
2664264
2664265
2664266
2664267
2664269
2664270
2664271
2664272
2664273
2664274
2664275
2664283
2664284
2664285
2664286
2664287
2664288
2664289
2664291
2664292
2664293
2664294
2664295
2664296
2664297
2664299
2664300
2664301
2664302
2664303
2664304
2664305
2664310
2664311
2664312
2664314
2664315
2664316
2664317
2664318
2664319
2664320
2664322
2664323
2664324
2664325
2664326
2664327
2664328
2664330
2664331
2664332
2664333
2664334
2664335
2664336
2664338
2664339
2664340
2664341
2664342
2664343
2664344
2664428
2664447
2664448
2664452
2664479
2664480
2664481
2664482
2664483
2664484
2664485
2664487
2664488
2664489
2664490
2664491
2664492
2664493
2664495
2664496
2664497
2664498
2664499
2664500
2664501
2664514
2664515
2664516
2664517
2664518
2664519
2664520
2664522
2664523
2664524
2664525
2664526
2664527
2664528
2664530
2664531
2664532
2664533
2664534
2664535
2664536
2664538
2664539
2664540
2664541
2664542
2664543
2664544
2664548
2664549
2664550
2664551
2664552
2664553
2664554
2664555
2664556
2664557
2664558
2664559
2664560
2664561
2664562
2664563
2664564
2664565
2664567
2664568
2664569
2664570
2664571
2664572
2664573
2664575
2664576
2664577
2664578
2664579
2664580
2664581
2664583
2664584
2664585
2664586
2664587
2664588
2664589
2664593
2664594
2664595
2664596
2664597
2664598
2664599
2664600
2664603
2664604
2664605
2664606
2664607
2664608
2664609
2664611
2664612
2664613
2664614
2664615
2664616
2664617
2664618
2664620
2664621
2664622
2664623
2664624
2664625
2664626
2664631
2664632
2664633
2664634
2664635
2664636
2664637
2664638
2664639
2664640
2664641
2664642
2664643
2664644
2664654
2664655
2664656
2664657
2664658
2664659
2664660
2664661
2664662
2664663
2664664
2664670
2664671
2664672
2664673
2664674
2664675
2664676
2664678
2664679
2664680
2664681
2664682
2664683
2664684
2664686
2664687
2664688
2664689
2664690
2664691
2664692
2664694
2664695
2664696
2664697
2664698
2664699
2664700
2664704
2664705
2664706
2664707
2664708
2664712
2664714
2664715
2664716
2664717
2664718
2664719
2664720
2664721
2664726
2664727
2664728
2664729
2664730
2664731
2664732
2664734
2664735
2664736
2664737
2664738
2664739
2664740
2664742
2664743
2664744
2664745
2664746
2664747
2664748
2664750
2664751
2664752
2664753
2664754
2664755
2664756
2664760
2664761
2664765
2664766
2664767
2664768
2664769
2664770
2664771
2664773
2664774
2664775
2664776
2664777
2664778
2664779
2664781
2664782
2664783
2664784
2664785
2664786
2664787
2664791
2664792
2664793
2664794
2664795
2664796
2664820
2664821
2664822
2664823
2664824
2664825
2664826
2664828
2664829
2664830
2664831
2664832
2664833
2664834
2664836
2664837
2664838
2664839
2664840
2664841
2664842
2664844
2664845
2664846
2664847
2664848
2664849
2664850
2664854
2664855
2664856
2664857
2664858
2664859
2664860
2664862
2664863
2664864
2664865
2664866
2664867
2664868
2664870
2664871
2664872
2664873
2664874
2664875
2664876
2664878
2664879
2664880
2664881
2664882
2664883
2664884
2664907
2664908
2664909
2664910
2664911
2664912
2664913
2664915
2664916
2664917
2664918
2664919
2664920
2664921
2664923
2664924
2664925
2664926
2664927
2664928
2664929
2664932
2664933
2664934
2664935
2664936
2664937
2664938
2664940
2664941
2664942
2664943
2664944
2664945
2664946
2664948
2664949
2664950
2664951
2664952
2664953
2664954
2664956
2664957
2664958
2664959
2664960
2664961
2664962
2664964
2664965
2664966
2664967
2664968
2664969
2664970
2664972
2664973
2664974
2664975
2664976
2664977
2664978
2664980
2664981
2664982
2664983
2664984
2664985
2664986
2664988
2664989
2664990
2664991
2664992
2664993
2664994
2665000
2665001
2665002
2665003
2665004
2665005
2665006
2665007
2665008
2665009
2665010
2665011
2665012
2665013
2665014
2665015
2665016
2665017
2665018
2665019
2665020
2665021
2665022
2665023
2665024
2665025
2665026
2665027
2665028
2665029
2665030
2665031
2665033
2665034
2665035
2665036
2665037
2665038
2665039
2665040
2665041
2665042
2665043
2665044
2665045
2665046
2665047
2665048
2665049
2665050
2665051
2665052
2665053
2665054
2665055
2665056
2665057
2665058
2665077
2665078
2665079
2665080
2665081
2665082
2665083
2665085
2665086
2665087
2665088
2665089
2665090
2665091
2665093
2665094
2665095
2665096
2665097
2665098
2665099
2665101
2665102
2665103
2665104
2665105
2665106
2665107
2665109
2665110
2665111
2665112
2665113
2665114
2665115
2665117
2665118
2665119
2665120
2665121
2665122
2665123
2665125
2665126
2665127
2665128
2665129
2665130
2665131
2665133
2665134
2665135
2665136
2665137
2665138
2665139
2665141
2665142
2665143
2665144
2665145
2665146
2665147
2665149
2665150
2665151
2665152
2665153
2665154
2665155
2665157
2665158
2665159
2665160
2665161
2665162
2665163
2665165
2665166
2665167
2665168
2665169
2665170
2665171
2665175
2665176
2665177
2665178
2665179
2665180
2665181
2665182
2665183
2665184
2665185
2665186
2665187
2665188
2665189
2665190
2665191
2665192
2665193
2665194
2665195
2665196
2665197
2665198
2665199
2665200
2665201
2665202
2665203
2665204
2665205
2665206
2665208
2665209
2665210
2665211
2665212
2665213
2665214
2665215
2665224
2665225
2665226
2665227
2665228
2665229
2665230
2665232
2665233
2665234
2665235
2665236
2665237
2665238
2665240
2665241
2665242
2665243
2665244
2665245
2665246
2665248
2665249
2665250
2665251
2665252
2665253
2665254
2665260
2665261
2665262
2665263
2665264
2665265
2665266
2665268
2665269
2665270
2665271
2665272
2665273
2665274
2665276
2665277
2665278
2665279
2665280
2665281
2665282
2665284
2665285
2665286
2665287
2665288
2665289
2665290
2665298
2665299
2665300
2665301
2665302
2665303
2665304
2665305
2665306
2665307
2665308
2665309
2665310
2665311
2665312
2665313
2665314
2665315
2665316
2665317
2665318
2665319
2665320
2665321
2665323
2665324
2665325
2665326
2665327
2665328
2665329
2665331
2665332
2665333
2665334
2665335
2665336
2665337
2665339
2665340
2665341
2665342
2665343
2665344
2665345
2665347
2665348
2665349
2665351
2665356
2665357
2665358
2665359
2665360
2665361
2665362
2665363
2665364
2665365
2665366
2665374
2665375
2665376
2665377
2665378
2665379
2665380
2665381
2665382
2665383
2665391
2665392
2665396
2665398
2665402
2665445
2665446
2665447
2665448
2665449
2665450
2665451
2665453
2665454
2665455
2665456
2665457
2665458
2665459
2665461
2665462
2665463
2665464
2665465
2665466
2665467
2665469
2665470
2665471
2665472
2665473
2665474
2665475
2665477
2665478
2665479
2665480
2665481
2665482
2665483
2665485
2665486
2665487
2665488
2665489
2665490
2665491
2665493
2665494
2665495
2665496
2665497
2665498
2665499
2665501
2665502
2665503
2665504
2665505
2665506
2665507
2665509
2665510
2665511
2665512
2665513
2665514
2665515
2665517
2665518
2665519
2665520
2665521
2665522
2665523
2665525
2665526
2665527
2665528
2665529
2665530
2665531
2665533
2665534
2665535
2665536
2665537
2665538
2665539
2665543
2665544
2665545
2665546
2665547
2665548
2665549
2665550
2665551
2665552
2665553
2665554
2665555
2665556
2665557
2665558
2665559
2665560
2665562
2665563
2665564
2665565
2665566
2665567
2665568
2665571
2665572
2665573
2665574
2665575
2665576
2665577
2665578
2665579
2665580
2665581
2665582
2665583
2665584
2665585
2665586
2665588
2665589
2665590
2665591
2665592
2665593
2665594
2665596
2665597
2665598
2665599
2665600
2665601
2665602
2665604
2665605
2665606
2665607
2665608
2665609
2665610
2665612
2665613
2665614
2665615
2665616
2665617
2665618
2665624
2665625
2665626
2665627
2665628
2665629
2665630
2665632
2665633
2665634
2665635
2665636
2665637
2665638
2665640
2665641
2665642
2665643
2665644
2665645
2665646
2665648
2665649
2665650
2665651
2665652
2665653
2665654
2665660
2665661
2665662
2665663
2665664
2665665
2665666
2665670
2665671
2665672
2665673
2665674
2665675
2665676
2665677
2665678
2665679
2665680
2665681
2665682
2665683
2665684
2665685
2665686
2665687
2665688
2665689
2665690
2665691
2665692
2665693
2665694
2665695
2665696
2665697
2665698
2665699
2665700
2665701
2665703
2665704
2665705
2665706
2665708
2665709
2665710
2665711
2665712
2665713
2665714
2665716
2665717
2665718
2665719
2665720
2665721
2665722
2665724
2665725
2665726
2665727
2665728
2665729
2665730
2665732
2665733
2665734
2665735
2665736
2665737
2665738
2665742
2665743
2665744
2665745
2665746
2665747
2665748
2665749
2665750
2665751
2665752
2665754
2665755
2665756
2665757
2665758
2665759
2665760
2665761
2665762
2665763
2665764
2665765
2665766
2665767
2665768
2665769
2665772
2665773
2665774
2665775
2665776
2665777
2665778
2665780
2665781
2665782
2665783
2665784
2665785
2665786
2665788
2665789
2665790
2665791
2665792
2665793
2665794
2665798
2665799
2665801
2665802
2665803
2665804
2665805
2665806
2665807
2665809
2665810
2665811
2665812
2665813
2665814
2665815
2665817
2665818
2665819
2665820
2665821
2665822
2665823
2665825
2665826
2665827
2665828
2665829
2665830
2665831
2665835
2665836
2665837
2665838
2665839
2665840
2665841
2665842
2665843
2665844
2665845
2665848
2665849
2665850
2665851
2665852
2665853
2665854
2665856
2665857
2665858
2665859
2665860
2665861
2665862
2665864
2665865
2665866
2665867
2665868
2665869
2665870
2665874
2665875
2665876
2665877
2665878
2665879
2665880
2665881
2665882
2665884
2665885
2665886
2665887
2665888
2665889
2665890
2665892
2665893
2665894
2665895
2665896
2665897
2665898
2665900
2665901
2665902
2665903
2665904
2665905
2665906
2665908
2665909
2665910
2665911
2665912
2665913
2665914
2665917
2665918
2665919
2665920
2665921
2665922
2665923
2665925
2665926
2665927
2665928
2665929
2665930
2665931
2665933
2665934
2665935
2665936
2665937
2665938
2665939
2665941
2665942
2665943
2665944
2665945
2665946
2665947
2665952
2665953
2665954
2665955
2665956
2665957
2665958
2665959
2665960
2665961
2665962
2665963
2665964
2665965
2665966
2665967
2665968
2665969
2665970
2665971
2665972
2665973
2665974
2665975
2665976
2665977
2665978
2665979
2665980
2665981
2665994
2665995
2666002
2666003
2666004
2666005
2666006
2666007
2666008
2666010
2666011
2666012
2666013
2666014
2666015
2666016
2666018
2666019
2666020
2666021
2666022
2666023
2666024
2666031
2666032
2666036
2666037
2666038
2666039
2666040
2666041
2666042
2666043
2666074
2666075
2666076
2666082
2666083
2666113
2666114
2666115
2666116
2666117
2666118
2666119
2666121
2666122
2666123
2666124
2666125
2666126
2666127
2666129
2666130
2666131
2666132
2666133
2666134
2666135
2666137
2666138
2666139
2666140
2666141
2666142
2666143
2666145
2666146
2666147
2666148
2666149
2666150
2666151
2666153
2666154
2666155
2666156
2666157
2666158
2666159
2666161
2666162
2666163
2666164
2666165
2666166
2666167
2666207
2666208
2666209
2666210
2666211
2666212
2666213
2666214
2666215
2666216
2666217
2666218
2666219
2666220
2666221
2666222
2666223
2666224
2666233
2666234
2666235
2666236
2666237
2666238
2666239
2666241
2666242
2666243
2666244
2666245
2666246
2666247
2666249
2666250
2666251
2666252
2666253
2666254
2666255
2666261
2666263
2666304
2666305
2666306
2666307
2666308
2666309
2666310
2666311
2666312
2666313
2666314
2666315
2666316
2666317
2666318
2666319
2666320
2666321
2666322
2666323
2666324
2666325
2666326
2666332
2666333
2666334
2666335
2666363
2666364
2666365
2666366
2666367
2666368
2666369
2666371
2666372
2666373
2666374
2666375
2666376
2666377
2666379
2666380
2666381
2666382
2666383
2666384
2666385
2666387
2666388
2666389
2666390
2666391
2666392
2666393
2666398
2666399
2666401
2666402
2666403
2666404
2666405
2666406
2666407
2666409
2666410
2666411
2666412
2666413
2666414
2666415
2666417
2666418
2666419
2666420
2666421
2666422
2666423
2666425
2666426
2666427
2666428
2666429
2666430
2666431
2666435
2666436
2666437
2666438
2666439
2666440
2666441
2666442
2666443
2666444
2666447
2666448
2666449
2666450
2666451
2666452
2666453
2666455
2666456
2666457
2666458
2666459
2666460
2666461
2666463
2666464
2666465
2666466
2666467
2666468
2666469
2666473
2666474
2666475
2666476
2666477
2666478
2666479
2666480
2666481
2666482
2666483
2666484
2666485
2666486
2666487
2666489
2666490
2666491
2666492
2666493
2666494
2666495
2666497
2666498
2666499
2666500
2666501
2666502
2666503
2666505
2666506
2666507
2666508
2666509
2666510
2666511
2666513
2666514
2666515
2666516
2666517
2666518
2666519
2666524
2666525
2666526
2666527
2666528
2666529
2666530
2666532
2666533
2666534
2666535
2666536
2666537
2666538
2666540
2666541
2666542
2666543
2666544
2666545
2666546
2666548
2666549
2666550
2666551
2666552
2666553
2666554
2666556
2666557
2666558
2666559
2666560
2666561
2666562
2666564
2666565
2666566
2666567
2666568
2666569
2666570
2666572
2666573
2666574
2666575
2666576
2666577
2666578
2666582
2666583
2666584
2666585
2666586
2666587
2666588
2666589
2666590
2666591
2666592
2666593
2666594
2666595
2666596
2666597
2666598
2666599
2666600
2666601
2666602
2666603
2666604
2666605
2666606
2666607
2666608
2666609
2666610
2666611
2666612
2666613
2666615
2666616
2666617
2666618
2666619
2666620
2666621
2666622
2666623
2666624
2666625
2666626
2666627
2666628
2666635
2666636
2666637
2666638
2666639
2666640
2666641
2666643
2666644
2666645
2666646
2666647
2666648
2666649
2666651
2666652
2666653
2666654
2666655
2666656
2666657
2666659
2666660
2666661
2666662
2666663
2666664
2666665
2666669
2666670
2666671
2666672
2666673
2666674
2666675
2666685
2666686
2666687
2666688
2666689
2666690
2666691
2666692
2666693
2666694
2666695
2666696
2666697
2666698
2666707
2666708
2666709
2666710
2666712
2666713
2666714
2666715
2666716
2666717
2666718
2666720
2666721
2666722
2666723
2666724
2666725
2666726
2666728
2666729
2666730
2666731
2666732
2666733
2666734
2666736
2666737
2666738
2666739
2666740
2666741
2666742
2666749
2666750
2666751
2666752
2666753
2666754
2666755
2666757
2666758
2666759
2666760
2666761
2666762
2666763
2666765
2666766
2666767
2666768
2666769
2666770
2666771
2666773
2666774
2666775
2666776
2666777
2666778
2666779
2666781
2666782
2666783
2666784
2666785
2666786
2666787
2666789
2666790
2666791
2666792
2666793
2666794
2666795
2666797
2666798
2666799
2666800
2666801
2666802
2666803
2666807
2666808
2666809
2666810
2666811
2666812
2666813
2666814
2666815
2666816
2666817
2666818
2666819
2666820
2666821
2666822
2666823
2666824
2666826
2666827
2666828
2666829
2666830
2666831
2666832
2666834
2666835
2666836
2666837
2666838
2666839
2666840
2666842
2666843
2666844
2666845
2666846
2666847
2666848
2666850
2666851
2666852
2666853
2666854
2666855
2666856
2666860
2666861
2666862
2666863
2666864
2666865
2666866
2666867
2666868
2666869
2666870
2666871
2666875
2666876
2666877
2666878
2666879
2666880
2666881
2666883
2666884
2666885
2666886
2666887
2666888
2666889
2666891
2666892
2666893
2666894
2666895
2666896
2666897
2666899
2666900
2666901
2666902
2666903
2666904
2666905
2666907
2666908
2666909
2666910
2666911
2666912
2666913
2666915
2666916
2666917
2666918
2666919
2666920
2666921
2666923
2666924
2666925
2666926
2666927
2666928
2666929
2666933
2666934
2666935
2666936
2666937
2666938
2666939
2666940
2666941
2666942
2666943
2666944
2666945
2666946
2666947
2666948
2666949
2666950
2666951
2666952
2666953
2666954
2666955
2666956
2666957
2666958
2666959
2666960
2666961
2666962
2666963
2666964
2666966
2666967
2666968
2666969
2666970
2666971
2666972
2666974
2666975
2666976
2666977
2666978
2666979
2666980
2666982
2666983
2666984
2666985
2666986
2666987
2666988
2666990
2666991
2666992
2666993
2666994
2666995
2666996
2667002
2667003
2667004
2667005
2667006
2667007
2667008
2667009
2667011
2667012
2667013
2667014
2667015
2667016
2667017
2667019
2667020
2667021
2667022
2667023
2667024
2667025
2667027
2667028
2667029
2667030
2667031
2667032
2667033
2667035
2667036
2667037
2667038
2667039
2667040
2667041
2667043
2667044
2667045
2667046
2667047
2667048
2667049
2667051
2667052
2667053
2667054
2667055
2667056
2667057
2667059
2667060
2667061
2667062
2667063
2667064
2667065
2667067
2667068
2667069
2667070
2667071
2667072
2667073
2667075
2667076
2667077
2667078
2667079
2667080
2667081
2667083
2667084
2667085
2667086
2667087
2667088
2667089
2667091
2667092
2667093
2667094
2667095
2667096
2667097
2667099
2667100
2667101
2667102
2667103
2667104
2667105
2667107
2667108
2667109
2667110
2667111
2667112
2667113
2667115
2667116
2667117
2667118
2667119
2667120
2667121
2667123
2667124
2667125
2667126
2667127
2667128
2667129
2667131
2667132
2667133
2667134
2667135
2667136
2667137
2667141
2667142
2667143
2667144
2667145
2667146
2667147
2667148
2667149
2667150
2667151
2667152
2667153
2667154
2667155
2667156
2667157
2667158
2667159
2667160
2667161
2667162
2667163
2667164
2667165
2667166
2667167
2667168
2667169
2667170
2667171
2667172
2667174
2667175
2667176
2667177
2667178
2667179
2667180
2667181
2667182
2667183
2667184
2667185
2667186
2667188
2667189
2667190
2667191
2667192
2667193
2667194
2667196
2667197
2667198
2667199
2667200
2667201
2667202
2667204
2667205
2667206
2667207
2667208
2667209
2667210
2667212
2667213
2667214
2667215
2667216
2667217
2667218
2667220
2667221
2667222
2667223
2667224
2667225
2667226
2667228
2667229
2667230
2667231
2667232
2667233
2667234
2667236
2667237
2667238
2667239
2667240
2667241
2667242
2667244
2667245
2667246
2667247
2667248
2667249
2667250
2667252
2667253
2667254
2667255
2667256
2667257
2667258
2667261
2667262
2667263
2667264
2667265
2667266
2667267
2667268
2667269
2667270
2667271
2667272
2667273
2667274
2667275
2667276
2667277
2667278
2667279
2667280
2667281
2667282
2667283
2667288
2667289
2667290
2667291
2667292
2667293
2667294
2667295
2667296
2667297
2667298
2667299
2667300
2667302
2667303
2667304
2667305
2667306
2667307
2667308
2667310
2667311
2667312
2667313
2667314
2667315
2667316
2667318
2667319
2667320
2667321
2667322
2667323
2667324
2667326
2667327
2667328
2667329
2667330
2667331
2667332
2667344
2667345
2667357
2667374
2667375
2667376
2667377
2667378
2667379
2667380
2667381
2667382
2667383
2667384
2667385
2667441
2667442
2667443
2667444
2667445
2667446
2667447
2667449
2667450
2667451
2667452
2667453
2667454
2667455
2667457
2667458
2667459
2667460
2667461
2667462
2667463
2667467
2667468
2667470
2667471
2667472
2667473
2667474
2667475
2667476
2667478
2667479
2667480
2667481
2667482
2667483
2667484
2667486
2667487
2667488
2667489
2667490
2667491
2667492
2667494
2667495
2667496
2667497
2667498
2667499
2667500
2667504
2667505
2667506
2667507
2667508
2667509
2667510
2667511
2667515
2667516
2667517
2667518
2667519
2667520
2667521
2667522
2667523
2667524
2667525
2667526
2667527
2667528
2667529
2667530
2667532
2667533
2667534
2667535
2667536
2667537
2667538
2667540
2667541
2667542
2667543
2667544
2667545
2667546
2667548
2667549
2667550
2667551
2667552
2667553
2667554
2667556
2667557
2667558
2667559
2667560
2667561
2667562
2667570
2667571
2667572
2667573
2667574
2667575
2667576
2667578
2667579
2667580
2667581
2667582
2667583
2667584
2667586
2667587
2667588
2667589
2667590
2667591
2667592
2667594
2667595
2667596
2667597
2667598
2667599
2667600
2667609
2667610
2667611
2667612
2667613
2667614
2667615
2667617
2667618
2667619
2667620
2667621
2667622
2667623
2667625
2667626
2667627
2667628
2667629
2667630
2667631
2667633
2667634
2667635
2667636
2667637
2667638
2667639
2667643
2667644
2667645
2667646
2667647
2667648
2667649
2667650
2667651
2667652
2667653
2667654
2667655
2667656
2667657
2667658
2667659
2667660
2667661
2667662
2667663
2667664
2667665
2667666
2667667
2667668
2667669
2667670
2667671
2667672
2667673
2667674
2667676
2667677
2667679
2667680
2667681
2667682
2667683
2667684
2667685
2667687
2667688
2667689
2667690
2667691
2667692
2667693
2667695
2667696
2667697
2667698
2667699
2667700
2667701
2667703
2667704
2667705
2667706
2667707
2667708
2667709
2667724
2667725
2667726
2667727
2667728
2667729
2667730
2667731
2667732
2667733
2667734
2667735
2667736
2667737
2667738
2667739
2667740
2667741
2667742
2667743
2667744
2667746
2667747
2667748
2667749
2667750
2667751
2667752
2667754
2667755
2667756
2667757
2667758
2667759
2667760
2667762
2667763
2667764
2667765
2667766
2667767
2667768
2667770
2667771
2667772
2667773
2667774
2667775
2667776
2667778
2667779
2667780
2667781
2667782
2667783
2667784
2667786
2667787
2667788
2667789
2667790
2667791
2667792
2667794
2667795
2667796
2667797
2667798
2667799
2667800
2667802
2667803
2667804
2667805
2667806
2667807
2667808
2667812
2667813
2667814
2667815
2667816
2667817
2667818
2667819
2667820
2667821
2667822
2667823
2667824
2667825
2667826
2667827
2667828
2667829
2667830
2667832
2667833
2667834
2667835
2667836
2667837
2667838
2667840
2667841
2667842
2667843
2667844
2667845
2667846
2667848
2667849
2667850
2667851
2667852
2667853
2667854
2667856
2667857
2667858
2667859
2667860
2667861
2667862
2667864
2667865
2667866
2667867
2667868
2667869
2667870
2667872
2667873
2667874
2667875
2667876
2667877
2667878
2667880
2667881
2667882
2667883
2667884
2667885
2667886
2667888
2667889
2667890
2667891
2667892
2667893
2667894
2667898
2667899
2667900
2667901
2667902
2667903
2667904
2667905
2667906
2667907
2667908
2667909
2667910
2667911
2667912
2667913
2667914
2667915
2667916
2667917
2667918
2667919
2667920
2667921
2667923
2667924
2667925
2667926
2667927
2667928
2667929
2667931
2667932
2667933
2667934
2667935
2667936
2667937
2667939
2667940
2667941
2667942
2667943
2667944
2667945
2667947
2667948
2667949
2667950
2667951
2667952
2667953
2667972
2667973
2667974
2667975
2667976
2667977
2667978
2667979
2667980
2667981
2667982
2667983
2667984
2667985
2667986
2667987
2667988
2667989
2667990
2667991
2667992
2667993
2667994
2667995
2667996
2667997
2667998
2667999
2668000
2668001
2668009
2668010
2668011
2668012
2668013
2668014
2668015
2668017
2668018
2668019
2668020
2668021
2668022
2668023
2668025
2668026
2668027
2668028
2668029
2668030
2668031
2668033
2668034
2668035
2668036
2668037
2668038
2668039
2668043
2668044
2668048
2668050
2668051
2668052
2668053
2668054
2668055
2668056
2668057
2668058
2668060
2668061
2668062
2668063
2668064
2668065
2668066
2668068
2668069
2668070
2668071
2668072
2668073
2668074
2668076
2668077
2668078
2668079
2668080
2668081
2668082
2668084
2668085
2668086
2668087
2668088
2668089
2668090
2668094
2668095
2668097
2668098
2668099
2668100
2668101
2668102
2668103
2668105
2668106
2668107
2668108
2668109
2668110
2668111
2668113
2668114
2668115
2668116
2668117
2668118
2668119
2668121
2668122
2668123
2668124
2668125
2668126
2668127
2668129
2668130
2668131
2668132
2668133
2668134
2668135
2668137
2668138
2668139
2668140
2668141
2668142
2668143
2668145
2668146
2668147
2668148
2668149
2668150
2668151
2668153
2668154
2668155
2668156
2668157
2668158
2668159
2668163
2668164
2668165
2668166
2668167
2668168
2668169
2668170
2668171
2668172
2668173
2668174
2668175
2668176
2668177
2668178
2668179
2668180
2668181
2668182
2668183
2668184
2668185
2668186
2668187
2668188
2668189
2668190
2668191
2668193
2668194
2668195
2668196
2668197
2668198
2668199
2668201
2668202
2668203
2668204
2668205
2668206
2668207
2668209
2668210
2668211
2668212
2668213
2668214
2668215
2668217
2668218
2668219
2668220
2668221
2668222
2668223
2668231
2668232
2668233
2668234
2668235
2668236
2668237
2668239
2668240
2668241
2668242
2668243
2668244
2668245
2668247
2668248
2668249
2668250
2668251
2668252
2668253
2668255
2668256
2668257
2668258
2668259
2668260
2668261
2668265
2668266
2668267
2668268
2668269
2668270
2668271
2668272
2668273
2668274
2668275
2668276
2668277
2668278
2668279
2668280
2668281
2668282
2668283
2668284
2668285
2668286
2668287
2668288
2668289
2668292
2668293
2668294
2668295
2668296
2668297
2668298
2668300
2668301
2668302
2668303
2668304
2668305
2668306
2668308
2668309
2668310
2668311
2668312
2668313
2668314
2668316
2668317
2668318
2668319
2668320
2668321
2668322
2668328
2668329
2668330
2668331
2668332
2668333
2668334
2668336
2668337
2668338
2668339
2668340
2668341
2668342
2668344
2668345
2668346
2668347
2668348
2668349
2668350
2668352
2668353
2668354
2668355
2668356
2668357
2668358
2668360
2668361
2668362
2668363
2668364
2668365
2668366
2668368
2668369
2668370
2668372
2668377
2668378
2668379
2668380
2668381
2668382
2668383
2668384
2668385
2668386
2668387
2668388
2668389
2668390
2668391
2668392
2668393
2668394
2668395
2668396
2668397
2668398
2668399
2668400
2668401
2668402
2668403
2668404
2668405
2668406
2668407
2668408
2668409
2668410
2668411
2668412
2668413
2668414
2668415
2668416
2668417
2668418
2668419
2668420
2668421
2668441
2668488
2668489
2668490
2668491
2668492
2668493
2668494
2668496
2668497
2668498
2668499
2668500
2668501
2668502
2668504
2668505
2668506
2668507
2668508
2668509
2668510
2668514
2668515
2668517
2668518
2668519
2668520
2668521
2668522
2668523
2668525
2668526
2668527
2668528
2668529
2668530
2668531
2668533
2668534
2668535
2668536
2668537
2668538
2668539
2668541
2668542
2668543
2668544
2668545
2668546
2668547
2668551
2668552
2668553
2668554
2668555
2668556
2668557
2668558
2668559
2668560
2668561
2668572
2668573
2668574
2668575
2668576
2668577
2668578
2668579
2668580
2668581
2668582
2668583
2668585
2668586
2668587
2668588
2668589
2668590
2668591
2668592
2668594
2668595
2668596
2668597
2668598
2668599
2668600
2668601
2668603
2668604
2668605
2668606
2668607
2668608
2668609
2668610
2668612
2668613
2668614
2668615
2668616
2668617
2668618
2668619
2668621
2668622
2668623
2668624
2668625
2668626
2668627
2668628
2668630
2668631
2668632
2668633
2668634
2668635
2668636
2668637
2668639
2668640
2668641
2668642
2668643
2668644
2668645
2668646
2668648
2668649
2668650
2668651
2668652
2668653
2668654
2668663
2668664
2668665
2668666
2668667
2668668
2668669
2668671
2668672
2668673
2668674
2668675
2668676
2668677
2668679
2668680
2668681
2668682
2668683
2668684
2668685
2668687
2668688
2668689
2668690
2668691
2668692
2668693
2668695
2668696
2668697
2668698
2668699
2668700
2668701
2668703
2668704
2668705
2668706
2668707
2668708
2668709
2668711
2668712
2668713
2668714
2668715
2668716
2668717
2668719
2668720
2668721
2668722
2668723
2668724
2668725
2668727
2668728
2668729
2668730
2668731
2668732
2668733
2668735
2668736
2668737
2668738
2668739
2668740
2668741
2668743
2668744
2668745
2668746
2668747
2668748
2668749
2668753
2668754
2668755
2668756
2668757
2668758
2668759
2668760
2668761
2668762
2668763
2668764
2668765
2668766
2668767
2668768
2668769
2668770
2668771
2668772
2668773
2668774
2668775
2668776
2668777
2668778
2668779
2668780
2668781
2668782
2668783
2668784
2668786
2668787
2668788
2668789
2668790
2668791
2668792
2668793
2668794
2668795
2668796
2668797
2668798
2668799
2668800
2668801
2668802
2668803
2668804
2668805
2668806
2668807
2668808
2668809
2668810
2668811
2668812
2668813
2668814
2668815
2668816
2668817
2668819
2668820
2668821
2668829
2668830
2668831
2668832
2668833
2668834
2668835
2668836
2668838
2668839
2668840
2668841
2668842
2668843
2668844
2668846
2668847
2668848
2668849
2668850
2668851
2668852
2668854
2668855
2668856
2668857
2668858
2668859
2668860
2668862
2668863
2668864
2668865
2668866
2668867
2668868
2668872
2668873
2668903
2668904
2668905
2668906
2668907
2668908
2668909
2668910
2668911
2668912
2668913
2668914
2668916
2668917
2668918
2668919
2668920
2668921
2668922
2668924
2668925
2668926
2668927
2668928
2668929
2668930
2668932
2668933
2668934
2668935
2668936
2668937
2668938
2668940
2668941
2668942
2668943
2668944
2668945
2668946
2668949
2668950
2668951
2668952
2668953
2668954
2668955
2668957
2668958
2668959
2668960
2668961
2668962
2668963
2668965
2668966
2668967
2668968
2668969
2668970
2668971
2668973
2668974
2668975
2668976
2668977
2668978
2668979
2668983
2668984
2668985
2668986
2668987
2668988
2668989
2668990
2668991
2668992
2668993
2668994
2668995
2668996
2668997
2668998
2668999
2669000
2669003
2669004
2669005
2669006
2669007
2669008
2669009
2669011
2669012
2669013
2669014
2669015
2669016
2669017
2669019
2669020
2669021
2669022
2669023
2669024
2669025
2669027
2669028
2669029
2669030
2669031
2669032
2669033
2669035
2669036
2669037
2669038
2669039
2669040
2669041
2669043
2669044
2669045
2669046
2669047
2669048
2669049
2669051
2669052
2669053
2669054
2669055
2669056
2669057
2669059
2669060
2669061
2669062
2669063
2669064
2669065
2669069
2669070
2669071
2669072
2669073
2669074
2669075
2669076
2669077
2669078
2669079
2669080
2669081
2669082
2669083
2669084
2669085
2669086
2669087
2669088
2669089
2669090
2669091
2669092
2669093
2669098
2669099
2669100
2669101
2669102
2669103
2669104
2669106
2669107
2669108
2669109
2669110
2669111
2669112
2669114
2669115
2669116
2669117
2669118
2669119
2669120
2669122
2669123
2669124
2669125
2669126
2669127
2669128
2669130
2669131
2669132
2669133
2669134
2669135
2669136
2669138
2669139
2669140
2669141
2669142
2669143
2669144
2669146
2669147
2669148
2669149
2669150
2669151
2669152
2669156
2669157
2669158
2669159
2669160
2669161
2669162
2669163
2669164
2669165
2669166
2669167
2669168
2669169
2669170
2669171
2669172
2669173
2669174
2669175
2669176
2669177
2669178
2669179
2669180
2669181
2669182
2669183
2669185
2669186
2669187
2669188
2669189
2669190
2669191
2669193
2669194
2669195
2669196
2669197
2669198
2669199
2669201
2669202
2669203
2669204
2669205
2669206
2669207
2669209
2669210
2669211
2669212
2669213
2669214
2669215
2669218
2669219
2669220
2669221
2669222
2669223
2669224
2669226
2669227
2669228
2669229
2669230
2669231
2669232
2669234
2669235
2669236
2669237
2669238
2669239
2669240
2669244
2669245
2669246
2669247
2669248
2669249
2669250
2669251
2669252
2669253
2669254
2669255
2669256
2669257
2669258
2669259
2669260
2669261
2669262
2669263
2669264
2669265
2669266
2669267
2669268
2669269
2669270
2669273
2669274
2669275
2669276
2669277
2669278
2669279
2669281
2669282
2669283
2669284
2669285
2669286
2669287
2669289
2669290
2669291
2669292
2669293
2669294
2669295
2669329
2669330
2669331
2669332
2669333
2669334
2669335
2669336
2669337
2669338
2669339
2669357
2669358
2669359
2669360
2669361
2669362
2669363
2669364
2669365
2669366
2669367
2669418
2669419
2669420
2669421
2669422
2669423
2669424
2669426
2669427
2669428
2669429
2669430
2669431
2669432
2669434
2669435
2669436
2669437
2669438
2669439
2669440
2669442
2669443
2669444
2669445
2669446
2669447
2669448
2669452
2669453
2669457
2669459
2669460
2669461
2669462
2669463
2669464
2669465
2669466
2669469
2669470
2669471
2669472
2669473
2669474
2669475
2669477
2669478
2669479
2669480
2669481
2669482
2669483
2669485
2669486
2669487
2669488
2669489
2669490
2669491
2669493
2669494
2669495
2669496
2669497
2669498
2669499
2669501
2669502
2669503
2669504
2669505
2669506
2669507
2669509
2669510
2669511
2669512
2669513
2669514
2669515
2669517
2669518
2669519
2669520
2669521
2669522
2669523
2669525
2669526
2669527
2669528
2669529
2669530
2669531
2669533
2669534
2669535
2669536
2669537
2669538
2669539
2669541
2669542
2669543
2669544
2669545
2669546
2669547
2669549
2669550
2669551
2669552
2669553
2669554
2669555
2669560
2669561
2669562
2669563
2669564
2669565
2669566
2669567
2669568
2669569
2669570
2669571
2669572
2669573
2669574
2669575
2669576
2669577
2669578
2669579
2669580
2669581
2669582
2669583
2669584
2669585
2669586
2669587
2669588
2669589
2669590
2669591
2669593
2669594
2669621
2669622
2669623
2669624
2669625
2669626
2669627
2669629
2669630
2669631
2669632
2669633
2669634
2669635
2669637
2669638
2669639
2669640
2669641
2669642
2669643
2669645
2669646
2669647
2669648
2669649
2669650
2669651
2669655
2669656
2669657
2669658
2669659
2669660
2669661
2669663
2669664
2669665
2669666
2669667
2669668
2669669
2669671
2669672
2669673
2669674
2669675
2669676
2669677
2669681
2669682
2669683
2669684
2669685
2669686
2669687
2669688
2669689
2669690
2669691
2669692
2669693
2669694
2669695
2669696
2669697
2669698
2669699
2669700
2669701
2669702
2669703
2669704
2669705
2669706
2669707
2669710
2669711
2669712
2669713
2669714
2669715
2669716
2669718
2669719
2669720
2669721
2669722
2669723
2669724
2669726
2669727
2669728
2669729
2669730
2669731
2669732
2669734
2669735
2669736
2669737
2669738
2669739
2669740
2669742
2669743
2669744
2669745
2669746
2669747
2669748
2669750
2669751
2669752
2669753
2669754
2669755
2669756
2669758
2669759
2669760
2669761
2669762
2669763
2669764
2669766
2669767
2669768
2669769
2669770
2669771
2669772
2669776
2669777
2669778
2669779
2669780
2669781
2669782
2669783
2669784
2669785
2669786
2669787
2669788
2669789
2669790
2669791
2669792
2669793
2669794
2669795
2669796
2669797
2669798
2669799
2669800
2669801
2669803
2669804
2669805
2669806
2669807
2669808
2669809
2669811
2669812
2669813
2669814
2669815
2669816
2669817
2669819
2669820
2669821
2669822
2669823
2669824
2669825
2669827
2669828
2669829
2669830
2669831
2669832
2669833
2669835
2669836
2669837
2669838
2669839
2669840
2669841
2669843
2669844
2669845
2669846
2669847
2669848
2669849
2669851
2669852
2669853
2669854
2669855
2669856
2669857
2669859
2669860
2669861
2669862
2669863
2669864
2669865
2669869
2669870
2669871
2669872
2669873
2669874
2669875
2669876
2669877
2669878
2669879
2669880
2669881
2669882
2669883
2669884
2669885
2669886
2669887
2669888
2669889
2669890
2669891
2669892
2669894
2669895
2669896
2669897
2669898
2669899
2669900
2669902
2669903
2669904
2669905
2669906
2669907
2669908
2669910
2669911
2669912
2669913
2669914
2669915
2669916
2669918
2669919
2669920
2669921
2669922
2669923
2669924
2669926
2669927
2669928
2669929
2669930
2669931
2669932
2669934
2669935
2669936
2669937
2669938
2669939
2669940
2669942
2669943
2669944
2669945
2669946
2669947
2669948
2669950
2669951
2669952
2669953
2669954
2669955
2669956
2669984
2669985
2669986
2669987
2669988
2669989
2669990
2669992
2669993
2669994
2669995
2669996
2669997
2669998
2670000
2670001
2670002
2670003
2670004
2670005
2670006
2670008
2670009
2670010
2670011
2670012
2670013
2670014
2670016
2670017
2670018
2670019
2670020
2670021
2670022
2670024
2670025
2670026
2670027
2670028
2670029
2670030
2670032
2670033
2670034
2670035
2670036
2670037
2670038
2670041
2670044
2670045
2670046
2670047
2670048
2670049
2670050
2670051
2670052
2670053
2670054
2670055
2670056
2670057
2670058
2670059
2670060
2670061
2670062
2670063
2670064
2670065
2670066
2670067
2670068
2670069
2670070
2670071
2670072
2670073
2670074
2670075
2670078
2670079
2670080
2670164
2670165
2670166
2670167
2670168
2670169
2670170
2670172
2670173
2670174
2670175
2670176
2670177
2670178
2670180
2670181
2670182
2670183
2670184
2670185
2670186
2670188
2670189
2670190
2670191
2670192
2670193
2670194
2670196
2670197
2670198
2670199
2670200
2670201
2670202
2670204
2670205
2670206
2670207
2670208
2670209
2670210
2670212
2670213
2670214
2670215
2670216
2670217
2670218
2670220
2670221
2670222
2670223
2670224
2670225
2670226
2670230
2670231
2670232
2670233
2670234
2670235
2670236
2670238
2670239
2670240
2670241
2670242
2670243
2670244
2670246
2670247
2670248
2670249
2670250
2670251
2670252
2670254
2670255
2670256
2670257
2670258
2670259
2670260
2670262
2670263
2670264
2670265
2670266
2670267
2670268
2670269
2670270
2670271
2670272
2670273
2670274
2670275
2670276
2670277
2670278
2670279
2670280
2670281
2670282
2670283
2670284
2670285
2670286
2670287
2670288
2670289
2670290
2670291
2670292
2670293
2670295
2670296
2670301
2670302
2670303
2670304
2670305
2670306
2670310
2670311
2670312
2670313
2670314
2670315
2670316
2670318
2670319
2670320
2670321
2670322
2670323
2670324
2670326
2670327
2670328
2670329
2670330
2670331
2670332
2670334
2670335
2670336
2670337
2670338
2670339
2670340
2670344
2670345
2670349
2670351
2670352
2670353
2670354
2670355
2670356
2670357
2670358
2670359
2670360
2670362
2670363
2670364
2670365
2670366
2670367
2670368
2670370
2670371
2670372
2670373
2670374
2670375
2670376
2670377
2670381
2670382
2670398
2670399
2670400
2670401
2670408
2670409
2670410
2670411
2670412
2670780
2671092
2671440
2671755
2672174
2672496
2673118
2673305
2673555
2673996
2674060
2674393
2674434
2674511
2674708
2675148
2676216
2676700
2677681
2681567
2682478
2683440
2685342
2686214
2687121
2687915
2688624
2689494
2690108
2690831
2691011
2691511
2692195
2692920
2693524
2694173
2694920
2695634
2696351
2697208
2698067
2698978
2699117
2699882
2700827
2702473
2703373
2704270
2705142
2706102
2706311
2706334
2706335
2706409
2706994
2707215
2707280
2707281
2707985
2709164
2709667
2709959
2710241
2711182
2711365
2712055
2712645
2713070
2713121
2713204
2713262
2713488
2714112
2714302
2714933
2716222
2717140
2717845
2718105
2718596
2718665
2718884
2719585
2719657
2719771
2719815
2719846
2719879
2719945
2719969
2720033
2720282
2720591
2720999
2721128
2721458
2721595
2721777
2722285
2722291
2722292
2722293
2722294
2722295
2722296
2722403
2722709
2722868
2722982
2723089
2723273
2723592
2723973
2724224
2724965
2725065
2725324
2725554
2725655
2725868
2726191
2726855
2727092
2728058
2728546
2728918
2729231
2729613
2729872
2730283
2730451
2730701
2730808
2730973
2731102
2731272
2731423
2736901
2736921
2736926
2736936
2736952
2736988
2737004
2737010
2737038
2737041
2737046
2737059
2737102
2737117
2737134
2737148
2737244
2737341
2737455
2737510
2737594
2737841
2738576
2738992
2740242
2742011
2743027
2748786
2749079
2751187
2751389
2751709
2751715
2751717
2751750
2751900
2752275
2752290
2752498
2752952
2753490
2753603
2753612
2753835
2753926
2754013
2754055
2754059
2754063
2754069
2754077
2754173
2754363
2754719
2755000
2755180
2755261
2755710
2756204
2757071
2758123
2759182
2760277
2761359
2762475
2763161
2763259
2763406
2763464
2763845
2764978
2768174
2769241
2771797
2771896
2771948
2771985
2772043
2772048
2772050
2772063
2772071
2772079
2772104
2772116
2772118
2772122
2772131
2772149
2772177
2772188
2772336
2772481
2772900
2773646
2774095
2775363
2776440
2777664
2778927
2780198
2781497
2782847
2784136
2785420
2786736
2788043
2789345
2791893
2794371
2795521
2795550
2795556
2795565
2795687
2795854
2795927
2795960
2796217
2796471
2796574
2796597
2796657
2797744
2797810
2797825
2798364
2799271
2799689
2799753
2799987
2801151
2802332
2803564
2804628
2805853
2807114
2808425
2809672
2812227
2813540
2813810
2814014
2814075
2814157
2814198
2814206
2814512
2814635
2814680
2814712
2814739
2817522
2818169
2818416
2820260
2821972
2822571
2823615
2824076
2824306
2824350
2824375
2824419
2824421
2824453
2824512
2824533
2824545
2824693
2824785
2824817
2824969
2825039
2825047
2825051
2825055
2825057
2825064
2825069
2825083
2825091
2825093
2825095
2825139
2825194
2825260
2825310
2825362
2825616
2825702
2825893
2825987
2826068
2826150
2826214
2826564
2826724
2826844
2826963
2827225
2827479
2827744
2827942
2828299
2828829
2828994
2829450
2829969
2830301
2830811
2831177
2831770
2831948
2832180
2832577
2832821
2832976
2834268
2834539
2834885
2835250
2835624
2836145
2836726
2837680
2838796
2839255
2839751
2840460
2840848
2841224
2842094
2842581
2842599
2843119
2843348
2843392
2843452
2843473
2843522
2843579
2843612
2843840
2844369
2844645
2844673
2844704
2844737
2846077
2846086
2846095
2846099
2846102
2846111
2846139
2846161
2846196
2846218
2846633
2847212
2847253
2847267
2847298
2847373
2847463
2847687
2848029
2848350
2848713
2849090
2849582
2849956
2850207
2850713
2850853
2851077
2851694
2851795
2852251
2852327
2852404
2852554
2852790
2853102
2853243
2853526
2853592
2853745
2853963
2854612
2854809
2855072
2855427
2856078
2856647
2857373
2858324
2858684
2859020
2859651
2860120
2860534
2861752
2862072
2862514
2862830
2864542
2865532
2865899
2866259
2866549
2867337
2867474
2867583
2867647
2867710
2867730
2867885
2868182
2868469
2868576
2869073
2869888
2870254
2870721
2871130
2871588
2871963
2872352
2872554
2872741
2872972
2873065
2873404
2873986
2876012
2877141
2878332
2879215
2879797
2882905
2883830
2884687
2885853
2886314
2886482
2886699
2886958
2887097
2887175
2887317
2888008
2888232
2888708
2889023
2889180
2889546
2890871
2892132
2892295
2892607
2892765
2892902
2893035
2893210
2893254
2893868
2894218
2894438
2894503
2894573
2894605
2894622
2894671
2895302
2895985
2896215
2896413
2897033
2898334
2898673
2899105
2899731
2900365
2900955
2901350
2901913
2902659
2903137
2903617
2904125
2904773
2905508
2906107
2906642
2906944
2907392
2907578
2908092
2908777
2909473
2911109
2912729
2913448
2913874
2915146
2916816
2917033
2917806
2918588
2919654
2920583
2921195
2921642
2922163
2923033
2925491
2926584
2927645
2928299
2928763
2928839
2929124
2929324
2929464
2930893
2931336
2931910
2932769
2933658
2934771
2935808
2936640
2937384
2938171
2938843
2939448
2940155
2940859
2941468
2941991
2943011
2943628
2944108
2944701
2945753
2946514
2948505
2949168
2950133
2951925
2953039
2954078
2954410
2954827
2955404
2956130
2956816
2957489
2958334
2958673
2958850
2959657
2960098
2960708
2961417
2962150
2962622
2962955
2963160
2963353
2964110
2964391
2965098
2965759
2967720
2968455
2970153
2970836
2970981
2971892
2972328
2972558
2972980
2973491
2973822
2974133
2974451
2974743
2974998
2975364
2975881
2975995
2976037
2976355
2976832
2977020
2977553
2977676
2977846
2978026
2978186
2978193
2978439
2979173
2979486
2979977
2980359
2980854
2981592
2982012
2982434
2982913
2983301
2984258
2984742
2985479
2985998
2987097
2987929
2988776
2989786
2991793
2993569
2994424
2995291
2996103
2996914
2997765
2998631
2999978
3000373
3000790
3001538
3003997
3004810
3005580
3006504
3007440
3008481
3009805
3009949
3010364
3010696
3010770
3011339
3011402
3011552
3011683
3011719
3011735
3011768
3011817
3011847
3011868
3011903
3011950
3012015
3012065
3012155
3012261
3012417
3012451
3012490
3012500
3012515
3012561
3012613
3012655
3012720
3012767
3012821
3013191
3013230
3013407
3013484
3013574
3013637
3013795
3013990
3014274
3014395
3014556
3014701
3014791
3014892
3015382
3015464
3015526
3015607
3015710
3015756
3015803
3015832
3015875
3016086
3016266
3016351
3016376
3016545
3017051
3017060
3017190
3017362
3017381
3017438
3017458
3017479
3017503
3017520
3017543
3017556
3017618
3017639
3017699
3017793
3018006
3018023
3018097
3018513
3021494
3022175
3022852
3023379
3023385
3024047
3024146
3025272
3025903
3026565
3027203
3029091
3030930
3030969
3031112
3031181
3031318
3031956
3032327
3032655
3032901
3033121
3033346
3033571
3033830
3034231
3034517
3034626
3035194
3035390
3035532
3036261
3036550
3036899
3037252
3037596
3038297
3038722
3039341
3040012
3040604
3041673
3042837
3043002
3043380
3044337
3044571
3045074
3045394
3045847
3046591
3048210
3048658
3050058
3050337
3050679
3051176
3051608
3051984
3052291
3052713
3053036
3053304
3053499
3053821
3054913
3055518
3056058
3056510
3056986
3057522
3057980
3058401
3058785
3059167
3059510
3059754
3060400
3060629
3061997
3062397
3062539
3062712
3062761
3062813
3062844
3062872
3062900
3062931
3062936
3062974
3063013
3063059
3063083
3063118
3064274
3064687
3064809
3064908
3065023
3065085
3065500
3065537
3065549
3065625
3065681
3065708
3065751
3065840
3065933
3066002
3066051
3066076
3066429
3066608
3066895
3067158
3067275
3067447
3067863
3068096
3068412
3068794
3069354
3069995
3070631
3071167
3071648
3072020
3072443
3072803
3073347
3075077
3075644
3076314
3078562
3079819
3082080
3083185
3085657
3088607
3090147
3094022
3095289
3098878
3102551
3107422
3108731
3109855
3110863
3111368
3112183
3112712
3115281
3117764
3119121
3120457
3123043
3124364
3127971
3129084
3130273
3132736
3133852
3134974
3137331
3139786
3141006
3144589
3145214
3147952
3149184
3149257
3149309
3149345
3149564
3150798
3152070
3152954
3152981
3153001
3153035
3153098
3153151
3153198
3153812
3155809
3157105
3157701
3158060
3158337
3158378
3159266
3159683
3160493
3162165
3162240
3162459
3162628
3162890
3163623
3164615
3165500
3166293
3166930
3167717
3167986
3168301
3168904
3169786
3170472
3171638
3172027
3172508
3172928
3174125
3174638
3176676
3177747
3179131
3179919
3181726
3182596
3183131
3183574
3184115
3184607
3185507
3186594
3187702
3188997
3190247
3191597
3193536
3194879
3196428
3197119
3199481
3201038
3202581
3203383
3204550
3205912
3208267
3209225
3209872
3210068
3210873
3212651
3213475
3215079
3217523
3218292
3220365
3221088
3221682
3222278
3223497
3224088
3224265
3224441
3224736
3226328
3226992
3227390
3228294
3228822
3229368
3229955
3230952
3231807
3232619
3234557
3235327
3236108
3236964
3237762
3238562
3239518
3241652
3245225
3245582
3245607
3245810
3246282
3246679
3246909
3247354
3247951
3248769
3249532
3249931
3250291
3250682
3251148
3251748
3252363
3253842
3255020
3256129
3256777
3257833
3259325
3259999
3262379
3263805
3265453
3267359
3269363
3270125
3271550
3273009
3273769
3274512
3275198
3276022
3276433
3277093
3277793
3278343
3279007
3279666
3280316
3283065
3283673
3284261
3284812
3285380
3285973
3286581
3288485
3288807
3289004
3289595
3290141
3290342
3290700
3291170
3291230
3292103
3292187
3317516
3318067
3319060
3319353
3319629
3320342
3320562
3320768
3321041
3321256
3321472
3321738
3321972
3322171
3322433
3322671
3323154
3323719
3324024
3324270
3324490
3324764
3324995
3325297
3325563
3325823
3326004
3326181
3326375
3326743
3326858
3326941
3327008
3327127
3327255
3327272
3327307
3327358
3327478
3327833
3327875
3327893
3328141
3328150
3328274
3328291
3328332
3328360
3328371
3328390
3328399
3328405
3328426
3328440
3328453
3328460
3328468
3328470
3328481
3328518
3328538
3328586
3328612
3328655
3328674
3328697
3328728
3328759
3328798
3328850
3328971
3329010
3329230
3329371
3329606
3330137
3330384
3330984
3331050
3331269
3331560
3331965
3332377
3332771
3333227
3333803
3334383
3334815
3335277
3335848
3336389
3336807
3338073
3339620
3340083
3340827
3341688
3342380
3343694
3344461
3345080
3345608
3346609
3347279
3347968
3348583
3349141
3349734
3350296
3350882
3351423
3351963
3352526
3353069
3353579
3354761
3357751
3358634
3359502
3360255
3362231
3363295
3364021
3364500
3365513
3365891
3366423
3366970
3367437
3367961
3368414
3369033
3369678
3370295
3371033
3372223
3373646
3374462
3374923
3375162
3375637
3376815
3378517
3378827
3379124
3379272
3380668
3381587
3382214
3382944
3383716
3383809
3383847
3383857
3383868
3383870
3383881
3383885
3383901
3383950
3383978
3384014
3384037
3384054
3384098
3384136
3384140
3384144
3384300
3384310
3384314
3384324
3384340
3384397
3384422
3384490
3384649
3384782
3384958
3385169
3385258
3385891
3385952
3386319
3386433
3386461
3386501
3386588
3386969
3387075
3387161
3387216
3387964
3388432
3388674
3388716
3388768
3389160
3389418
3389816
3389885
3389965
3389988
3390008
3390014
3390016
3390026
3390037
3390044
3390049
3390528
3390543
3390583
3390657
3390688
3390695
3390698
3390711
3390722
3390739
3390762
3390902
3390917
3390960
3391410
3391634
3391653
3391676
3391694
3391766
3391858
3391925
3391956
3391975
3392021
3392092
3392197
3392408
3392540
3392774
3393427
3393710
3394321
3394443
3394536
3394829
3395051
3395667
3395842
3396128
3396543
3396651
3396823
3396977
3397438
3397689
3397745
3398128
3398434
3398580
3398614
3398663
3398693
3398714
3398753
3398810
3398884
3398932
3399027
3399069
3399326
3399978
3400753
3401971
3403833
3406090
3406459
3407407
3409341
3410098
3410331
3410502
3410769
3411468
3411549
3411609
3411925
3412638
3413284
3414171
3415474
3418201
3419802
3420535
3421279
3421552
3423095
3423831
3424238
3426316
3426900
3427456
3427779
3428639
3429702
3430288
3430652
3431555
3432625
3433773
3434176
3434524
3435582
3436297
3436951
3437510
3437968
3438447
3439009
3439904
3440495
3441216
3441726
3442241
3442682
3442858
3443062
3443202
3443902
3445224
3446774
3447438
3448272
3448988
3449738
3450728
3452031
3453243
3454557
3455898
3457216
3458815
3459336
3459383
3459460
3459631
3459716
3459768
3459774
3459791
3459867
3460700
3460724
3460924
3460991
3461075
3461161
3461533
3461605
3461637
3461643
3461700
3461711
3461734
3461779
3461845
3462008
3462138
3463083
3463254
3463524
3463972
3464243
3464524
3464851
3465324
3466229
3467303
3468592
3471402
3472083
3472714
3472836
3473375
3474307
3474790
3475109
3475251
3475429
3476160
3476602
3477172
3477654
3477930
3478120
3478373
3478586
3478642
3478937
3479110
3479265
3479673
3479838
3480213
3480503
3481167
3482055
3482465
3483061
3483146
3483347
3483452
3483728
3483871
3484423
3484948
3484973
3485536
3485685
3485813
3486017
3489521
3490787
3493421
3495943
3497204
3498396
3499666
3502205
3503534
3504831
3506124
3508676
3509716
3509979
3510485
3510846
3511094
3511656
3511778
3511893
3511961
3512101
3512180
3512208
3512346
3512481
3512717
3512827
3512934
3513079
3513219
3513386
3513709
3514255
3514629
3515055
3515061
3515196
3515700
3515961
3516387
3517045
3517686
3517859
3518513
3519272
3519804
3521287
3521762
3522081
3522484
3522843
3523273
3523425
3523642
3523989
3524286
3524841
3524957
3525274
3525562
3526473
3527050
3527391
3527575
3527744
3527889
3528032
3528107
3528248
3528330
3528377
3528776
3528872
3528954
3529043
3529131
3529208
3529286
3529313
3529339
3529371
3529391
3529418
3529435
3529444
3529458
3529495
3529552
3529577
3529631
3529729
3529769
3529814
3529850
3529876
3529903
3529946
3530181
3530280
3530297
3530782
3530824
3531205
3531354
3531562
3531969
3532100
3532349
3532603
3533003
3533467
3534425
3534949
3536132
3537232
3537539
3538005
3538347
3538635
3539116
3539608
3540345
3540748
3540919
3541936
3543118
3543705
3544396
3544863
3546645
3547198
3547768
3548705
3548886
3549084
3549503
3549847
3550075
3550147
3550727
3550918
3551074
3551164
3551281
3551360
3551426
3551546
3552065
3552243
3552359
3552441
3552604
3552636
3552783
3552838
3552896
3552946
3553039
3553241
3553507
3553542
3553722
3554313
3555170
3556297
3558709
3559829
3560891
3561949
3562898
3563037
3564165
3569024
3570259
3571442
3572578
3573714
3574042
3574564
3575801
3576659
3577490
3578116
3578677
3579242
3579608
3579793
3579925
3580296
3580509
3580881
3581314
3581880
3582497
3583028
3583484
3583890
3585019
3585808
3586170
3586736
3587093
3587254
3587542
3587581
3587631
3587649
3587659
3587691
3587708
3587750
3587794
3588418
3588524
3589032
3589416
3589507
3589539
3589577
3589618
3589655
3589704
3589733
3589799
3589853
3589854
3590198
3590699
3590937
3591027
3591073
3591121
3591194
3591306
3591342
3591404
3591513
3591549
3591560
3591631
3591668
3591692
3591787
3591870
3591928
3592026
3592098
3592221
3592284
3592369
3592582
3593178
3593365
3593400
3593954
3594134
3594445
3594492
3594525
3594627
3594662
3594787
3594884
3594921
3594937
3595062
3595064
3595066
3595082
3595087
3595100
3595173
3595395
3595587
3595621
3595667
3595787
3596032
3596234
3596677
3596963
3597244
3597421
3598169
3598218
3598647
3599096
3599313
3599639
3599703
3601056
3601639
3602352
3603227
3603896
3604364
3604402
3604832
3605156
3607640
3608418
3609273
3610208
3610883
3611943
3612612
3613764
3615708
3616503
3617142
3617415
3617898
3618444
3618808
3619258
3620265
3620757
3621482
3622423
3623210
3624015
3625900
3626936
3627779
3628758
3629646
3630399
3631038
3631687
3632690
3633429
3634110
3634821
3635568
3636219
3637578
3638147
3638772
3639182
3639781
3640325
3640842
3641942
3642555
3643170
3643668
3644060
3645019
3645603
3646170
3646700
3646874
3646926
3647101
3647373
3647636
3647700
3647791
3647795
3648093
3648183
3648558
3649007
3649166
3650103
3650555
3650892
3651114
3651408
3653130
3654423
3655248
3656216
3656305
3657531
3658740
3658822
3659627
3659762
3660409
3660716
3661733
3662017
3662566
3663587
3665889
3666820
3668330
3668777
3668783
3669258
3670232
3670589
3670877
3671076
3672151
3673217
3673721
3674290
3674746
3675013
3675136
3675242
3675270
3675470
3675587
3675893
3676056
3677293
3678050
3679037
3681372
3682099
3682819
3684137
3684651
3685228
3685466
3685647
3685837
3686112
3686321
3686663
3687470
3687897
3689024
3690220
3690299
3691587
3691893
3692127
3692534
3692995
3693707
3694101
3694593
3695229
3697000
3697831
3698589
3699430
3700224
3701009
3701924
3702779
3703714
3704544
3705343
3707539
3708797
3710093
3710719
3711152
3711360
3711523
3711736
3711830
3712428
3712501
3712862
3712924
3712947
3712952
3712987
3713103
3713258
3713439
3713590
3713651
3714566
3714778
3715152
3715423
3715770
3715944
3716155
3716546
3716734
3717023
3717304
3717843
3718091
3718777
3719218
3719534
3723185
3724472
3725577
3726012
3726407
3726720
3726964
3727236
3727577
3727970
3728513
3729136
3729653
3730041
3730516
3731413
3731571
3732901
3734241
3736516
3737088
3738377
3739671
3741043
3742455
3743761
3746440
3747750
3749034
3750278
3751452
3752724
3753996
3755256
3756578
3757649
3758773
3759665
3760442
3760919
3761113
3761359
3761813
3764213
3764976
3765584
3766371
3766931
3767292
3767809
3768176
3768740
3769768
3769871
3770381
3771014
3771891
3771943
3771979
3772134
3772619
3772735
3773047
3773213
3773703
3774620
3775010
3775155
3775450
3776207
3776446
3776537
3776581
3776715
3777212
3777377
3777703
3778098
3778320
3778728
